"../../../Engine/Plugins/2D/Paper2D/Content/PlaceholderTextures/DummySpriteTexture.ubulk" 0
"../../../Engine/Plugins/2D/Paper2D/Content/PlaceholderTextures/DummySpriteTexture.uasset" 1
"../../../Engine/Plugins/2D/Paper2D/Content/PlaceholderTextures/DummySpriteTexture.uexp" 2
"../../../Engine/Plugins/2D/Paper2D/Content/DummySprite.uasset" 3
"../../../Engine/Plugins/2D/Paper2D/Content/DummySprite.uexp" 4
"../../../Engine/Plugins/2D/Paper2D/Content/DefaultPaperTerrainMaterial.uasset" 5
"../../../Engine/Plugins/2D/Paper2D/Content/DefaultPaperTerrainMaterial.uexp" 6
"../../../Engine/Plugins/Animation/ACLPlugin/Content/ACLAnimBoneCompressionSettings.uasset" 7
"../../../Engine/Plugins/Animation/ACLPlugin/Content/ACLAnimBoneCompressionSettings.uexp" 8
"../../../Engine/Plugins/Animation/ACLPlugin/Content/ACLAnimCurveCompressionSettings.uasset" 9
"../../../Engine/Plugins/Animation/ACLPlugin/Content/ACLAnimCurveCompressionSettings.uexp" 10
"../../../Engine/Content/Animation/DefaultRecorderBoneCompression.uasset" 11
"../../../Engine/Content/Animation/DefaultRecorderBoneCompression.uexp" 12
"../../../Engine/Content/Animation/DefaultVariableFrameStrippingSettings.uasset" 13
"../../../Engine/Content/Animation/DefaultVariableFrameStrippingSettings.uexp" 14
"../../../Engine/Content/EngineFonts/Faces/DroidSansFallback.uexp" 15
"../../../Engine/Content/EngineFonts/Faces/DroidSansFallback.uasset" 16
"../../../Engine/Content/EngineFonts/Faces/DroidSansFallback.ufont" 17
"../../../Engine/Content/EngineFonts/Faces/RobotoBold.uexp" 18
"../../../Engine/Content/EngineFonts/Faces/RobotoBold.uasset" 19
"../../../Engine/Content/EngineFonts/Faces/RobotoBold.ufont" 20
"../../../Engine/Content/EngineFonts/Faces/RobotoBoldItalic.uexp" 21
"../../../Engine/Content/EngineFonts/Faces/RobotoBoldItalic.uasset" 22
"../../../Engine/Content/EngineFonts/Faces/RobotoBoldItalic.ufont" 23
"../../../Engine/Content/EngineFonts/Faces/RobotoItalic.uexp" 24
"../../../Engine/Content/EngineFonts/Faces/RobotoItalic.uasset" 25
"../../../Engine/Content/EngineFonts/Faces/RobotoItalic.ufont" 26
"../../../Engine/Content/EngineFonts/Faces/RobotoLight.uexp" 27
"../../../Engine/Content/EngineFonts/Faces/RobotoLight.uasset" 28
"../../../Engine/Content/EngineFonts/Faces/RobotoLight.ufont" 29
"../../../Engine/Content/EngineFonts/Faces/RobotoRegular.uexp" 30
"../../../Engine/Content/EngineFonts/Faces/RobotoRegular.uasset" 31
"../../../Engine/Content/EngineFonts/Faces/RobotoRegular.ufont" 32
"../../../Engine/Content/EngineFonts/Roboto.uasset" 33
"../../../Engine/Content/EngineFonts/Roboto.uexp" 34
"../../../Engine/Content/EngineMaterials/DefaultDestructiblePhysicalMaterial.uasset" 35
"../../../Engine/Content/EngineMaterials/DefaultDestructiblePhysicalMaterial.uexp" 36
"../../../Engine/Content/EngineMaterials/DefaultPhysicalMaterial.uasset" 37
"../../../Engine/Content/EngineMaterials/DefaultPhysicalMaterial.uexp" 38
"../../../Engine/Content/EngineSounds/Master.uasset" 39
"../../../Engine/Content/EngineSounds/Master.uexp" 40
"../../../Engine/Plugins/Animation/ControlRig/Content/Controls/DefaultGizmoLibraryNormalized.uasset" 41
"../../../Engine/Plugins/Animation/ControlRig/Content/Controls/DefaultGizmoLibraryNormalized.uexp" 42
"../../../Engine/Plugins/Interchange/Runtime/Content/Pipelines/DefaultAssetsPipeline.uasset" 43
"../../../Engine/Plugins/Interchange/Runtime/Content/Pipelines/DefaultAssetsPipeline.uexp" 44
"../../../Engine/Plugins/Interchange/Runtime/Content/Pipelines/DefaultAudioPipeline.uasset" 45
"../../../Engine/Plugins/Interchange/Runtime/Content/Pipelines/DefaultAudioPipeline.uexp" 46
"../../../Engine/Plugins/Interchange/Runtime/Content/Pipelines/DefaultGLTFAssetsPipeline.uasset" 47
"../../../Engine/Plugins/Interchange/Runtime/Content/Pipelines/DefaultGLTFAssetsPipeline.uexp" 48
"../../../Engine/Plugins/Interchange/Runtime/Content/Pipelines/DefaultGLTFPipeline.uasset" 49
"../../../Engine/Plugins/Interchange/Runtime/Content/Pipelines/DefaultGLTFPipeline.uexp" 50
"../../../Engine/Plugins/Interchange/Runtime/Content/Pipelines/DefaultGLTFSceneAssetsPipeline.uasset" 51
"../../../Engine/Plugins/Interchange/Runtime/Content/Pipelines/DefaultGLTFSceneAssetsPipeline.uexp" 52
"../../../Engine/Plugins/Interchange/Runtime/Content/Pipelines/DefaultMaterialPipeline.uasset" 53
"../../../Engine/Plugins/Interchange/Runtime/Content/Pipelines/DefaultMaterialPipeline.uexp" 54
"../../../Engine/Plugins/Interchange/Runtime/Content/Pipelines/DefaultMaterialXPipeline.uasset" 55
"../../../Engine/Plugins/Interchange/Runtime/Content/Pipelines/DefaultMaterialXPipeline.uexp" 56
"../../../Engine/Plugins/Interchange/Runtime/Content/Pipelines/DefaultSceneAssetsPipeline.uasset" 57
"../../../Engine/Plugins/Interchange/Runtime/Content/Pipelines/DefaultSceneAssetsPipeline.uexp" 58
"../../../Engine/Content/MobileResources/HUD/VirtualJoystick_Background.uasset" 59
"../../../Engine/Content/MobileResources/HUD/VirtualJoystick_Background.uexp" 60
"../../../Engine/Content/MobileResources/HUD/VirtualJoystick_Thumb.uasset" 61
"../../../Engine/Content/MobileResources/HUD/VirtualJoystick_Thumb.uexp" 62
"../../../Engine/Content/MobileResources/HUD/DefaultVirtualJoysticks.uasset" 63
"../../../Engine/Content/MobileResources/HUD/DefaultVirtualJoysticks.uexp" 64
"../../../Engine/Content/Functions/Engine_MaterialFunctions02/WorldPositionOffset/CameraOffset.uasset" 65
"../../../Engine/Content/Functions/Engine_MaterialFunctions02/WorldPositionOffset/CameraOffset.uexp" 66
"../../../Engine/Plugins/Animation/ControlRig/Content/M_Manip.uasset" 67
"../../../Engine/Plugins/Animation/ControlRig/Content/M_Manip.uexp" 68
"../../../Engine/Plugins/2D/Paper2D/Content/DefaultSpriteMaterial.uasset" 69
"../../../Engine/Plugins/2D/Paper2D/Content/DefaultSpriteMaterial.uexp" 70
"../../../Engine/Plugins/2D/Paper2D/Content/MaskedUnlitSpriteMaterial.uasset" 71
"../../../Engine/Plugins/2D/Paper2D/Content/MaskedUnlitSpriteMaterial.uexp" 72
"../../../Engine/Plugins/2D/Paper2D/Content/OpaqueUnlitSpriteMaterial.uasset" 73
"../../../Engine/Plugins/2D/Paper2D/Content/OpaqueUnlitSpriteMaterial.uexp" 74
"../../../Engine/Content/Functions/Engine_MaterialFunctions02/Texturing/CustomRotator.uasset" 75
"../../../Engine/Content/Functions/Engine_MaterialFunctions02/Texturing/CustomRotator.uexp" 76
"C:/Users/Antonio/Documents/Unreal Projects/MC/Plugins/glTFRuntime/Content/MF_GetTexCoords.uasset" 77
"C:/Users/Antonio/Documents/Unreal Projects/MC/Plugins/glTFRuntime/Content/MF_GetTexCoords.uexp" 78
"C:/Users/Antonio/Documents/Unreal Projects/MC/Plugins/glTFRuntime/Content/T_glTFRuntimeOne_sRGB.uasset" 79
"C:/Users/Antonio/Documents/Unreal Projects/MC/Plugins/glTFRuntime/Content/T_glTFRuntimeOne_sRGB.uexp" 80
"C:/Users/Antonio/Documents/Unreal Projects/MC/Plugins/glTFRuntime/Content/MF_GetBaseColorAndOpacity.uasset" 81
"C:/Users/Antonio/Documents/Unreal Projects/MC/Plugins/glTFRuntime/Content/MF_GetBaseColorAndOpacity.uexp" 82
"C:/Users/Antonio/Documents/Unreal Projects/MC/Plugins/glTFRuntime/Content/MF_GetEmissive.uasset" 83
"C:/Users/Antonio/Documents/Unreal Projects/MC/Plugins/glTFRuntime/Content/MF_GetEmissive.uexp" 84
"C:/Users/Antonio/Documents/Unreal Projects/MC/Plugins/glTFRuntime/Content/T_glTFRuntimeOne.uasset" 85
"C:/Users/Antonio/Documents/Unreal Projects/MC/Plugins/glTFRuntime/Content/T_glTFRuntimeOne.uexp" 86
"C:/Users/Antonio/Documents/Unreal Projects/MC/Plugins/glTFRuntime/Content/MF_GetMetallicRoughness.uasset" 87
"C:/Users/Antonio/Documents/Unreal Projects/MC/Plugins/glTFRuntime/Content/MF_GetMetallicRoughness.uexp" 88
"C:/Users/Antonio/Documents/Unreal Projects/MC/Plugins/glTFRuntime/Content/T_glTFRuntimeNormal.uasset" 89
"C:/Users/Antonio/Documents/Unreal Projects/MC/Plugins/glTFRuntime/Content/T_glTFRuntimeNormal.uexp" 90
"../../../Engine/Content/Functions/Engine_MaterialFunctions02/Utility/MakeFloat3.uasset" 91
"../../../Engine/Content/Functions/Engine_MaterialFunctions02/Utility/MakeFloat3.uexp" 92
"C:/Users/Antonio/Documents/Unreal Projects/MC/Plugins/glTFRuntime/Content/MF_GetNormal.uasset" 93
"C:/Users/Antonio/Documents/Unreal Projects/MC/Plugins/glTFRuntime/Content/MF_GetNormal.uexp" 94
"C:/Users/Antonio/Documents/Unreal Projects/MC/Plugins/glTFRuntime/Content/MF_GetOcclusion.uasset" 95
"C:/Users/Antonio/Documents/Unreal Projects/MC/Plugins/glTFRuntime/Content/MF_GetOcclusion.uexp" 96
"C:/Users/Antonio/Documents/Unreal Projects/MC/Plugins/glTFRuntime/Content/MF_GetSpecular.uasset" 97
"C:/Users/Antonio/Documents/Unreal Projects/MC/Plugins/glTFRuntime/Content/MF_GetSpecular.uexp" 98
"C:/Users/Antonio/Documents/Unreal Projects/MC/Plugins/glTFRuntime/Content/MF_GetPBR.uasset" 99
"C:/Users/Antonio/Documents/Unreal Projects/MC/Plugins/glTFRuntime/Content/MF_GetPBR.uexp" 100
"C:/Users/Antonio/Documents/Unreal Projects/MC/Plugins/glTFRuntime/Content/M_ClearCoat_glTFRuntimeBase.uasset" 101
"C:/Users/Antonio/Documents/Unreal Projects/MC/Plugins/glTFRuntime/Content/M_ClearCoat_glTFRuntimeBase.uexp" 102
"C:/Users/Antonio/Documents/Unreal Projects/MC/Plugins/glTFRuntime/Content/M_ClearCoat_glTFRuntimeTranslucent_Inst.uasset" 103
"C:/Users/Antonio/Documents/Unreal Projects/MC/Plugins/glTFRuntime/Content/M_ClearCoat_glTFRuntimeTranslucent_Inst.uexp" 104
"C:/Users/Antonio/Documents/Unreal Projects/MC/Plugins/glTFRuntime/Content/M_ClearCoat_glTFRuntimeTwoSidedTranslucent_Inst.uasset" 105
"C:/Users/Antonio/Documents/Unreal Projects/MC/Plugins/glTFRuntime/Content/M_ClearCoat_glTFRuntimeTwoSidedTranslucent_Inst.uexp" 106
"C:/Users/Antonio/Documents/Unreal Projects/MC/Plugins/glTFRuntime/Content/M_ClearCoat_glTFRuntimeTwoSided_Inst.uasset" 107
"C:/Users/Antonio/Documents/Unreal Projects/MC/Plugins/glTFRuntime/Content/M_ClearCoat_glTFRuntimeTwoSided_Inst.uexp" 108
"C:/Users/Antonio/Documents/Unreal Projects/MC/Plugins/glTFRuntime/Content/M_glTFRuntimeBase.uasset" 109
"C:/Users/Antonio/Documents/Unreal Projects/MC/Plugins/glTFRuntime/Content/M_glTFRuntimeBase.uexp" 110
"C:/Users/Antonio/Documents/Unreal Projects/MC/Plugins/glTFRuntime/Content/M_glTFRuntimeMasked_Inst.uasset" 111
"C:/Users/Antonio/Documents/Unreal Projects/MC/Plugins/glTFRuntime/Content/M_glTFRuntimeMasked_Inst.uexp" 112
"C:/Users/Antonio/Documents/Unreal Projects/MC/Plugins/glTFRuntime/Content/M_glTFRuntimeTranslucent_Inst.uasset" 113
"C:/Users/Antonio/Documents/Unreal Projects/MC/Plugins/glTFRuntime/Content/M_glTFRuntimeTranslucent_Inst.uexp" 114
"C:/Users/Antonio/Documents/Unreal Projects/MC/Plugins/glTFRuntime/Content/M_glTFRuntimeTwoSidedMasked_Inst.uasset" 115
"C:/Users/Antonio/Documents/Unreal Projects/MC/Plugins/glTFRuntime/Content/M_glTFRuntimeTwoSidedMasked_Inst.uexp" 116
"C:/Users/Antonio/Documents/Unreal Projects/MC/Plugins/glTFRuntime/Content/M_glTFRuntimeTwoSidedTranslucent_Inst.uasset" 117
"C:/Users/Antonio/Documents/Unreal Projects/MC/Plugins/glTFRuntime/Content/M_glTFRuntimeTwoSidedTranslucent_Inst.uexp" 118
"C:/Users/Antonio/Documents/Unreal Projects/MC/Plugins/glTFRuntime/Content/M_glTFRuntimeTwoSided_Inst.uasset" 119
"C:/Users/Antonio/Documents/Unreal Projects/MC/Plugins/glTFRuntime/Content/M_glTFRuntimeTwoSided_Inst.uexp" 120
"../../../Engine/Content/Functions/Engine_MaterialFunctions02/Utility/BreakOutFloat3Components.uasset" 121
"../../../Engine/Content/Functions/Engine_MaterialFunctions02/Utility/BreakOutFloat3Components.uexp" 122
"C:/Users/Antonio/Documents/Unreal Projects/MC/Plugins/glTFRuntime/Content/MF_GetMaxComponent.uasset" 123
"C:/Users/Antonio/Documents/Unreal Projects/MC/Plugins/glTFRuntime/Content/MF_GetMaxComponent.uexp" 124
"C:/Users/Antonio/Documents/Unreal Projects/MC/Plugins/glTFRuntime/Content/MF_BaseColorFromDSM.uasset" 125
"C:/Users/Antonio/Documents/Unreal Projects/MC/Plugins/glTFRuntime/Content/MF_BaseColorFromDSM.uexp" 126
"C:/Users/Antonio/Documents/Unreal Projects/MC/Plugins/glTFRuntime/Content/MF_GetPerceivedBrightness.uasset" 127
"C:/Users/Antonio/Documents/Unreal Projects/MC/Plugins/glTFRuntime/Content/MF_GetPerceivedBrightness.uexp" 128
"C:/Users/Antonio/Documents/Unreal Projects/MC/Plugins/glTFRuntime/Content/MF_SolveMetallicFromSpecular.uasset" 129
"C:/Users/Antonio/Documents/Unreal Projects/MC/Plugins/glTFRuntime/Content/MF_SolveMetallicFromSpecular.uexp" 130
"C:/Users/Antonio/Documents/Unreal Projects/MC/Plugins/glTFRuntime/Content/M_glTFRuntime_SG_Base.uasset" 131
"C:/Users/Antonio/Documents/Unreal Projects/MC/Plugins/glTFRuntime/Content/M_glTFRuntime_SG_Base.uexp" 132
"C:/Users/Antonio/Documents/Unreal Projects/MC/Plugins/glTFRuntime/Content/M_glTFRuntime_SG_Translucent_Inst.uasset" 133
"C:/Users/Antonio/Documents/Unreal Projects/MC/Plugins/glTFRuntime/Content/M_glTFRuntime_SG_Translucent_Inst.uexp" 134
"C:/Users/Antonio/Documents/Unreal Projects/MC/Plugins/glTFRuntime/Content/M_glTFRuntime_SG_TwoSidedTranslucent_Inst.uasset" 135
"C:/Users/Antonio/Documents/Unreal Projects/MC/Plugins/glTFRuntime/Content/M_glTFRuntime_SG_TwoSidedTranslucent_Inst.uexp" 136
"C:/Users/Antonio/Documents/Unreal Projects/MC/Plugins/glTFRuntime/Content/M_glTFRuntime_SG_Twosided_Inst.uasset" 137
"C:/Users/Antonio/Documents/Unreal Projects/MC/Plugins/glTFRuntime/Content/M_glTFRuntime_SG_Twosided_Inst.uexp" 138
"C:/Users/Antonio/Documents/Unreal Projects/MC/Plugins/glTFRuntime/Content/M_Transmission_glTFRuntimeBase.uasset" 139
"C:/Users/Antonio/Documents/Unreal Projects/MC/Plugins/glTFRuntime/Content/M_Transmission_glTFRuntimeBase.uexp" 140
"C:/Users/Antonio/Documents/Unreal Projects/MC/Plugins/glTFRuntime/Content/M_Transmission_glTFRuntimeTwoSided_Inst.uasset" 141
"C:/Users/Antonio/Documents/Unreal Projects/MC/Plugins/glTFRuntime/Content/M_Transmission_glTFRuntimeTwoSided_Inst.uexp" 142
"C:/Users/Antonio/Documents/Unreal Projects/MC/Plugins/glTFRuntime/Content/M_Unlit_glTFRuntimeBase.uasset" 143
"C:/Users/Antonio/Documents/Unreal Projects/MC/Plugins/glTFRuntime/Content/M_Unlit_glTFRuntimeBase.uexp" 144
"C:/Users/Antonio/Documents/Unreal Projects/MC/Plugins/glTFRuntime/Content/M_Unlit_glTFRuntimeMasked_Inst.uasset" 145
"C:/Users/Antonio/Documents/Unreal Projects/MC/Plugins/glTFRuntime/Content/M_Unlit_glTFRuntimeMasked_Inst.uexp" 146
"C:/Users/Antonio/Documents/Unreal Projects/MC/Plugins/glTFRuntime/Content/M_Unlit_glTFRuntimeTranslucent_Inst.uasset" 147
"C:/Users/Antonio/Documents/Unreal Projects/MC/Plugins/glTFRuntime/Content/M_Unlit_glTFRuntimeTranslucent_Inst.uexp" 148
"C:/Users/Antonio/Documents/Unreal Projects/MC/Plugins/glTFRuntime/Content/M_Unlit_glTFRuntimeTwoSidedMasked_Inst.uasset" 149
"C:/Users/Antonio/Documents/Unreal Projects/MC/Plugins/glTFRuntime/Content/M_Unlit_glTFRuntimeTwoSidedMasked_Inst.uexp" 150
"C:/Users/Antonio/Documents/Unreal Projects/MC/Plugins/glTFRuntime/Content/M_Unlit_glTFRuntimeTwoSidedTranslucent_Inst.uasset" 151
"C:/Users/Antonio/Documents/Unreal Projects/MC/Plugins/glTFRuntime/Content/M_Unlit_glTFRuntimeTwoSidedTranslucent_Inst.uexp" 152
"C:/Users/Antonio/Documents/Unreal Projects/MC/Plugins/glTFRuntime/Content/M_Unlit_glTFRuntimeTwoSided_Inst.uasset" 153
"C:/Users/Antonio/Documents/Unreal Projects/MC/Plugins/glTFRuntime/Content/M_Unlit_glTFRuntimeTwoSided_Inst.uexp" 154
"C:/Users/Antonio/Documents/Unreal Projects/MC/Plugins/glTFRuntime/Content/T_glTFRuntimeZero.uasset" 155
"C:/Users/Antonio/Documents/Unreal Projects/MC/Plugins/glTFRuntime/Content/T_glTFRuntimeZero.uexp" 156
"C:/Users/Antonio/Documents/Unreal Projects/MC/Plugins/glTFRuntime/Content/T_glTFRuntimeZero_sRGB.uasset" 157
"C:/Users/Antonio/Documents/Unreal Projects/MC/Plugins/glTFRuntime/Content/T_glTFRuntimeZero_sRGB.uexp" 158
"../../../Engine/Content/BasicShapes/BasicShapeMaterial.uasset" 159
"../../../Engine/Content/BasicShapes/BasicShapeMaterial.uexp" 160
"../../../Engine/Content/EngineMaterials/T_Default_Material_Grid_M.ubulk" 161
"../../../Engine/Content/EngineMaterials/T_Default_Material_Grid_M.uasset" 162
"../../../Engine/Content/EngineMaterials/T_Default_Material_Grid_M.uexp" 163
"../../../Engine/Content/EngineMaterials/T_Default_Material_Grid_N.ubulk" 164
"../../../Engine/Content/EngineMaterials/T_Default_Material_Grid_N.uasset" 165
"../../../Engine/Content/EngineMaterials/T_Default_Material_Grid_N.uexp" 166
"../../../Engine/Content/Functions/Engine_MaterialFunctions01/Opacity/CameraDepthFade.uasset" 167
"../../../Engine/Content/Functions/Engine_MaterialFunctions01/Opacity/CameraDepthFade.uexp" 168
"../../../Engine/Content/EngineMaterials/WorldGridMaterial.uasset" 169
"../../../Engine/Content/EngineMaterials/WorldGridMaterial.uexp" 170
"../../../Engine/Plugins/Media/MediaPlate/Content/SM_MediaPlateScreen.ubulk" 171
"../../../Engine/Plugins/Media/MediaPlate/Content/SM_MediaPlateScreen.uasset" 172
"../../../Engine/Plugins/Media/MediaPlate/Content/SM_MediaPlateScreen.uexp" 173
"../../../Engine/Plugins/NNE/NNEDenoiser/Content/NNEDIM_ColorAlbedoNormal_Alpha.uasset" 174
"../../../Engine/Plugins/NNE/NNEDenoiser/Content/NNEDIM_ColorAlbedoNormal_Alpha.uexp" 175
"../../../Engine/Plugins/NNE/NNEDenoiser/Content/NNEDIM_ColorAlbedoNormal_Default.uasset" 176
"../../../Engine/Plugins/NNE/NNEDenoiser/Content/NNEDIM_ColorAlbedoNormal_Default.uexp" 177
"../../../Engine/Content/EngineMaterials/DefaultMaterial.uasset" 178
"../../../Engine/Content/EngineMaterials/DefaultMaterial.uexp" 179
"../../../Engine/Content/BasicShapes/Cone.ubulk" 180
"../../../Engine/Content/BasicShapes/Cone.uasset" 181
"../../../Engine/Content/BasicShapes/Cone.uexp" 182
"../../../Engine/Plugins/NNE/NNEDenoiser/Content/NNEDIM_HighQuality_Alpha.uasset" 183
"../../../Engine/Plugins/NNE/NNEDenoiser/Content/NNEDIM_HighQuality_Alpha.uexp" 184
"../../../Engine/Plugins/NNE/NNEDenoiser/Content/NNEDIM_HighQuality_Default.uasset" 185
"../../../Engine/Plugins/NNE/NNEDenoiser/Content/NNEDIM_HighQuality_Default.uexp" 186
"../../../Engine/Plugins/NNE/NNEDenoiser/Content/NNEDOM_Output_Alpha.uasset" 187
"../../../Engine/Plugins/NNE/NNEDenoiser/Content/NNEDOM_Output_Alpha.uexp" 188
"../../../Engine/Plugins/NNE/NNEDenoiser/Content/NNEDOM_Output_Default.uasset" 189
"../../../Engine/Plugins/NNE/NNEDenoiser/Content/NNEDOM_Output_Default.uexp" 190
"../../../Engine/Plugins/NNE/NNEDenoiser/Content/NNEDTIM_ColorAlbedoNormal_Alpha.uasset" 191
"../../../Engine/Plugins/NNE/NNEDenoiser/Content/NNEDTIM_ColorAlbedoNormal_Alpha.uexp" 192
"../../../Engine/Plugins/NNE/NNEDenoiser/Content/NNEDTIM_ColorAlbedoNormal_Default.uasset" 193
"../../../Engine/Plugins/NNE/NNEDenoiser/Content/NNEDTIM_ColorAlbedoNormal_Default.uexp" 194
"../../../Engine/Plugins/NNE/NNEDenoiser/Content/NNEDTOM_Output_Alpha.uasset" 195
"../../../Engine/Plugins/NNE/NNEDenoiser/Content/NNEDTOM_Output_Alpha.uexp" 196
"../../../Engine/Content/BasicShapes/Cube.ubulk" 197
"../../../Engine/Content/BasicShapes/Cube.uasset" 198
"../../../Engine/Content/BasicShapes/Cube.uexp" 199
"../../../Engine/Plugins/NNE/NNEDenoiser/Content/NNEDTOM_Output_Default.uasset" 200
"../../../Engine/Plugins/NNE/NNEDenoiser/Content/NNEDTOM_Output_Default.uexp" 201
"../../../Engine/Plugins/NNE/NNEDenoiser/Content/NNEDT_Oidn2-3_Balanced.uasset" 202
"../../../Engine/Plugins/NNE/NNEDenoiser/Content/NNEDT_Oidn2-3_Balanced.uexp" 203
"../../../Engine/Plugins/NNE/NNEDenoiser/Content/NNEDT_Oidn2-3_Balanced_Alpha.uasset" 204
"../../../Engine/Plugins/NNE/NNEDenoiser/Content/NNEDT_Oidn2-3_Balanced_Alpha.uexp" 205
"../../../Engine/Plugins/NNE/NNEDenoiser/Content/NNED_Oidn2-3_Balanced.uasset" 206
"../../../Engine/Plugins/NNE/NNEDenoiser/Content/NNED_Oidn2-3_Balanced.uexp" 207
"../../../Engine/Plugins/NNE/NNEDenoiser/Content/NNED_Oidn2-3_Balanced_Alpha.uasset" 208
"../../../Engine/Plugins/NNE/NNEDenoiser/Content/NNED_Oidn2-3_Balanced_Alpha.uexp" 209
"../../../Engine/Plugins/NNE/NNEDenoiser/Content/NNED_Oidn2-3_Fast.uasset" 210
"../../../Engine/Plugins/NNE/NNEDenoiser/Content/NNED_Oidn2-3_Fast.uexp" 211
"../../../Engine/Plugins/NNE/NNEDenoiser/Content/NNED_Oidn2-3_Fast_Alpha.uasset" 212
"../../../Engine/Plugins/NNE/NNEDenoiser/Content/NNED_Oidn2-3_Fast_Alpha.uexp" 213
"../../../Engine/Plugins/NNE/NNEDenoiser/Content/NNED_Oidn2-3_HighQuality.uasset" 214
"../../../Engine/Plugins/NNE/NNEDenoiser/Content/NNED_Oidn2-3_HighQuality.uexp" 215
"../../../Engine/Plugins/NNE/NNEDenoiser/Content/NNED_Oidn2-3_HighQuality_Alpha.uasset" 216
"../../../Engine/Plugins/NNE/NNEDenoiser/Content/NNED_Oidn2-3_HighQuality_Alpha.uexp" 217
"../../../Engine/Plugins/NNE/NNEDenoiser/Content/NNE_oidn2-3-0_rt_hdr_alb_nrm_small__dyn__fp16_opset11_DenoiseAlpha.uasset" 218
"../../../Engine/Plugins/NNE/NNEDenoiser/Content/NNE_oidn2-3-0_rt_hdr_alb_nrm_small__dyn__fp16_opset11_DenoiseAlpha.uexp" 219
"../../../Engine/Content/BasicShapes/Cylinder.ubulk" 220
"../../../Engine/Content/BasicShapes/Cylinder.uasset" 221
"../../../Engine/Content/BasicShapes/Cylinder.uexp" 222
"../../../Engine/Plugins/NNE/NNEDenoiser/Content/NNE_oidn2-3-0_rt_hdr_alb_nrm_small__dyn__fp16_opset11_ForwardAlpha.uasset" 223
"../../../Engine/Plugins/NNE/NNEDenoiser/Content/NNE_oidn2-3-0_rt_hdr_alb_nrm_small__dyn__fp16_opset11_ForwardAlpha.uexp" 224
"../../../Engine/Plugins/NNE/NNEDenoiser/Content/NNE_oidn2-3-0_rt_hdr_alb_nrm__dyn__fp16_opset11_DenoiseAlpha.uasset" 225
"../../../Engine/Plugins/NNE/NNEDenoiser/Content/NNE_oidn2-3-0_rt_hdr_alb_nrm__dyn__fp16_opset11_DenoiseAlpha.uexp" 226
"../../../Engine/Plugins/NNE/NNEDenoiser/Content/NNE_oidn2-3-0_rt_hdr_alb_nrm__dyn__fp16_opset11_ForwardAlpha.uasset" 227
"../../../Engine/Plugins/NNE/NNEDenoiser/Content/NNE_oidn2-3-0_rt_hdr_alb_nrm__dyn__fp16_opset11_ForwardAlpha.uexp" 228
"../../../Engine/Plugins/NNE/NNEDenoiser/Content/NNE_oidn2-3-0_rt_hdr_calb_cnrm_large__dyn__fp16_opset11_DenoiseAlpha.uasset" 229
"../../../Engine/Plugins/NNE/NNEDenoiser/Content/NNE_oidn2-3-0_rt_hdr_calb_cnrm_large__dyn__fp16_opset11_DenoiseAlpha.uexp" 230
"../../../Engine/Plugins/NNE/NNEDenoiser/Content/NNE_oidn2-3-0_rt_hdr_calb_cnrm_large__dyn__fp16_opset11_ForwardAlpha.uasset" 231
"../../../Engine/Plugins/NNE/NNEDenoiser/Content/NNE_oidn2-3-0_rt_hdr_calb_cnrm_large__dyn__fp16_opset11_ForwardAlpha.uexp" 232
"../../../Engine/Content/BasicShapes/Plane.ubulk" 233
"../../../Engine/Content/BasicShapes/Plane.uasset" 234
"../../../Engine/Content/BasicShapes/Plane.uexp" 235
"../../../Engine/Content/BasicShapes/Sphere.ubulk" 236
"../../../Engine/Content/BasicShapes/Sphere.uasset" 237
"../../../Engine/Content/BasicShapes/Sphere.uexp" 238
"../../../Engine/Content/EditorLandscapeResources/DefaultAlphaTexture.uasset" 239
"../../../Engine/Content/EditorLandscapeResources/DefaultAlphaTexture.uexp" 240
"../../../Engine/Content/EditorLandscapeResources/ColorMaskBrushMaterial.uasset" 241
"../../../Engine/Content/EditorLandscapeResources/ColorMaskBrushMaterial.uexp" 242
"../../../Engine/Content/EditorLandscapeResources/ColorMaskBrushMaterial_MaskedRegion.uasset" 243
"../../../Engine/Content/EditorLandscapeResources/ColorMaskBrushMaterial_MaskedRegion.uexp" 244
"../../../Engine/Content/EditorMaterials/PhAT_NoCollisionMaterial.uasset" 245
"../../../Engine/Content/EditorMaterials/PhAT_NoCollisionMaterial.uexp" 246
"../../../Engine/Content/EditorMaterials/PhAT_UnselectedMaterial.uasset" 247
"../../../Engine/Content/EditorMaterials/PhAT_UnselectedMaterial.uexp" 248
"../../../Engine/Content/EditorMaterials/PreviewShadowIndicator.ubulk" 249
"../../../Engine/Content/EditorMaterials/PreviewShadowIndicator.uasset" 250
"../../../Engine/Content/EditorMaterials/PreviewShadowIndicator.uexp" 251
"../../../Engine/Content/EditorMaterials/PreviewShadowIndicatorMaterial.uasset" 252
"../../../Engine/Content/EditorMaterials/PreviewShadowIndicatorMaterial.uexp" 253
"../../../Engine/Content/EngineResources/Black.uasset" 254
"../../../Engine/Content/EngineResources/Black.uexp" 255
"../../../Engine/Content/EngineMaterials/MiniFont.uasset" 256
"../../../Engine/Content/EngineMaterials/MiniFont.uexp" 257
"../../../Engine/Content/EngineResources/DefaultTexture.ubulk" 258
"../../../Engine/Content/EngineResources/DefaultTexture.uasset" 259
"../../../Engine/Content/EngineResources/DefaultTexture.uexp" 260
"../../../Engine/Content/EngineResources/DefaultTextureCube.uasset" 261
"../../../Engine/Content/EngineResources/DefaultTextureCube.uexp" 262
"../../../Engine/Content/EngineMaterials/InvalidLightmapSettings.ubulk" 263
"../../../Engine/Content/EngineMaterials/InvalidLightmapSettings.uasset" 264
"../../../Engine/Content/EngineMaterials/InvalidLightmapSettings.uexp" 265
"../../../Engine/Content/EngineMaterials/M_InvalidLightmapSettings.uasset" 266
"../../../Engine/Content/EngineMaterials/M_InvalidLightmapSettings.uexp" 267
"../../../Engine/Content/EditorResources/BSPVertex.uasset" 268
"../../../Engine/Content/EditorResources/BSPVertex.uexp" 269
"../../../Engine/Plugins/Animation/ControlRig/Content/Controls/ControlRig_Arrow_1mm.ubulk" 270
"../../../Engine/Plugins/Animation/ControlRig/Content/Controls/ControlRig_Arrow_1mm.uasset" 271
"../../../Engine/Plugins/Animation/ControlRig/Content/Controls/ControlRig_Arrow_1mm.uexp" 272
"../../../Engine/Content/EngineDamageTypes/DmgTypeBP_Environmental.uasset" 273
"../../../Engine/Content/EngineDamageTypes/DmgTypeBP_Environmental.uexp" 274
"../../../Engine/Content/EngineMaterials/NaniteHiddenSectionMaterial.uasset" 275
"../../../Engine/Content/EngineMaterials/NaniteHiddenSectionMaterial.uexp" 276
"../../../Engine/Plugins/Animation/ControlRig/Content/Controls/ControlRig_Arrow_3mm.ubulk" 277
"../../../Engine/Plugins/Animation/ControlRig/Content/Controls/ControlRig_Arrow_3mm.uasset" 278
"../../../Engine/Plugins/Animation/ControlRig/Content/Controls/ControlRig_Arrow_3mm.uexp" 279
"../../../Engine/Content/EditorLandscapeResources/LandscapeDirtyMaterial.uasset" 280
"../../../Engine/Content/EditorLandscapeResources/LandscapeDirtyMaterial.uexp" 281
"../../../Engine/Plugins/Animation/ControlRig/Content/Controls/ControlRig_Arrow_solid.ubulk" 282
"../../../Engine/Plugins/Animation/ControlRig/Content/Controls/ControlRig_Arrow_solid.uasset" 283
"../../../Engine/Plugins/Animation/ControlRig/Content/Controls/ControlRig_Arrow_solid.uexp" 284
"../../../Engine/Plugins/Animation/ControlRig/Content/Controls/ControlRig_Box_1mm.ubulk" 285
"../../../Engine/Plugins/Animation/ControlRig/Content/Controls/ControlRig_Box_1mm.uasset" 286
"../../../Engine/Plugins/Animation/ControlRig/Content/Controls/ControlRig_Box_1mm.uexp" 287
"../../../Engine/Content/EngineResources/GradientTexture0.uasset" 288
"../../../Engine/Content/EngineResources/GradientTexture0.uexp" 289
"../../../Engine/Content/EngineMaterials/PhAT_JointLimitMaterial.uasset" 290
"../../../Engine/Content/EngineMaterials/PhAT_JointLimitMaterial.uexp" 291
"../../../Engine/Plugins/Animation/ControlRig/Content/Controls/ControlRig_Box_3mm.ubulk" 292
"../../../Engine/Plugins/Animation/ControlRig/Content/Controls/ControlRig_Box_3mm.uasset" 293
"../../../Engine/Plugins/Animation/ControlRig/Content/Controls/ControlRig_Box_3mm.uexp" 294
"../../../Engine/Content/EngineMaterials/DefaultDiffuse.ubulk" 295
"../../../Engine/Content/EngineMaterials/DefaultDiffuse.uasset" 296
"../../../Engine/Content/EngineMaterials/DefaultDiffuse.uexp" 297
"../../../Engine/Content/Functions/Engine_MaterialFunctions01/Texturing/TextureCropping.uasset" 298
"../../../Engine/Content/Functions/Engine_MaterialFunctions01/Texturing/TextureCropping.uexp" 299
"../../../Engine/Content/Functions/Engine_MaterialFunctions02/ExampleContent/DebugNumberStrip.uasset" 300
"../../../Engine/Content/Functions/Engine_MaterialFunctions02/ExampleContent/DebugNumberStrip.uexp" 301
"../../../Engine/Content/Functions/Engine_MaterialFunctions01/Debug/DebugIntValues.uasset" 302
"../../../Engine/Content/Functions/Engine_MaterialFunctions01/Debug/DebugIntValues.uexp" 303
"../../../Engine/Content/Functions/Engine_MaterialFunctions02/Utility/BreakOutFloat2Components.uasset" 304
"../../../Engine/Content/Functions/Engine_MaterialFunctions02/Utility/BreakOutFloat2Components.uexp" 305
"../../../Engine/Content/Functions/Engine_MaterialFunctions01/Texturing/ScaleUVsByCenter.uasset" 306
"../../../Engine/Content/Functions/Engine_MaterialFunctions01/Texturing/ScaleUVsByCenter.uexp" 307
"../../../Engine/Content/Functions/Engine_MaterialFunctions02/WorldPositionOffset/LocalPosition.uasset" 308
"../../../Engine/Content/Functions/Engine_MaterialFunctions02/WorldPositionOffset/LocalPosition.uexp" 309
"../../../Engine/Content/EditorLandscapeResources/LandscapeLayerUsageMaterial.uasset" 310
"../../../Engine/Content/EditorLandscapeResources/LandscapeLayerUsageMaterial.uexp" 311
"../../../Engine/Content/EditorResources/S_Actor.ubulk" 312
"../../../Engine/Content/EditorResources/S_Actor.uasset" 313
"../../../Engine/Content/EditorResources/S_Actor.uexp" 314
"../../../Engine/Content/EngineMaterials/DefaultCalibrationColor.uasset" 315
"../../../Engine/Content/EngineMaterials/DefaultCalibrationColor.uexp" 316
"../../../Engine/Content/EngineMaterials/PPM_DefaultCalibrationColor.uasset" 317
"../../../Engine/Content/EngineMaterials/PPM_DefaultCalibrationColor.uexp" 318
"../../../Engine/Plugins/Animation/ControlRig/Content/Controls/ControlRig_Box_solid.ubulk" 319
"../../../Engine/Plugins/Animation/ControlRig/Content/Controls/ControlRig_Box_solid.uasset" 320
"../../../Engine/Plugins/Animation/ControlRig/Content/Controls/ControlRig_Box_solid.uexp" 321
"../../../Engine/Content/EditorResources/S_BoxReflectionCapture.uasset" 322
"../../../Engine/Content/EditorResources/S_BoxReflectionCapture.uexp" 323
"../../../Engine/Content/EngineMaterials/DefaultCalibrationGrayscale.uasset" 324
"../../../Engine/Content/EngineMaterials/DefaultCalibrationGrayscale.uexp" 325
"../../../Engine/Content/EngineMaterials/PPM_DefaultCalibrationGrayscale.uasset" 326
"../../../Engine/Content/EngineMaterials/PPM_DefaultCalibrationGrayscale.uexp" 327
"../../../Engine/Content/EngineResources/LandscapeVisibilityLayerInfo.uasset" 328
"../../../Engine/Content/EngineResources/LandscapeVisibilityLayerInfo.uexp" 329
"../../../Engine/Plugins/Animation/ControlRig/Content/Controls/ControlRig_Circle_1mm.ubulk" 330
"../../../Engine/Plugins/Animation/ControlRig/Content/Controls/ControlRig_Circle_1mm.uasset" 331
"../../../Engine/Plugins/Animation/ControlRig/Content/Controls/ControlRig_Circle_1mm.uexp" 332
"../../../Engine/Content/EngineDebugMaterials/DebugEditorMaterial.uasset" 333
"../../../Engine/Content/EngineDebugMaterials/DebugEditorMaterial.uexp" 334
"../../../Engine/Content/EditorLandscapeResources/WhiteSquareTexture.uasset" 335
"../../../Engine/Content/EditorLandscapeResources/WhiteSquareTexture.uexp" 336
"../../../Engine/Content/EditorLandscapeResources/LayerVisMaterial.uasset" 337
"../../../Engine/Content/EditorLandscapeResources/LayerVisMaterial.uexp" 338
"../../../Engine/Plugins/Animation/ControlRig/Content/Controls/ControlRig_Circle_3mm.ubulk" 339
"../../../Engine/Plugins/Animation/ControlRig/Content/Controls/ControlRig_Circle_3mm.uasset" 340
"../../../Engine/Plugins/Animation/ControlRig/Content/Controls/ControlRig_Circle_3mm.uexp" 341
"../../../Engine/Plugins/Animation/ControlRig/Content/Controls/ControlRig_Circle_solid.ubulk" 342
"../../../Engine/Plugins/Animation/ControlRig/Content/Controls/ControlRig_Circle_solid.uasset" 343
"../../../Engine/Plugins/Animation/ControlRig/Content/Controls/ControlRig_Circle_solid.uexp" 344
"../../../Engine/Content/EngineDebugMaterials/DebugMeshMaterial.uasset" 345
"../../../Engine/Content/EngineDebugMaterials/DebugMeshMaterial.uexp" 346
"../../../Engine/Content/EngineMaterials/PreintegratedSkinBRDF.uasset" 347
"../../../Engine/Content/EngineMaterials/PreintegratedSkinBRDF.uexp" 348
"../../../Engine/Content/Functions/Engine_MaterialFunctions03/Math/WithinRangeFloat2.uasset" 349
"../../../Engine/Content/Functions/Engine_MaterialFunctions03/Math/WithinRangeFloat2.uexp" 350
"../../../Engine/Content/EditorLandscapeResources/MaskBrushMaterial.uasset" 351
"../../../Engine/Content/EditorLandscapeResources/MaskBrushMaterial.uexp" 352
"../../../Engine/Content/EditorLandscapeResources/MaskBrushMaterial_MaskedRegion.uasset" 353
"../../../Engine/Content/EditorLandscapeResources/MaskBrushMaterial_MaskedRegion.uexp" 354
"../../../Engine/Plugins/Animation/ControlRig/Content/Controls/ControlRig_Diamond_1mm.ubulk" 355
"../../../Engine/Plugins/Animation/ControlRig/Content/Controls/ControlRig_Diamond_1mm.uasset" 356
"../../../Engine/Plugins/Animation/ControlRig/Content/Controls/ControlRig_Diamond_1mm.uexp" 357
"../../../Engine/Plugins/Animation/ControlRig/Content/Controls/ControlRig_Diamond_3mm.ubulk" 358
"../../../Engine/Plugins/Animation/ControlRig/Content/Controls/ControlRig_Diamond_3mm.uasset" 359
"../../../Engine/Plugins/Animation/ControlRig/Content/Controls/ControlRig_Diamond_3mm.uexp" 360
"../../../Engine/Plugins/Animation/ControlRig/Content/Controls/ControlRig_Diamond_solid.ubulk" 361
"../../../Engine/Plugins/Animation/ControlRig/Content/Controls/ControlRig_Diamond_solid.uasset" 362
"../../../Engine/Plugins/Animation/ControlRig/Content/Controls/ControlRig_Diamond_solid.uexp" 363
"../../../Engine/Plugins/Animation/ControlRig/Content/Controls/ControlRig_HalfCircle_1mm.ubulk" 364
"../../../Engine/Plugins/Animation/ControlRig/Content/Controls/ControlRig_HalfCircle_1mm.uasset" 365
"../../../Engine/Plugins/Animation/ControlRig/Content/Controls/ControlRig_HalfCircle_1mm.uexp" 366
"../../../Engine/Content/EditorLandscapeResources/SelectBrushMaterial.uasset" 367
"../../../Engine/Content/EditorLandscapeResources/SelectBrushMaterial.uexp" 368
"../../../Engine/Content/EditorLandscapeResources/SelectBrushMaterial_Selected.uasset" 369
"../../../Engine/Content/EditorLandscapeResources/SelectBrushMaterial_Selected.uexp" 370
"../../../Engine/Content/EngineMaterials/DefaultBloomKernel.uasset" 371
"../../../Engine/Content/EngineMaterials/DefaultBloomKernel.uexp" 372
"../../../Engine/Content/EditorLandscapeResources/SelectBrushMaterial_SelectedRegion.uasset" 373
"../../../Engine/Content/EditorLandscapeResources/SelectBrushMaterial_SelectedRegion.uexp" 374
"../../../Engine/Plugins/Animation/ControlRig/Content/Controls/ControlRig_HalfCircle_3mm.ubulk" 375
"../../../Engine/Plugins/Animation/ControlRig/Content/Controls/ControlRig_HalfCircle_3mm.uasset" 376
"../../../Engine/Plugins/Animation/ControlRig/Content/Controls/ControlRig_HalfCircle_3mm.uexp" 377
"../../../Engine/Content/EngineMaterials/DefaultBokeh.uasset" 378
"../../../Engine/Content/EngineMaterials/DefaultBokeh.uexp" 379
"../../../Engine/Plugins/Interchange/Assets/Content/Functions/MX_MeasuredEDF.uasset" 380
"../../../Engine/Plugins/Interchange/Assets/Content/Functions/MX_MeasuredEDF.uexp" 381
"../../../Engine/Content/EditorLandscapeResources/SplineEditorMeshMat.uasset" 382
"../../../Engine/Content/EditorLandscapeResources/SplineEditorMeshMat.uexp" 383
"../../../Engine/Content/EditorLandscapeResources/SplineEditorMesh.ubulk" 384
"../../../Engine/Content/EditorLandscapeResources/SplineEditorMesh.uasset" 385
"../../../Engine/Content/EditorLandscapeResources/SplineEditorMesh.uexp" 386
"../../../Engine/Plugins/Animation/ControlRig/Content/Controls/ControlRig_HalfCircle_solid.ubulk" 387
"../../../Engine/Plugins/Animation/ControlRig/Content/Controls/ControlRig_HalfCircle_solid.uasset" 388
"../../../Engine/Plugins/Animation/ControlRig/Content/Controls/ControlRig_HalfCircle_solid.uexp" 389
"../../../Engine/Content/Functions/Engine_MaterialFunctions02/Utility/CameraDirectionVector.uasset" 390
"../../../Engine/Content/Functions/Engine_MaterialFunctions02/Utility/CameraDirectionVector.uexp" 391
"../../../Engine/Content/Functions/Engine_MaterialFunctions02/Utility/VectorLength.uasset" 392
"../../../Engine/Content/Functions/Engine_MaterialFunctions02/Utility/VectorLength.uexp" 393
"../../../Engine/Plugins/Experimental/MeshModelingToolsetExp/Content/Materials/GetDisplacementVectorForDepthBias.uasset" 394
"../../../Engine/Plugins/Experimental/MeshModelingToolsetExp/Content/Materials/GetDisplacementVectorForDepthBias.uexp" 395
"../../../Engine/Content/Functions/Engine_MaterialFunctions03/Viewport/MF_OrthoWidth.uasset" 396
"../../../Engine/Content/Functions/Engine_MaterialFunctions03/Viewport/MF_OrthoWidth.uexp" 397
"../../../Engine/Content/Functions/Engine_MaterialFunctions02/Utility/FOV.uasset" 398
"../../../Engine/Content/Functions/Engine_MaterialFunctions02/Utility/FOV.uexp" 399
"../../../Engine/Content/Functions/Engine_MaterialFunctions02/WorldPositionOffset/V2/ObjectScale.uasset" 400
"../../../Engine/Content/Functions/Engine_MaterialFunctions02/WorldPositionOffset/V2/ObjectScale.uexp" 401
"../../../Engine/Plugins/Experimental/MeshModelingToolsetExp/Content/Materials/PointSetOverlaidComponentMaterial.uasset" 402
"../../../Engine/Plugins/Experimental/MeshModelingToolsetExp/Content/Materials/PointSetOverlaidComponentMaterial.uexp" 403
"../../../Engine/Content/EngineMaterials/RemoveSurfaceMaterial.uasset" 404
"../../../Engine/Content/EngineMaterials/RemoveSurfaceMaterial.uexp" 405
"../../../Engine/Plugins/Animation/ControlRig/Content/Controls/ControlRig_Hexagon_1mm.ubulk" 406
"../../../Engine/Plugins/Animation/ControlRig/Content/Controls/ControlRig_Hexagon_1mm.uasset" 407
"../../../Engine/Plugins/Animation/ControlRig/Content/Controls/ControlRig_Hexagon_1mm.uexp" 408
"../../../Engine/Plugins/Interchange/Assets/Content/Functions/MF_IridescenceNoLUT.uasset" 409
"../../../Engine/Plugins/Interchange/Assets/Content/Functions/MF_IridescenceNoLUT.uexp" 410
"../../../Engine/Plugins/Interchange/Assets/Content/Functions/MX_StandardSurface.uasset" 411
"../../../Engine/Plugins/Interchange/Assets/Content/Functions/MX_StandardSurface.uexp" 412
"../../../Engine/Plugins/Interchange/Assets/Content/Functions/MX_OpenPBR_Opaque.uasset" 413
"../../../Engine/Plugins/Interchange/Assets/Content/Functions/MX_OpenPBR_Opaque.uexp" 414
"../../../Engine/Plugins/Interchange/Assets/Content/Functions/MX_TransmissionSurface.uasset" 415
"../../../Engine/Plugins/Interchange/Assets/Content/Functions/MX_TransmissionSurface.uexp" 416
"../../../Engine/Plugins/Interchange/Assets/Content/Functions/MX_OpenPBR_Translucent.uasset" 417
"../../../Engine/Plugins/Interchange/Assets/Content/Functions/MX_OpenPBR_Translucent.uexp" 418
"../../../Engine/Plugins/Animation/ControlRig/Content/Controls/ControlRig_Hexagon_3mm.ubulk" 419
"../../../Engine/Plugins/Animation/ControlRig/Content/Controls/ControlRig_Hexagon_3mm.uasset" 420
"../../../Engine/Plugins/Animation/ControlRig/Content/Controls/ControlRig_Hexagon_3mm.uexp" 421
"../../../Engine/Content/EngineMaterials/SMAAAreaTex.uasset" 422
"../../../Engine/Content/EngineMaterials/SMAAAreaTex.uexp" 423
"../../../Engine/Plugins/Interchange/Assets/Content/Functions/MX_OrenNayarBSDF.uasset" 424
"../../../Engine/Plugins/Interchange/Assets/Content/Functions/MX_OrenNayarBSDF.uexp" 425
"../../../Engine/Plugins/Animation/ControlRig/Content/Controls/ControlRig_Hexagon_solid.ubulk" 426
"../../../Engine/Plugins/Animation/ControlRig/Content/Controls/ControlRig_Hexagon_solid.uasset" 427
"../../../Engine/Plugins/Animation/ControlRig/Content/Controls/ControlRig_Hexagon_solid.uexp" 428
"../../../Engine/Content/EngineMaterials/SMAASearchTex.uasset" 429
"../../../Engine/Content/EngineMaterials/SMAASearchTex.uexp" 430
"../../../Engine/Content/EngineSky/M_SimpleSkyDome.uasset" 431
"../../../Engine/Content/EngineSky/M_SimpleSkyDome.uexp" 432
"../../../Engine/Content/EngineMaterials/DefaultDeferredDecalMaterial.uasset" 433
"../../../Engine/Content/EngineMaterials/DefaultDeferredDecalMaterial.uexp" 434
"../../../Engine/Plugins/Animation/ControlRig/Content/Controls/ControlRig_Octagon_1mm.ubulk" 435
"../../../Engine/Plugins/Animation/ControlRig/Content/Controls/ControlRig_Octagon_1mm.uasset" 436
"../../../Engine/Plugins/Animation/ControlRig/Content/Controls/ControlRig_Octagon_1mm.uexp" 437
"../../../Engine/Content/EngineSky/T_Sky_Blue.ubulk" 438
"../../../Engine/Content/EngineSky/T_Sky_Blue.uasset" 439
"../../../Engine/Content/EngineSky/T_Sky_Blue.uexp" 440
"../../../Engine/Content/EngineSky/T_Sky_Clouds_M.ubulk" 441
"../../../Engine/Content/EngineSky/T_Sky_Clouds_M.uasset" 442
"../../../Engine/Content/EngineSky/T_Sky_Clouds_M.uexp" 443
"../../../Engine/Content/EngineSky/T_Sky_Stars.ubulk" 444
"../../../Engine/Content/EngineSky/T_Sky_Stars.uasset" 445
"../../../Engine/Content/EngineSky/T_Sky_Stars.uexp" 446
"../../../Engine/Content/EngineSky/M_Sky_Panning_Clouds2.uasset" 447
"../../../Engine/Content/EngineSky/M_Sky_Panning_Clouds2.uexp" 448
"../../../Engine/Content/EngineSky/SM_SkySphere.ubulk" 449
"../../../Engine/Content/EngineSky/SM_SkySphere.uasset" 450
"../../../Engine/Content/EngineSky/SM_SkySphere.uexp" 451
"../../../Engine/Plugins/Animation/ControlRig/Content/Controls/ControlRig_Octagon_3mm.ubulk" 452
"../../../Engine/Plugins/Animation/ControlRig/Content/Controls/ControlRig_Octagon_3mm.uasset" 453
"../../../Engine/Plugins/Animation/ControlRig/Content/Controls/ControlRig_Octagon_3mm.uexp" 454
"../../../Engine/Content/EditorResources/S_Solver.ubulk" 455
"../../../Engine/Content/EditorResources/S_Solver.uasset" 456
"../../../Engine/Content/EditorResources/S_Solver.uexp" 457
"../../../Engine/Plugins/Interchange/Assets/Content/Functions/MX_SheenBSDF.uasset" 458
"../../../Engine/Plugins/Interchange/Assets/Content/Functions/MX_SheenBSDF.uexp" 459
"../../../Engine/Plugins/Animation/ControlRig/Content/Controls/ControlRig_Octagon_solid.ubulk" 460
"../../../Engine/Plugins/Animation/ControlRig/Content/Controls/ControlRig_Octagon_solid.uasset" 461
"../../../Engine/Plugins/Animation/ControlRig/Content/Controls/ControlRig_Octagon_solid.uexp" 462
"../../../Engine/Content/EditorResources/S_Terrain.ubulk" 463
"../../../Engine/Content/EditorResources/S_Terrain.uasset" 464
"../../../Engine/Content/EditorResources/S_Terrain.uexp" 465
"../../../Engine/Plugins/Animation/ControlRig/Content/Controls/ControlRig_Pyramid_1mm.ubulk" 466
"../../../Engine/Plugins/Animation/ControlRig/Content/Controls/ControlRig_Pyramid_1mm.uasset" 467
"../../../Engine/Plugins/Animation/ControlRig/Content/Controls/ControlRig_Pyramid_1mm.uexp" 468
"../../../Engine/Content/EngineDebugMaterials/M_SimpleUnlitTranslucent.uasset" 469
"../../../Engine/Content/EngineDebugMaterials/M_SimpleUnlitTranslucent.uexp" 470
"../../../Engine/Plugins/Animation/ControlRig/Content/Controls/ControlRig_Pyramid_3mm.ubulk" 471
"../../../Engine/Plugins/Animation/ControlRig/Content/Controls/ControlRig_Pyramid_3mm.uasset" 472
"../../../Engine/Plugins/Animation/ControlRig/Content/Controls/ControlRig_Pyramid_3mm.uexp" 473
"../../../Engine/Content/EngineDebugMaterials/VolumeToRender.uasset" 474
"../../../Engine/Content/EngineDebugMaterials/VolumeToRender.uexp" 475
"../../../Engine/Content/EngineDebugMaterials/M_VolumeRenderSphereTracePP.uasset" 476
"../../../Engine/Content/EngineDebugMaterials/M_VolumeRenderSphereTracePP.uexp" 477
"../../../Engine/Plugins/Interchange/Assets/Content/Functions/MX_SubsurfaceBSDF.uasset" 478
"../../../Engine/Plugins/Interchange/Assets/Content/Functions/MX_SubsurfaceBSDF.uexp" 479
"../../../Engine/Plugins/Animation/DeformerGraph/Content/DeformerFunctions/DG_Function_LinearBlendSkin_Morph_Cloth.uasset" 480
"../../../Engine/Plugins/Animation/DeformerGraph/Content/DeformerFunctions/DG_Function_LinearBlendSkin_Morph_Cloth.uexp" 481
"../../../Engine/Plugins/Animation/DeformerGraph/Content/Deformers/DG_LinearBlendSkin_Morph_Cloth.uasset" 482
"../../../Engine/Plugins/Animation/DeformerGraph/Content/Deformers/DG_LinearBlendSkin_Morph_Cloth.uexp" 483
"../../../Engine/Plugins/Interchange/Assets/Content/Functions/MX_Surface.uasset" 484
"../../../Engine/Plugins/Interchange/Assets/Content/Functions/MX_Surface.uexp" 485
"../../../Engine/Content/EditorResources/S_Trigger.ubulk" 486
"../../../Engine/Content/EditorResources/S_Trigger.uasset" 487
"../../../Engine/Content/EditorResources/S_Trigger.uexp" 488
"../../../Engine/Plugins/Animation/DeformerGraph/Content/DeformerFunctions/DG_Function_ComputeNormalsTangents.uasset" 489
"../../../Engine/Plugins/Animation/DeformerGraph/Content/DeformerFunctions/DG_Function_ComputeNormalsTangents.uexp" 490
"../../../Engine/Plugins/Animation/DeformerGraph/Content/DeformerFunctions/DG_Function_LinearBlendSkin_Morph_Cloth_PositionOnly.uasset" 491
"../../../Engine/Plugins/Animation/DeformerGraph/Content/DeformerFunctions/DG_Function_LinearBlendSkin_Morph_Cloth_PositionOnly.uexp" 492
"../../../Engine/Plugins/Animation/DeformerGraph/Content/Deformers/DG_LinearBlendSkin_Morph_Cloth_RecomputeNormals.uasset" 493
"../../../Engine/Plugins/Animation/DeformerGraph/Content/Deformers/DG_LinearBlendSkin_Morph_Cloth_RecomputeNormals.uexp" 494
"../../../Engine/Content/EngineMaterials/DefaultLightFunctionMaterial.uasset" 495
"../../../Engine/Content/EngineMaterials/DefaultLightFunctionMaterial.uexp" 496
"../../../Engine/Plugins/Animation/ControlRig/Content/Controls/ControlRig_Pyramid_solid.ubulk" 497
"../../../Engine/Plugins/Animation/ControlRig/Content/Controls/ControlRig_Pyramid_solid.uasset" 498
"../../../Engine/Plugins/Animation/ControlRig/Content/Controls/ControlRig_Pyramid_solid.uexp" 499
"../../../Engine/Plugins/Interchange/Assets/Content/Functions/MX_SurfaceUnlit.uasset" 500
"../../../Engine/Plugins/Interchange/Assets/Content/Functions/MX_SurfaceUnlit.uexp" 501
"../../../Engine/Content/EditorResources/S_TriggerBox.uasset" 502
"../../../Engine/Content/EditorResources/S_TriggerBox.uexp" 503
"../../../Engine/Plugins/Animation/ControlRig/Content/Controls/ControlRig_QuarterCircle_1mm.ubulk" 504
"../../../Engine/Plugins/Animation/ControlRig/Content/Controls/ControlRig_QuarterCircle_1mm.uasset" 505
"../../../Engine/Plugins/Animation/ControlRig/Content/Controls/ControlRig_QuarterCircle_1mm.uexp" 506
"../../../Engine/Content/EditorResources/S_TriggerCapsule.uasset" 507
"../../../Engine/Content/EditorResources/S_TriggerCapsule.uexp" 508
"../../../Engine/Plugins/Interchange/Assets/Content/Functions/MX_TranslucentBSDF.uasset" 509
"../../../Engine/Plugins/Interchange/Assets/Content/Functions/MX_TranslucentBSDF.uexp" 510
"../../../Engine/Plugins/Animation/ControlRig/Content/Controls/ControlRig_QuarterCircle_3mm.ubulk" 511
"../../../Engine/Plugins/Animation/ControlRig/Content/Controls/ControlRig_QuarterCircle_3mm.uasset" 512
"../../../Engine/Plugins/Animation/ControlRig/Content/Controls/ControlRig_QuarterCircle_3mm.uexp" 513
"../../../Engine/Content/EditorResources/S_TriggerSphere.uasset" 514
"../../../Engine/Content/EditorResources/S_TriggerSphere.uexp" 515
"../../../Engine/Plugins/Animation/ControlRig/Content/Controls/ControlRig_QuarterCircle_solid.ubulk" 516
"../../../Engine/Plugins/Animation/ControlRig/Content/Controls/ControlRig_QuarterCircle_solid.uasset" 517
"../../../Engine/Plugins/Animation/ControlRig/Content/Controls/ControlRig_QuarterCircle_solid.uexp" 518
"../../../Engine/Plugins/Animation/ControlRig/Content/Controls/ControlRig_RoundedSquare_1mm.ubulk" 519
"../../../Engine/Plugins/Animation/ControlRig/Content/Controls/ControlRig_RoundedSquare_1mm.uasset" 520
"../../../Engine/Plugins/Animation/ControlRig/Content/Controls/ControlRig_RoundedSquare_1mm.uexp" 521
"../../../Engine/Plugins/Interchange/Assets/Content/Functions/MX_UniformEDF.uasset" 522
"../../../Engine/Plugins/Interchange/Assets/Content/Functions/MX_UniformEDF.uexp" 523
"../../../Engine/Plugins/Interchange/Assets/Content/Functions/MX_UsdPreviewSurface.uasset" 524
"../../../Engine/Plugins/Interchange/Assets/Content/Functions/MX_UsdPreviewSurface.uexp" 525
"../../../Engine/Plugins/Animation/ControlRig/Content/Controls/ControlRig_RoundedSquare_3mm.ubulk" 526
"../../../Engine/Plugins/Animation/ControlRig/Content/Controls/ControlRig_RoundedSquare_3mm.uasset" 527
"../../../Engine/Plugins/Animation/ControlRig/Content/Controls/ControlRig_RoundedSquare_3mm.uexp" 528
"../../../Engine/Content/Functions/Engine_MaterialFunctions02/Utility/BreakOutFloat4Components.uasset" 529
"../../../Engine/Content/Functions/Engine_MaterialFunctions02/Utility/BreakOutFloat4Components.uexp" 530
"../../../Engine/Content/Functions/Engine_MaterialFunctions02/Utility/MakeFloat4.uasset" 531
"../../../Engine/Content/Functions/Engine_MaterialFunctions02/Utility/MakeFloat4.uexp" 532
"../../../Engine/Content/Functions/Engine_MaterialFunctions02/PivotPainter2/Black_1x1_EXR_Texture.uasset" 533
"../../../Engine/Content/Functions/Engine_MaterialFunctions02/PivotPainter2/Black_1x1_EXR_Texture.uexp" 534
"../../../Engine/Content/EngineResources/DefaultVolumeTexture2D.uasset" 535
"../../../Engine/Content/EngineResources/DefaultVolumeTexture2D.uexp" 536
"../../../Engine/Content/EngineResources/DefaultVolumeTexture.uasset" 537
"../../../Engine/Content/EngineResources/DefaultVolumeTexture.uexp" 538
"../../../Engine/Content/EngineSky/VolumetricClouds/VT_Lightning.uasset" 539
"../../../Engine/Content/EngineSky/VolumetricClouds/VT_Lightning.uexp" 540
"../../../Engine/Content/Functions/Engine_MaterialFunctions01/Units/Km-to-Cm.uasset" 541
"../../../Engine/Content/Functions/Engine_MaterialFunctions01/Units/Km-to-Cm.uexp" 542
"../../../Engine/Content/EngineSky/VolumetricClouds/m_SimpleVolumetricCloud.uasset" 543
"../../../Engine/Content/EngineSky/VolumetricClouds/m_SimpleVolumetricCloud.uexp" 544
"../../../Engine/Content/EngineSky/VolumetricClouds/T_CloudMask.ubulk" 545
"../../../Engine/Content/EngineSky/VolumetricClouds/T_CloudMask.uasset" 546
"../../../Engine/Content/EngineSky/VolumetricClouds/T_CloudMask.uexp" 547
"../../../Engine/Content/EngineSky/VolumetricClouds/T_CloudPattern.ubulk" 548
"../../../Engine/Content/EngineSky/VolumetricClouds/T_CloudPattern.uasset" 549
"../../../Engine/Content/EngineSky/VolumetricClouds/T_CloudPattern.uexp" 550
"../../../Engine/Content/EngineSky/VolumetricClouds/T_Profile_08.ubulk" 551
"../../../Engine/Content/EngineSky/VolumetricClouds/T_Profile_08.uasset" 552
"../../../Engine/Content/EngineSky/VolumetricClouds/T_Profile_08.uexp" 553
"../../../Engine/Content/EngineSky/VolumetricClouds/VT_PerlinWorley_Balanced.uasset" 554
"../../../Engine/Content/EngineSky/VolumetricClouds/VT_PerlinWorley_Balanced.uexp" 555
"../../../Engine/Content/EngineSky/VolumetricClouds/m_SimpleVolumetricCloud_Inst.uasset" 556
"../../../Engine/Content/EngineSky/VolumetricClouds/m_SimpleVolumetricCloud_Inst.uexp" 557
"../../../Engine/Plugins/Runtime/AudioWidgets/Content/Resources/ScrubHandleDown_Clamped.uasset" 558
"../../../Engine/Plugins/Runtime/AudioWidgets/Content/Resources/ScrubHandleDown_Clamped.uexp" 559
"../../../Engine/Plugins/Animation/ControlRig/Content/Controls/ControlRig_RoundedSquare_solid.ubulk" 560
"../../../Engine/Plugins/Animation/ControlRig/Content/Controls/ControlRig_RoundedSquare_solid.uasset" 561
"../../../Engine/Plugins/Animation/ControlRig/Content/Controls/ControlRig_RoundedSquare_solid.uexp" 562
"../../../Engine/Content/EngineMaterials/DefaultPostProcessMaterial.uasset" 563
"../../../Engine/Content/EngineMaterials/DefaultPostProcessMaterial.uexp" 564
"../../../Engine/Plugins/Interchange/Assets/Content/Substrate/MX_SimpleVolume.uasset" 565
"../../../Engine/Plugins/Interchange/Assets/Content/Substrate/MX_SimpleVolume.uexp" 566
"../../../Engine/Plugins/Animation/ControlRig/Content/Controls/ControlRig_RoundedTriangle_1mm.ubulk" 567
"../../../Engine/Plugins/Animation/ControlRig/Content/Controls/ControlRig_RoundedTriangle_1mm.uasset" 568
"../../../Engine/Plugins/Animation/ControlRig/Content/Controls/ControlRig_RoundedTriangle_1mm.uexp" 569
"../../../Engine/Plugins/Runtime/HairStrands/Content/Materials/HairCardsDefaultMaterial.uasset" 570
"../../../Engine/Plugins/Runtime/HairStrands/Content/Materials/HairCardsDefaultMaterial.uexp" 571
"../../../Engine/Content/EngineFonts/RobotoDistanceField.uasset" 572
"../../../Engine/Content/EngineFonts/RobotoDistanceField.uexp" 573
"../../../Engine/Content/EngineMaterials/DefaultTextMaterialOpaque.uasset" 574
"../../../Engine/Content/EngineMaterials/DefaultTextMaterialOpaque.uexp" 575
"../../../Engine/Plugins/Animation/ControlRig/Content/Controls/ControlRig_RoundedTriangle_3mm.ubulk" 576
"../../../Engine/Plugins/Animation/ControlRig/Content/Controls/ControlRig_RoundedTriangle_3mm.uasset" 577
"../../../Engine/Plugins/Animation/ControlRig/Content/Controls/ControlRig_RoundedTriangle_3mm.uexp" 578
"../../../Engine/Plugins/Animation/ControlRig/Content/Controls/ControlRig_RoundedTriangle_solid.ubulk" 579
"../../../Engine/Plugins/Animation/ControlRig/Content/Controls/ControlRig_RoundedTriangle_solid.uasset" 580
"../../../Engine/Plugins/Animation/ControlRig/Content/Controls/ControlRig_RoundedTriangle_solid.uexp" 581
"../../../Engine/Content/Functions/Engine_MaterialFunctions02/Utility/MakeFloat2.uasset" 582
"../../../Engine/Content/Functions/Engine_MaterialFunctions02/Utility/MakeFloat2.uexp" 583
"../../../Engine/Content/EngineMaterials/HairColorMap.uasset" 584
"../../../Engine/Content/EngineMaterials/HairColorMap.uexp" 585
"../../../Engine/Content/EngineMaterials/HairDebugColor.uasset" 586
"../../../Engine/Content/EngineMaterials/HairDebugColor.uexp" 587
"../../../Engine/Plugins/Runtime/HairStrands/Content/Materials/HairGroupColors.uasset" 588
"../../../Engine/Plugins/Runtime/HairStrands/Content/Materials/HairGroupColors.uexp" 589
"../../../Engine/Plugins/Runtime/HairStrands/Content/Materials/HairDebugMaterial.uasset" 590
"../../../Engine/Plugins/Runtime/HairStrands/Content/Materials/HairDebugMaterial.uexp" 591
"../../../Engine/Content/EngineMaterials/DefaultWhiteGrid.ubulk" 592
"../../../Engine/Content/EngineMaterials/DefaultWhiteGrid.uasset" 593
"../../../Engine/Content/EngineMaterials/DefaultWhiteGrid.uexp" 594
"../../../Engine/Content/EngineMaterials/WeightMapPlaceholderTexture.uasset" 595
"../../../Engine/Content/EngineMaterials/WeightMapPlaceholderTexture.uexp" 596
"../../../Engine/Content/EngineMaterials/WeightMapArrayPlaceholderTexture.uasset" 597
"../../../Engine/Content/EngineMaterials/WeightMapArrayPlaceholderTexture.uexp" 598
"../../../Engine/Plugins/Animation/ControlRig/Content/Controls/ControlRig_Sphere_1mm.ubulk" 599
"../../../Engine/Plugins/Animation/ControlRig/Content/Controls/ControlRig_Sphere_1mm.uasset" 600
"../../../Engine/Plugins/Animation/ControlRig/Content/Controls/ControlRig_Sphere_1mm.uexp" 601
"../../../Engine/Plugins/Runtime/HairStrands/Content/Materials/HairDefaultMaterial.uasset" 602
"../../../Engine/Plugins/Runtime/HairStrands/Content/Materials/HairDefaultMaterial.uexp" 603
"../../../Engine/Content/EditorMaterials/Dataflow/DataflowTwoSidedVertexMaterial.uasset" 604
"../../../Engine/Content/EditorMaterials/Dataflow/DataflowTwoSidedVertexMaterial.uexp" 605
"../../../Engine/Plugins/Animation/ControlRig/Content/Controls/ControlRig_Sphere_3mm.ubulk" 606
"../../../Engine/Plugins/Animation/ControlRig/Content/Controls/ControlRig_Sphere_3mm.uasset" 607
"../../../Engine/Plugins/Animation/ControlRig/Content/Controls/ControlRig_Sphere_3mm.uexp" 608
"../../../Engine/Plugins/Runtime/HairStrands/Content/Materials/HairMeshesDefaultMaterial.uasset" 609
"../../../Engine/Plugins/Runtime/HairStrands/Content/Materials/HairMeshesDefaultMaterial.uexp" 610
"../../../Engine/Content/EditorMaterials/Dataflow/DataflowVertexMaterial.uasset" 611
"../../../Engine/Content/EditorMaterials/Dataflow/DataflowVertexMaterial.uexp" 612
"../../../Engine/Plugins/Animation/ControlRig/Content/Controls/ControlRig_Sphere_solid.ubulk" 613
"../../../Engine/Plugins/Animation/ControlRig/Content/Controls/ControlRig_Sphere_solid.uasset" 614
"../../../Engine/Plugins/Animation/ControlRig/Content/Controls/ControlRig_Sphere_solid.uexp" 615
"../../../Engine/Content/EditorMaterials/Camera/CineMat.uasset" 616
"../../../Engine/Content/EditorMaterials/Camera/CineMat.uexp" 617
"../../../Engine/Content/EditorMaterials/Camera/MI_CineMat_Rig.uasset" 618
"../../../Engine/Content/EditorMaterials/Camera/MI_CineMat_Rig.uexp" 619
"../../../Engine/Content/EditorMeshes/Camera/SM_CraneRig_Arm.ubulk" 620
"../../../Engine/Content/EditorMeshes/Camera/SM_CraneRig_Arm.uasset" 621
"../../../Engine/Content/EditorMeshes/Camera/SM_CraneRig_Arm.uexp" 622
"../../../Engine/Content/Functions/Engine_MaterialFunctions02/WorldPositionOffset/ObjectScale.uasset" 623
"../../../Engine/Content/Functions/Engine_MaterialFunctions02/WorldPositionOffset/ObjectScale.uexp" 624
"../../../Engine/Plugins/Editor/SpeedTreeImporter/Content/SpeedTree9/Empty.uasset" 625
"../../../Engine/Plugins/Editor/SpeedTreeImporter/Content/SpeedTree9/Empty.uexp" 626
"../../../Engine/Plugins/Editor/SpeedTreeImporter/Content/SpeedTree9/EmptyNormal.uasset" 627
"../../../Engine/Plugins/Editor/SpeedTreeImporter/Content/SpeedTree9/EmptyNormal.uexp" 628
"../../../Engine/Plugins/Editor/SpeedTreeImporter/Content/SpeedTree9/game_wind_noise.ubulk" 629
"../../../Engine/Plugins/Editor/SpeedTreeImporter/Content/SpeedTree9/game_wind_noise.uasset" 630
"../../../Engine/Plugins/Editor/SpeedTreeImporter/Content/SpeedTree9/game_wind_noise.uexp" 631
"../../../Engine/Plugins/Editor/SpeedTreeImporter/Content/SpeedTree9/SpeedTreeBillboard.uasset" 632
"../../../Engine/Plugins/Editor/SpeedTreeImporter/Content/SpeedTree9/SpeedTreeBillboard.uexp" 633
"../../../Engine/Content/Functions/Engine_MaterialFunctions02/SafeNormalize.uasset" 634
"../../../Engine/Content/Functions/Engine_MaterialFunctions02/SafeNormalize.uexp" 635
"../../../Engine/Plugins/Editor/SpeedTreeImporter/Content/SpeedTree9/SpeedTreeWindMotion.uasset" 636
"../../../Engine/Plugins/Editor/SpeedTreeImporter/Content/SpeedTree9/SpeedTreeWindMotion.uexp" 637
"../../../Engine/Plugins/Editor/SpeedTreeImporter/Content/SpeedTree9/UnpackDirection.uasset" 638
"../../../Engine/Plugins/Editor/SpeedTreeImporter/Content/SpeedTree9/UnpackDirection.uexp" 639
"../../../Engine/Plugins/Editor/SpeedTreeImporter/Content/SpeedTree9/UnpackInteger3.uasset" 640
"../../../Engine/Plugins/Editor/SpeedTreeImporter/Content/SpeedTree9/UnpackInteger3.uexp" 641
"../../../Engine/Plugins/Editor/SpeedTreeImporter/Content/SpeedTree9/SpeedTreeBranchMotion.uasset" 642
"../../../Engine/Plugins/Editor/SpeedTreeImporter/Content/SpeedTree9/SpeedTreeBranchMotion.uexp" 643
"../../../Engine/Content/Functions/Engine_MaterialFunctions02/ObjectLocalBounds.uasset" 644
"../../../Engine/Content/Functions/Engine_MaterialFunctions02/ObjectLocalBounds.uexp" 645
"../../../Engine/Content/Functions/Engine_MaterialFunctions02/UVs/BoundingBoxBased_0-1_UVW.uasset" 646
"../../../Engine/Content/Functions/Engine_MaterialFunctions02/UVs/BoundingBoxBased_0-1_UVW.uexp" 647
"../../../Engine/Plugins/Editor/SpeedTreeImporter/Content/SpeedTree9/SpeedTreeWind.uasset" 648
"../../../Engine/Plugins/Editor/SpeedTreeImporter/Content/SpeedTree9/SpeedTreeWind.uexp" 649
"../../../Engine/Plugins/Editor/SpeedTreeImporter/Content/SpeedTree9/SpeedTreeBillboardMaster.uasset" 650
"../../../Engine/Plugins/Editor/SpeedTreeImporter/Content/SpeedTree9/SpeedTreeBillboardMaster.uexp" 651
"../../../Engine/Plugins/Animation/ControlRig/Content/Controls/ControlRig_Square_1mm.ubulk" 652
"../../../Engine/Plugins/Animation/ControlRig/Content/Controls/ControlRig_Square_1mm.uasset" 653
"../../../Engine/Plugins/Animation/ControlRig/Content/Controls/ControlRig_Square_1mm.uexp" 654
"../../../Engine/Content/EngineResources/WhiteSquareTexture.uasset" 655
"../../../Engine/Content/EngineResources/WhiteSquareTexture.uexp" 656
"../../../Engine/Content/EngineMaterials/Widget3DPassThrough.uasset" 657
"../../../Engine/Content/EngineMaterials/Widget3DPassThrough.uexp" 658
"../../../Engine/Content/EngineMaterials/Widget3DPassThrough_Masked.uasset" 659
"../../../Engine/Content/EngineMaterials/Widget3DPassThrough_Masked.uexp" 660
"../../../Engine/Content/EditorMeshes/Camera/SM_CraneRig_Base.ubulk" 661
"../../../Engine/Content/EditorMeshes/Camera/SM_CraneRig_Base.uasset" 662
"../../../Engine/Content/EditorMeshes/Camera/SM_CraneRig_Base.uexp" 663
"../../../Engine/Plugins/Editor/SpeedTreeImporter/Content/SpeedTree9/SpeedTreeCameraFacing.uasset" 664
"../../../Engine/Plugins/Editor/SpeedTreeImporter/Content/SpeedTree9/SpeedTreeCameraFacing.uexp" 665
"../../../Engine/Plugins/Editor/SpeedTreeImporter/Content/SpeedTree9/SpeedTreeMaster.uasset" 666
"../../../Engine/Plugins/Editor/SpeedTreeImporter/Content/SpeedTree9/SpeedTreeMaster.uexp" 667
"../../../Engine/Content/EngineMaterials/DefaultWhiteGrid_Low.uasset" 668
"../../../Engine/Content/EngineMaterials/DefaultWhiteGrid_Low.uexp" 669
"../../../Engine/Content/EngineMaterials/EmissiveMeshMaterial.uasset" 670
"../../../Engine/Content/EngineMaterials/EmissiveMeshMaterial.uexp" 671
"../../../Engine/Content/Functions/Engine_MaterialFunctions02/SplitComponents.uasset" 672
"../../../Engine/Content/Functions/Engine_MaterialFunctions02/SplitComponents.uexp" 673
"../../../Engine/Content/Functions/Engine_MaterialFunctions02/Math/Transform3x3Matrix.uasset" 674
"../../../Engine/Content/Functions/Engine_MaterialFunctions02/Math/Transform3x3Matrix.uexp" 675
"../../../Engine/Content/VREditor/SnapGrid/SnapGridMaterial.uasset" 676
"../../../Engine/Content/VREditor/SnapGrid/SnapGridMaterial.uexp" 677
"../../../Engine/Content/VREditor/SnapGrid/SnapGridPlaneMesh.ubulk" 678
"../../../Engine/Content/VREditor/SnapGrid/SnapGridPlaneMesh.uasset" 679
"../../../Engine/Content/VREditor/SnapGrid/SnapGridPlaneMesh.uexp" 680
"../../../Engine/Content/VREditor/LaserPointer/VR_LaserPower_01.ubulk" 681
"../../../Engine/Content/VREditor/LaserPointer/VR_LaserPower_01.uasset" 682
"../../../Engine/Content/VREditor/LaserPointer/VR_LaserPower_01.uexp" 683
"../../../Engine/Content/VREditor/TransformGizmo/TransformGizmoMaterial.uasset" 684
"../../../Engine/Content/VREditor/TransformGizmo/TransformGizmoMaterial.uexp" 685
"../../../Engine/Content/VREditor/TransformGizmo/TranslucentTransformGizmoMaterial.uasset" 686
"../../../Engine/Content/VREditor/TransformGizmo/TranslucentTransformGizmoMaterial.uexp" 687
"../../../Engine/Content/VREditor/TransformGizmo/PlaneTranslationHandle.ubulk" 688
"../../../Engine/Content/VREditor/TransformGizmo/PlaneTranslationHandle.uasset" 689
"../../../Engine/Content/VREditor/TransformGizmo/PlaneTranslationHandle.uexp" 690
"../../../Engine/Content/VREditor/TransformGizmo/RotationHandleFull.ubulk" 691
"../../../Engine/Content/VREditor/TransformGizmo/RotationHandleFull.uasset" 692
"../../../Engine/Content/VREditor/TransformGizmo/RotationHandleFull.uexp" 693
"../../../Engine/Content/VREditor/TransformGizmo/RotationHandleIndicator.ubulk" 694
"../../../Engine/Content/VREditor/TransformGizmo/RotationHandleIndicator.uasset" 695
"../../../Engine/Content/VREditor/TransformGizmo/RotationHandleIndicator.uexp" 696
"../../../Engine/Content/VREditor/TransformGizmo/RotationHandleQuarter.ubulk" 697
"../../../Engine/Content/VREditor/TransformGizmo/RotationHandleQuarter.uasset" 698
"../../../Engine/Content/VREditor/TransformGizmo/RotationHandleQuarter.uexp" 699
"../../../Engine/Content/VREditor/TransformGizmo/StartRotationHandleIndicator.ubulk" 700
"../../../Engine/Content/VREditor/TransformGizmo/StartRotationHandleIndicator.uasset" 701
"../../../Engine/Content/VREditor/TransformGizmo/StartRotationHandleIndicator.uexp" 702
"../../../Engine/Content/VREditor/TransformGizmo/TranslucentTransformGizmoMaterial_Inst.uasset" 703
"../../../Engine/Content/VREditor/TransformGizmo/TranslucentTransformGizmoMaterial_Inst.uexp" 704
"../../../Engine/Content/VREditor/TransformGizmo/TransformGizmoFreeRotation.ubulk" 705
"../../../Engine/Content/VREditor/TransformGizmo/TransformGizmoFreeRotation.uasset" 706
"../../../Engine/Content/VREditor/TransformGizmo/TransformGizmoFreeRotation.uexp" 707
"../../../Engine/Content/VREditor/TransformGizmo/TransformGizmoMaterial_Inst.uasset" 708
"../../../Engine/Content/VREditor/TransformGizmo/TransformGizmoMaterial_Inst.uexp" 709
"../../../Engine/Content/VREditor/TransformGizmo/TranslateArrowHandle.ubulk" 710
"../../../Engine/Content/VREditor/TransformGizmo/TranslateArrowHandle.uasset" 711
"../../../Engine/Content/VREditor/TransformGizmo/TranslateArrowHandle.uexp" 712
"../../../Engine/Content/VREditor/TransformGizmo/UniformScaleHandle.ubulk" 713
"../../../Engine/Content/VREditor/TransformGizmo/UniformScaleHandle.uasset" 714
"../../../Engine/Content/VREditor/TransformGizmo/UniformScaleHandle.uexp" 715
"../../../Engine/Content/VREditor/Sounds/UI/Drop_Item_From_ContentBrowser.ubulk" 716
"../../../Engine/Content/VREditor/Sounds/UI/Drop_Item_From_ContentBrowser.uasset" 717
"../../../Engine/Content/VREditor/Sounds/UI/Drop_Item_From_ContentBrowser.uexp" 718
"../../../Engine/Content/VREditor/Sounds/UI/Gizmo_Handle_Clicked.ubulk" 719
"../../../Engine/Content/VREditor/Sounds/UI/Gizmo_Handle_Clicked.uasset" 720
"../../../Engine/Content/VREditor/Sounds/UI/Gizmo_Handle_Clicked.uexp" 721
"../../../Engine/Content/VREditor/Sounds/UI/Object_PickUp.ubulk" 722
"../../../Engine/Content/VREditor/Sounds/UI/Object_PickUp.uasset" 723
"../../../Engine/Content/VREditor/Sounds/UI/Object_PickUp.uexp" 724
"../../../Engine/Content/VREditor/Sounds/UI/Object_Snaps_To_Another_Actor.ubulk" 725
"../../../Engine/Content/VREditor/Sounds/UI/Object_Snaps_To_Another_Actor.uasset" 726
"../../../Engine/Content/VREditor/Sounds/UI/Object_Snaps_To_Another_Actor.uexp" 727
"../../../Engine/Content/VREditor/Sounds/UI/Object_Snaps_To_Grid.ubulk" 728
"../../../Engine/Content/VREditor/Sounds/UI/Object_Snaps_To_Grid.uasset" 729
"../../../Engine/Content/VREditor/Sounds/UI/Object_Snaps_To_Grid.uexp" 730
"../../../Engine/Content/VREditor/Sounds/UI/Scaling_Down.ubulk" 731
"../../../Engine/Content/VREditor/Sounds/UI/Scaling_Down.uasset" 732
"../../../Engine/Content/VREditor/Sounds/UI/Scaling_Down.uexp" 733
"../../../Engine/Content/VREditor/Sounds/UI/Scaling_Up.ubulk" 734
"../../../Engine/Content/VREditor/Sounds/UI/Scaling_Up.uasset" 735
"../../../Engine/Content/VREditor/Sounds/UI/Scaling_Up.uexp" 736
"../../../Engine/Content/VREditor/Sounds/UI/Selection_Changes.ubulk" 737
"../../../Engine/Content/VREditor/Sounds/UI/Selection_Changes.uasset" 738
"../../../Engine/Content/VREditor/Sounds/UI/Selection_Changes.uexp" 739
"../../../Engine/Content/EngineMaterials/Widget3DPassThrough_Opaque.uasset" 740
"../../../Engine/Content/EngineMaterials/Widget3DPassThrough_Opaque.uexp" 741
"../../../Engine/Content/EngineMaterials/Widget3DPassThrough_Masked_OneSided.uasset" 742
"../../../Engine/Content/EngineMaterials/Widget3DPassThrough_Masked_OneSided.uexp" 743
"../../../Engine/Plugins/Animation/ControlRig/Content/Controls/ControlRig_Square_3mm.ubulk" 744
"../../../Engine/Plugins/Animation/ControlRig/Content/Controls/ControlRig_Square_3mm.uasset" 745
"../../../Engine/Plugins/Animation/ControlRig/Content/Controls/ControlRig_Square_3mm.uexp" 746
"../../../Engine/Content/EngineMaterials/Widget3DPassThrough_Opaque_OneSided.uasset" 747
"../../../Engine/Content/EngineMaterials/Widget3DPassThrough_Opaque_OneSided.uexp" 748
"../../../Engine/Plugins/Animation/ControlRig/Content/Controls/ControlRig_Square_solid.ubulk" 749
"../../../Engine/Plugins/Animation/ControlRig/Content/Controls/ControlRig_Square_solid.uasset" 750
"../../../Engine/Plugins/Animation/ControlRig/Content/Controls/ControlRig_Square_solid.uexp" 751
"../../../Engine/Content/EditorMeshes/Camera/SM_CraneRig_Body.ubulk" 752
"../../../Engine/Content/EditorMeshes/Camera/SM_CraneRig_Body.uasset" 753
"../../../Engine/Content/EditorMeshes/Camera/SM_CraneRig_Body.uexp" 754
"../../../Engine/Plugins/Animation/ControlRig/Content/Controls/ControlRig_Star4_1mm.ubulk" 755
"../../../Engine/Plugins/Animation/ControlRig/Content/Controls/ControlRig_Star4_1mm.uasset" 756
"../../../Engine/Plugins/Animation/ControlRig/Content/Controls/ControlRig_Star4_1mm.uexp" 757
"../../../Engine/Content/EngineMaterials/FastBlueNoise_scalar_128x128x64.uasset" 758
"../../../Engine/Content/EngineMaterials/FastBlueNoise_scalar_128x128x64.uexp" 759
"../../../Engine/Content/EditorMeshes/Camera/SM_CraneRig_Mount.ubulk" 760
"../../../Engine/Content/EditorMeshes/Camera/SM_CraneRig_Mount.uasset" 761
"../../../Engine/Content/EditorMeshes/Camera/SM_CraneRig_Mount.uexp" 762
"../../../Engine/Plugins/Animation/ControlRig/Content/Controls/ControlRig_Star4_3mm.ubulk" 763
"../../../Engine/Plugins/Animation/ControlRig/Content/Controls/ControlRig_Star4_3mm.uasset" 764
"../../../Engine/Plugins/Animation/ControlRig/Content/Controls/ControlRig_Star4_3mm.uexp" 765
"../../../Engine/Content/EngineMaterials/EnergyConservation/Diffuse_Energy.uasset" 766
"../../../Engine/Content/EngineMaterials/EnergyConservation/Diffuse_Energy.uexp" 767
"../../../Engine/Content/EngineMaterials/Widget3DPassThrough_Translucent.uasset" 768
"../../../Engine/Content/EngineMaterials/Widget3DPassThrough_Translucent.uexp" 769
"../../../Engine/Content/EngineMaterials/Widget3DPassThrough_Translucent_OneSided.uasset" 770
"../../../Engine/Content/EngineMaterials/Widget3DPassThrough_Translucent_OneSided.uexp" 771
"../../../Engine/Content/EngineMaterials/FastBlueNoise_scalar_128x128x8.uasset" 772
"../../../Engine/Content/EngineMaterials/FastBlueNoise_scalar_128x128x8.uexp" 773
"../../../Engine/Content/EngineMaterials/EnergyConservation/GGX_ReflectionEnergy.uasset" 774
"../../../Engine/Content/EngineMaterials/EnergyConservation/GGX_ReflectionEnergy.uexp" 775
"../../../Engine/Plugins/Animation/ControlRig/Content/Controls/ControlRigGizmoMaterial.uasset" 776
"../../../Engine/Plugins/Animation/ControlRig/Content/Controls/ControlRigGizmoMaterial.uexp" 777
"../../../Engine/Content/EditorMeshes/Camera/SM_RailRig_Mount.ubulk" 778
"../../../Engine/Content/EditorMeshes/Camera/SM_RailRig_Mount.uasset" 779
"../../../Engine/Content/EditorMeshes/Camera/SM_RailRig_Mount.uexp" 780
"../../../Engine/Plugins/Animation/ControlRig/Content/Controls/ControlRig_Star4_solid.ubulk" 781
"../../../Engine/Plugins/Animation/ControlRig/Content/Controls/ControlRig_Star4_solid.uasset" 782
"../../../Engine/Plugins/Animation/ControlRig/Content/Controls/ControlRig_Star4_solid.uexp" 783
"../../../Engine/Plugins/Animation/ControlRig/Content/Controls/ControlRigXRayMaterial.uasset" 784
"../../../Engine/Plugins/Animation/ControlRig/Content/Controls/ControlRigXRayMaterial.uexp" 785
"../../../Engine/Plugins/Interchange/Assets/Content/Functions/MX_AbsorptionVDF.uasset" 786
"../../../Engine/Plugins/Interchange/Assets/Content/Functions/MX_AbsorptionVDF.uexp" 787
"../../../Engine/Content/EngineMaterials/EnergyConservation/GGX_TransmissionEnergyArray.uasset" 788
"../../../Engine/Content/EngineMaterials/EnergyConservation/GGX_TransmissionEnergyArray.uexp" 789
"../../../Engine/Content/EngineMaterials/FastBlueNoise_vec2_128x128x64.uasset" 790
"../../../Engine/Content/EngineMaterials/FastBlueNoise_vec2_128x128x64.uexp" 791
"../../../Engine/Plugins/Animation/ControlRig/Content/Controls/ControlRig_Triangle_1mm.ubulk" 792
"../../../Engine/Plugins/Animation/ControlRig/Content/Controls/ControlRig_Triangle_1mm.uasset" 793
"../../../Engine/Plugins/Animation/ControlRig/Content/Controls/ControlRig_Triangle_1mm.uexp" 794
"../../../Engine/Content/EngineMaterials/EnergyConservation/SheenLegacy_Energy.uasset" 795
"../../../Engine/Content/EngineMaterials/EnergyConservation/SheenLegacy_Energy.uexp" 796
"../../../Engine/Content/EditorMeshes/Camera/SM_RailRig_Track.ubulk" 797
"../../../Engine/Content/EditorMeshes/Camera/SM_RailRig_Track.uasset" 798
"../../../Engine/Content/EditorMeshes/Camera/SM_RailRig_Track.uexp" 799
"../../../Engine/Plugins/Animation/ControlRig/Content/Controls/ControlRig_Triangle_3mm.ubulk" 800
"../../../Engine/Plugins/Animation/ControlRig/Content/Controls/ControlRig_Triangle_3mm.uasset" 801
"../../../Engine/Plugins/Animation/ControlRig/Content/Controls/ControlRig_Triangle_3mm.uexp" 802
"../../../Engine/Plugins/Animation/ControlRig/Content/Controls/ControlRig_Arrow2_1mm.ubulk" 803
"../../../Engine/Plugins/Animation/ControlRig/Content/Controls/ControlRig_Arrow2_1mm.uasset" 804
"../../../Engine/Plugins/Animation/ControlRig/Content/Controls/ControlRig_Arrow2_1mm.uexp" 805
"../../../Engine/Content/EngineMaterials/EnergyConservation/Sheen_Energy.uasset" 806
"../../../Engine/Content/EngineMaterials/EnergyConservation/Sheen_Energy.uexp" 807
"../../../Engine/Content/EngineMaterials/BaseFlattenDiffuseMap.uasset" 808
"../../../Engine/Content/EngineMaterials/BaseFlattenDiffuseMap.uexp" 809
"../../../Engine/Content/EngineMaterials/BaseFlattenEmissiveMap.uasset" 810
"../../../Engine/Content/EngineMaterials/BaseFlattenEmissiveMap.uexp" 811
"../../../Engine/Content/EngineMaterials/BaseFlattenGrayscaleMap.uasset" 812
"../../../Engine/Content/EngineMaterials/BaseFlattenGrayscaleMap.uexp" 813
"../../../Engine/Content/EngineMaterials/BaseFlattenLinearColor.uasset" 814
"../../../Engine/Content/EngineMaterials/BaseFlattenLinearColor.uexp" 815
"../../../Engine/Content/EngineMaterials/BaseFlattenNormalMap.uasset" 816
"../../../Engine/Content/EngineMaterials/BaseFlattenNormalMap.uexp" 817
"../../../Engine/Content/EngineMaterials/FlattenMaterial.uasset" 818
"../../../Engine/Content/EngineMaterials/FlattenMaterial.uexp" 819
"../../../Engine/Plugins/Interchange/Assets/Content/Functions/MX_AnisotropicVDF.uasset" 820
"../../../Engine/Plugins/Interchange/Assets/Content/Functions/MX_AnisotropicVDF.uexp" 821
"../../../Engine/Plugins/Animation/ControlRig/Content/Controls/ControlRig_Triangle_solid.ubulk" 822
"../../../Engine/Plugins/Animation/ControlRig/Content/Controls/ControlRig_Triangle_solid.uasset" 823
"../../../Engine/Plugins/Animation/ControlRig/Content/Controls/ControlRig_Triangle_solid.uexp" 824
"../../../Engine/Content/EngineMaterials/LTC/GGX_LTCAmp.uasset" 825
"../../../Engine/Content/EngineMaterials/LTC/GGX_LTCAmp.uexp" 826
"../../../Engine/Plugins/Animation/ControlRig/Content/Controls/ControlRig_Arrow2_3mm.ubulk" 827
"../../../Engine/Plugins/Animation/ControlRig/Content/Controls/ControlRig_Arrow2_3mm.uasset" 828
"../../../Engine/Plugins/Animation/ControlRig/Content/Controls/ControlRig_Arrow2_3mm.uexp" 829
"../../../Engine/Plugins/Animation/ControlRig/Content/Controls/ControlRig_Wedge_1mm.ubulk" 830
"../../../Engine/Plugins/Animation/ControlRig/Content/Controls/ControlRig_Wedge_1mm.uasset" 831
"../../../Engine/Plugins/Animation/ControlRig/Content/Controls/ControlRig_Wedge_1mm.uexp" 832
"../../../Engine/Content/EngineMaterials/LTC/GGX_LTCMat.uasset" 833
"../../../Engine/Content/EngineMaterials/LTC/GGX_LTCMat.uexp" 834
"../../../Engine/Content/EngineMaterials/BaseFlattenDiffuseMap_VT.ubulk" 835
"../../../Engine/Content/EngineMaterials/BaseFlattenDiffuseMap_VT.uasset" 836
"../../../Engine/Content/EngineMaterials/BaseFlattenDiffuseMap_VT.uexp" 837
"../../../Engine/Content/EngineMaterials/BaseFlattenEmissiveMap_VT.ubulk" 838
"../../../Engine/Content/EngineMaterials/BaseFlattenEmissiveMap_VT.uasset" 839
"../../../Engine/Content/EngineMaterials/BaseFlattenEmissiveMap_VT.uexp" 840
"../../../Engine/Content/EngineMaterials/BaseFlattenGrayscaleMap_VT.ubulk" 841
"../../../Engine/Content/EngineMaterials/BaseFlattenGrayscaleMap_VT.uasset" 842
"../../../Engine/Content/EngineMaterials/BaseFlattenGrayscaleMap_VT.uexp" 843
"../../../Engine/Content/EngineMaterials/BaseFlattenLinearColor_VT.ubulk" 844
"../../../Engine/Content/EngineMaterials/BaseFlattenLinearColor_VT.uasset" 845
"../../../Engine/Content/EngineMaterials/BaseFlattenLinearColor_VT.uexp" 846
"../../../Engine/Content/EngineMaterials/BaseFlattenNormalMap_VT.ubulk" 847
"../../../Engine/Content/EngineMaterials/BaseFlattenNormalMap_VT.uasset" 848
"../../../Engine/Content/EngineMaterials/BaseFlattenNormalMap_VT.uexp" 849
"../../../Engine/Content/EngineMaterials/Black_1x1_EXR_Texture_VT.ubulk" 850
"../../../Engine/Content/EngineMaterials/Black_1x1_EXR_Texture_VT.uasset" 851
"../../../Engine/Content/EngineMaterials/Black_1x1_EXR_Texture_VT.uexp" 852
"../../../Engine/Content/EngineMaterials/FlattenMaterial_VT.uasset" 853
"../../../Engine/Content/EngineMaterials/FlattenMaterial_VT.uexp" 854
"../../../Engine/Plugins/Interchange/Assets/Content/Functions/MX_BurleyDiffuseBSDF.uasset" 855
"../../../Engine/Plugins/Interchange/Assets/Content/Functions/MX_BurleyDiffuseBSDF.uexp" 856
"../../../Engine/Content/EngineMaterials/LTC/Sheen_LTC.uasset" 857
"../../../Engine/Content/EngineMaterials/LTC/Sheen_LTC.uexp" 858
"../../../Engine/Plugins/Animation/ControlRig/Content/Controls/ControlRig_Wedge_3mm.ubulk" 859
"../../../Engine/Plugins/Animation/ControlRig/Content/Controls/ControlRig_Wedge_3mm.uasset" 860
"../../../Engine/Plugins/Animation/ControlRig/Content/Controls/ControlRig_Wedge_3mm.uexp" 861
"../../../Engine/Plugins/Animation/ControlRig/Content/Controls/ControlRig_Arrow2_solid.ubulk" 862
"../../../Engine/Plugins/Animation/ControlRig/Content/Controls/ControlRig_Arrow2_solid.uasset" 863
"../../../Engine/Plugins/Animation/ControlRig/Content/Controls/ControlRig_Arrow2_solid.uexp" 864
"../../../Engine/Plugins/Animation/ControlRig/Content/Controls/ControlRig_Wedge_solid.ubulk" 865
"../../../Engine/Plugins/Animation/ControlRig/Content/Controls/ControlRig_Wedge_solid.uasset" 866
"../../../Engine/Plugins/Animation/ControlRig/Content/Controls/ControlRig_Wedge_solid.uexp" 867
"../../../Engine/Content/EngineMaterials/FlattenMaterial_WS_Normal_VT.uasset" 868
"../../../Engine/Content/EngineMaterials/FlattenMaterial_WS_Normal_VT.uexp" 869
"../../../Engine/Plugins/Interchange/Assets/Content/Functions/MX_ChiangHairBSDF.uasset" 870
"../../../Engine/Plugins/Interchange/Assets/Content/Functions/MX_ChiangHairBSDF.uexp" 871
"C:/Users/Antonio/Documents/Unreal Projects/MC/Content/Blueprint/WBP_EntityInfo.uasset" 872
"C:/Users/Antonio/Documents/Unreal Projects/MC/Content/Blueprint/WBP_EntityInfo.uexp" 873
"C:/Users/Antonio/Documents/Unreal Projects/MC/Content/Blueprint/WBP_Crosshair.uasset" 874
"C:/Users/Antonio/Documents/Unreal Projects/MC/Content/Blueprint/WBP_Crosshair.uexp" 875
"C:/Users/Antonio/Documents/Unreal Projects/MC/Content/Blueprint/BP_SimPlayerController.uasset" 876
"C:/Users/Antonio/Documents/Unreal Projects/MC/Content/Blueprint/BP_SimPlayerController.uexp" 877
"../../../Engine/Plugins/Animation/ControlRig/Content/Controls/ControlRig_Arrow4_1mm.ubulk" 878
"../../../Engine/Plugins/Animation/ControlRig/Content/Controls/ControlRig_Arrow4_1mm.uasset" 879
"../../../Engine/Plugins/Animation/ControlRig/Content/Controls/ControlRig_Arrow4_1mm.uexp" 880
"../../../Engine/Plugins/Interchange/Assets/Content/Functions/MX_ConductorBSDF.uasset" 881
"../../../Engine/Plugins/Interchange/Assets/Content/Functions/MX_ConductorBSDF.uexp" 882
"../../../Engine/Content/EngineMaterials/GizmoMaterial.uasset" 883
"../../../Engine/Content/EngineMaterials/GizmoMaterial.uexp" 884
"../../../Engine/Plugins/Interchange/Assets/Content/Functions/MX_ConicalEDF.uasset" 885
"../../../Engine/Plugins/Interchange/Assets/Content/Functions/MX_ConicalEDF.uexp" 886
"../../../Engine/Plugins/Animation/ControlRig/Content/Controls/ControlRig_Arrow4_3mm.ubulk" 887
"../../../Engine/Plugins/Animation/ControlRig/Content/Controls/ControlRig_Arrow4_3mm.uasset" 888
"../../../Engine/Plugins/Animation/ControlRig/Content/Controls/ControlRig_Arrow4_3mm.uexp" 889
"../../../Engine/Plugins/Interchange/Assets/Content/Functions/MX_DielectricBSDF.uasset" 890
"../../../Engine/Plugins/Interchange/Assets/Content/Functions/MX_DielectricBSDF.uexp" 891
"../../../Engine/Content/EngineResources/Development/ZenLogo_64.uasset" 892
"../../../Engine/Content/EngineResources/Development/ZenLogo_64.uexp" 893
"../../../Engine/Plugins/Interchange/Assets/Content/Functions/MX_Displacement.uasset" 894
"../../../Engine/Plugins/Interchange/Assets/Content/Functions/MX_Displacement.uexp" 895
"../../../Engine/Plugins/Animation/ControlRig/Content/Controls/ControlRig_Arrow4_solid.ubulk" 896
"../../../Engine/Plugins/Animation/ControlRig/Content/Controls/ControlRig_Arrow4_solid.uasset" 897
"../../../Engine/Plugins/Animation/ControlRig/Content/Controls/ControlRig_Arrow4_solid.uexp" 898
"../../../Engine/Plugins/Interchange/Assets/Content/Functions/MX_GeneralizedSchlickBSDF.uasset" 899
"../../../Engine/Plugins/Interchange/Assets/Content/Functions/MX_GeneralizedSchlickBSDF.uexp" 900
"../../../Engine/Content/EngineResources/FilmGrains/Marcie_Grain_v3_128_M2_000.uasset" 901
"../../../Engine/Content/EngineResources/FilmGrains/Marcie_Grain_v3_128_M2_000.uexp" 902
"../../../Engine/Content/VREditor/TransformGizmo/BoundingBoxCorner.ubulk" 903
"../../../Engine/Content/VREditor/TransformGizmo/BoundingBoxCorner.uasset" 904
"../../../Engine/Content/VREditor/TransformGizmo/BoundingBoxCorner.uexp" 905
"../../../Engine/Content/EditorBlueprintResources/StandardMacros.uasset" 906
"../../../Engine/Content/EditorBlueprintResources/StandardMacros.uexp" 907
"../../../Engine/Plugins/Interchange/Assets/Content/gltf/Textures/T_White_srgb.uasset" 908
"../../../Engine/Plugins/Interchange/Assets/Content/gltf/Textures/T_White_srgb.uexp" 909
"../../../Engine/Plugins/Interchange/Assets/Content/gltf/MaterialFunctions/MF_BaseColor.uasset" 910
"../../../Engine/Plugins/Interchange/Assets/Content/gltf/MaterialFunctions/MF_BaseColor.uexp" 911
"../../../Engine/Plugins/Interchange/Assets/Content/gltf/MaterialFunctions/MF_Emissive.uasset" 912
"../../../Engine/Plugins/Interchange/Assets/Content/gltf/MaterialFunctions/MF_Emissive.uexp" 913
"../../../Engine/Plugins/Interchange/Assets/Content/gltf/MaterialFunctions/MF_IOR.uasset" 914
"../../../Engine/Plugins/Interchange/Assets/Content/gltf/MaterialFunctions/MF_IOR.uexp" 915
"../../../Engine/Plugins/Interchange/Assets/Content/gltf/MaterialFunctions/MF_Iridescence.uasset" 916
"../../../Engine/Plugins/Interchange/Assets/Content/gltf/MaterialFunctions/MF_Iridescence.uexp" 917
"../../../Engine/Plugins/Interchange/Assets/Content/gltf/Textures/T_White_Linear.uasset" 918
"../../../Engine/Plugins/Interchange/Assets/Content/gltf/Textures/T_White_Linear.uexp" 919
"../../../Engine/Plugins/Interchange/Assets/Content/gltf/MaterialFunctions/MF_MetallicRoughness.uasset" 920
"../../../Engine/Plugins/Interchange/Assets/Content/gltf/MaterialFunctions/MF_MetallicRoughness.uexp" 921
"../../../Engine/Plugins/Interchange/Assets/Content/gltf/MaterialFunctions/MF_RotateNormals_TS.uasset" 922
"../../../Engine/Plugins/Interchange/Assets/Content/gltf/MaterialFunctions/MF_RotateNormals_TS.uexp" 923
"../../../Engine/Plugins/Interchange/Assets/Content/gltf/MaterialFunctions/MF_ScaleNormal.uasset" 924
"../../../Engine/Plugins/Interchange/Assets/Content/gltf/MaterialFunctions/MF_ScaleNormal.uexp" 925
"../../../Engine/Plugins/Interchange/Assets/Content/gltf/Textures/T_Generic_N.uasset" 926
"../../../Engine/Plugins/Interchange/Assets/Content/gltf/Textures/T_Generic_N.uexp" 927
"../../../Engine/Plugins/Interchange/Assets/Content/gltf/MaterialFunctions/MF_Normals.uasset" 928
"../../../Engine/Plugins/Interchange/Assets/Content/gltf/MaterialFunctions/MF_Normals.uexp" 929
"../../../Engine/Plugins/Interchange/Assets/Content/gltf/MaterialFunctions/MF_Occlusion.uasset" 930
"../../../Engine/Plugins/Interchange/Assets/Content/gltf/MaterialFunctions/MF_Occlusion.uexp" 931
"../../../Engine/Plugins/Interchange/Assets/Content/gltf/MaterialFunctions/MF_RotateV2.uasset" 932
"../../../Engine/Plugins/Interchange/Assets/Content/gltf/MaterialFunctions/MF_RotateV2.uexp" 933
"../../../Engine/Plugins/Interchange/Assets/Content/gltf/MaterialFunctions/MF_Specular.uasset" 934
"../../../Engine/Plugins/Interchange/Assets/Content/gltf/MaterialFunctions/MF_Specular.uexp" 935
"../../../Engine/Plugins/Interchange/Assets/Content/gltf/Textures/T_Anisotropy_Direction_Linear.uasset" 936
"../../../Engine/Plugins/Interchange/Assets/Content/gltf/Textures/T_Anisotropy_Direction_Linear.uexp" 937
"../../../Engine/Plugins/Interchange/Assets/Content/gltf/MaterialFunctions/MF_SpecularAnisotropy.uasset" 938
"../../../Engine/Plugins/Interchange/Assets/Content/gltf/MaterialFunctions/MF_SpecularAnisotropy.uexp" 939
"../../../Engine/Plugins/Interchange/Assets/Content/gltf/MaterialFunctions/MF_TransformUVs.uasset" 940
"../../../Engine/Plugins/Interchange/Assets/Content/gltf/MaterialFunctions/MF_TransformUVs.uexp" 941
"../../../Engine/Plugins/Interchange/Assets/Content/gltf/MaterialBodies/MF_Default_Body.uasset" 942
"../../../Engine/Plugins/Interchange/Assets/Content/gltf/MaterialBodies/MF_Default_Body.uexp" 943
"../../../Engine/Plugins/Interchange/Assets/Content/gltf/M_Default.uasset" 944
"../../../Engine/Plugins/Interchange/Assets/Content/gltf/M_Default.uexp" 945
"../../../Engine/Plugins/Interchange/Assets/Content/gltf/MaterialInstances/MI_Default_Opaque_DS.uasset" 946
"../../../Engine/Plugins/Interchange/Assets/Content/gltf/MaterialInstances/MI_Default_Opaque_DS.uexp" 947
"C:/Users/Antonio/Documents/Unreal Projects/MC/Content/_Project/Models/White_Drone/white_drone/Textures/white_drone_texture_0.ubulk" 948
"C:/Users/Antonio/Documents/Unreal Projects/MC/Content/_Project/Models/White_Drone/white_drone/Textures/white_drone_texture_0.uasset" 949
"C:/Users/Antonio/Documents/Unreal Projects/MC/Content/_Project/Models/White_Drone/white_drone/Textures/white_drone_texture_0.uexp" 950
"C:/Users/Antonio/Documents/Unreal Projects/MC/Content/_Project/Models/White_Drone/white_drone/Materials/Scene_-_Root.uasset" 951
"C:/Users/Antonio/Documents/Unreal Projects/MC/Content/_Project/Models/White_Drone/white_drone/Materials/Scene_-_Root.uexp" 952
"C:/Users/Antonio/Documents/Unreal Projects/MC/Content/_Project/Models/White_Drone/white_drone/StaticMeshes/white_drone.ubulk" 953
"C:/Users/Antonio/Documents/Unreal Projects/MC/Content/_Project/Models/White_Drone/white_drone/StaticMeshes/white_drone.uasset" 954
"C:/Users/Antonio/Documents/Unreal Projects/MC/Content/_Project/Models/White_Drone/white_drone/StaticMeshes/white_drone.uexp" 955
"C:/Users/Antonio/Documents/Unreal Projects/MC/Content/Blueprint/BP_DronePawn.uasset" 956
"C:/Users/Antonio/Documents/Unreal Projects/MC/Content/Blueprint/BP_DronePawn.uexp" 957
"C:/Users/Antonio/Documents/Unreal Projects/MC/Content/Blueprint/BP_DynamicPawn.uasset" 958
"C:/Users/Antonio/Documents/Unreal Projects/MC/Content/Blueprint/BP_DynamicPawn.uexp" 959
"C:/Users/Antonio/Documents/Unreal Projects/MC/Content/_Project/Models/ground_sensor/scene/Materials/marron_001.uasset" 960
"C:/Users/Antonio/Documents/Unreal Projects/MC/Content/_Project/Models/ground_sensor/scene/Materials/marron_001.uexp" 961
"C:/Users/Antonio/Documents/Unreal Projects/MC/Content/_Project/Models/ground_sensor/scene/StaticMeshes/marron_001-material.ubulk" 962
"C:/Users/Antonio/Documents/Unreal Projects/MC/Content/_Project/Models/ground_sensor/scene/StaticMeshes/marron_001-material.uasset" 963
"C:/Users/Antonio/Documents/Unreal Projects/MC/Content/_Project/Models/ground_sensor/scene/StaticMeshes/marron_001-material.uexp" 964
"C:/Users/Antonio/Documents/Unreal Projects/MC/Content/_Project/Models/ground_sensor/scene/Materials/metal_002.uasset" 965
"C:/Users/Antonio/Documents/Unreal Projects/MC/Content/_Project/Models/ground_sensor/scene/Materials/metal_002.uexp" 966
"C:/Users/Antonio/Documents/Unreal Projects/MC/Content/_Project/Models/ground_sensor/scene/StaticMeshes/metal_002-material.ubulk" 967
"C:/Users/Antonio/Documents/Unreal Projects/MC/Content/_Project/Models/ground_sensor/scene/StaticMeshes/metal_002-material.uasset" 968
"C:/Users/Antonio/Documents/Unreal Projects/MC/Content/_Project/Models/ground_sensor/scene/StaticMeshes/metal_002-material.uexp" 969
"C:/Users/Antonio/Documents/Unreal Projects/MC/Content/_Project/Models/ground_sensor/scene/Materials/material_0.uasset" 970
"C:/Users/Antonio/Documents/Unreal Projects/MC/Content/_Project/Models/ground_sensor/scene/Materials/material_0.uexp" 971
"C:/Users/Antonio/Documents/Unreal Projects/MC/Content/_Project/Models/ground_sensor/scene/StaticMeshes/Object_0.ubulk" 972
"C:/Users/Antonio/Documents/Unreal Projects/MC/Content/_Project/Models/ground_sensor/scene/StaticMeshes/Object_0.uasset" 973
"C:/Users/Antonio/Documents/Unreal Projects/MC/Content/_Project/Models/ground_sensor/scene/StaticMeshes/Object_0.uexp" 974
"../../../Engine/Plugins/Interchange/Assets/Content/gltf/MaterialInstances/MI_Default_Blend_DS.uasset" 975
"../../../Engine/Plugins/Interchange/Assets/Content/gltf/MaterialInstances/MI_Default_Blend_DS.uexp" 976
"C:/Users/Antonio/Documents/Unreal Projects/MC/Content/_Project/Models/ground_sensor/scene/Materials/BRANCO_004.uasset" 977
"C:/Users/Antonio/Documents/Unreal Projects/MC/Content/_Project/Models/ground_sensor/scene/Materials/BRANCO_004.uexp" 978
"C:/Users/Antonio/Documents/Unreal Projects/MC/Content/_Project/Models/ground_sensor/scene/StaticMeshes/_BRANCO_004-material.ubulk" 979
"C:/Users/Antonio/Documents/Unreal Projects/MC/Content/_Project/Models/ground_sensor/scene/StaticMeshes/_BRANCO_004-material.uasset" 980
"C:/Users/Antonio/Documents/Unreal Projects/MC/Content/_Project/Models/ground_sensor/scene/StaticMeshes/_BRANCO_004-material.uexp" 981
"C:/Users/Antonio/Documents/Unreal Projects/MC/Content/Blueprint/BP_GroundSensorActor.uasset" 982
"C:/Users/Antonio/Documents/Unreal Projects/MC/Content/Blueprint/BP_GroundSensorActor.uexp" 983
"C:/Users/Antonio/Documents/Unreal Projects/MC/Content/_Project/Models/harvester/the_harvester/Textures/the_harvester_texture_2.uasset" 984
"C:/Users/Antonio/Documents/Unreal Projects/MC/Content/_Project/Models/harvester/the_harvester/Textures/the_harvester_texture_2.uexp" 985
"C:/Users/Antonio/Documents/Unreal Projects/MC/Content/_Project/Models/harvester/the_harvester/Materials/comside13.uasset" 986
"C:/Users/Antonio/Documents/Unreal Projects/MC/Content/_Project/Models/harvester/the_harvester/Materials/comside13.uexp" 987
"C:/Users/Antonio/Documents/Unreal Projects/MC/Content/_Project/Models/harvester/the_harvester/StaticMeshes/CHBUMPR_DAT_comside13_0.ubulk" 988
"C:/Users/Antonio/Documents/Unreal Projects/MC/Content/_Project/Models/harvester/the_harvester/StaticMeshes/CHBUMPR_DAT_comside13_0.uasset" 989
"C:/Users/Antonio/Documents/Unreal Projects/MC/Content/_Project/Models/harvester/the_harvester/StaticMeshes/CHBUMPR_DAT_comside13_0.uexp" 990
"C:/Users/Antonio/Documents/Unreal Projects/MC/Content/_Project/Models/harvester/the_harvester/Textures/the_harvester_texture_0.uasset" 991
"C:/Users/Antonio/Documents/Unreal Projects/MC/Content/_Project/Models/harvester/the_harvester/Textures/the_harvester_texture_0.uexp" 992
"C:/Users/Antonio/Documents/Unreal Projects/MC/Content/_Project/Models/harvester/the_harvester/Materials/comside14.uasset" 993
"C:/Users/Antonio/Documents/Unreal Projects/MC/Content/_Project/Models/harvester/the_harvester/Materials/comside14.uexp" 994
"C:/Users/Antonio/Documents/Unreal Projects/MC/Content/_Project/Models/harvester/the_harvester/StaticMeshes/CHBUMPR_DAT_comside14_0.ubulk" 995
"C:/Users/Antonio/Documents/Unreal Projects/MC/Content/_Project/Models/harvester/the_harvester/StaticMeshes/CHBUMPR_DAT_comside14_0.uasset" 996
"C:/Users/Antonio/Documents/Unreal Projects/MC/Content/_Project/Models/harvester/the_harvester/StaticMeshes/CHBUMPR_DAT_comside14_0.uexp" 997
"C:/Users/Antonio/Documents/Unreal Projects/MC/Content/_Project/Models/harvester/the_harvester/Textures/the_harvester_texture_4.uasset" 998
"C:/Users/Antonio/Documents/Unreal Projects/MC/Content/_Project/Models/harvester/the_harvester/Textures/the_harvester_texture_4.uexp" 999
"C:/Users/Antonio/Documents/Unreal Projects/MC/Content/_Project/Models/harvester/the_harvester/Materials/comside4.uasset" 1000
"C:/Users/Antonio/Documents/Unreal Projects/MC/Content/_Project/Models/harvester/the_harvester/Materials/comside4.uexp" 1001
"C:/Users/Antonio/Documents/Unreal Projects/MC/Content/_Project/Models/harvester/the_harvester/StaticMeshes/CHBUMPR_DAT_comside4_0.ubulk" 1002
"C:/Users/Antonio/Documents/Unreal Projects/MC/Content/_Project/Models/harvester/the_harvester/StaticMeshes/CHBUMPR_DAT_comside4_0.uasset" 1003
"C:/Users/Antonio/Documents/Unreal Projects/MC/Content/_Project/Models/harvester/the_harvester/StaticMeshes/CHBUMPR_DAT_comside4_0.uexp" 1004
"C:/Users/Antonio/Documents/Unreal Projects/MC/Content/_Project/Models/harvester/the_harvester/Textures/the_harvester_texture_3.uasset" 1005
"C:/Users/Antonio/Documents/Unreal Projects/MC/Content/_Project/Models/harvester/the_harvester/Textures/the_harvester_texture_3.uexp" 1006
"C:/Users/Antonio/Documents/Unreal Projects/MC/Content/_Project/Models/harvester/the_harvester/Materials/comside5.uasset" 1007
"C:/Users/Antonio/Documents/Unreal Projects/MC/Content/_Project/Models/harvester/the_harvester/Materials/comside5.uexp" 1008
"C:/Users/Antonio/Documents/Unreal Projects/MC/Content/_Project/Models/harvester/the_harvester/StaticMeshes/CHBUMPR_DAT_comside5_0.ubulk" 1009
"C:/Users/Antonio/Documents/Unreal Projects/MC/Content/_Project/Models/harvester/the_harvester/StaticMeshes/CHBUMPR_DAT_comside5_0.uasset" 1010
"C:/Users/Antonio/Documents/Unreal Projects/MC/Content/_Project/Models/harvester/the_harvester/StaticMeshes/CHBUMPR_DAT_comside5_0.uexp" 1011
"C:/Users/Antonio/Documents/Unreal Projects/MC/Content/_Project/Models/harvester/the_harvester/Textures/the_harvester_texture_15.uasset" 1012
"C:/Users/Antonio/Documents/Unreal Projects/MC/Content/_Project/Models/harvester/the_harvester/Textures/the_harvester_texture_15.uexp" 1013
"C:/Users/Antonio/Documents/Unreal Projects/MC/Content/_Project/Models/harvester/the_harvester/Materials/comsideL.uasset" 1014
"C:/Users/Antonio/Documents/Unreal Projects/MC/Content/_Project/Models/harvester/the_harvester/Materials/comsideL.uexp" 1015
"C:/Users/Antonio/Documents/Unreal Projects/MC/Content/_Project/Models/harvester/the_harvester/StaticMeshes/CHBUMPR_DAT_comsideL_0.ubulk" 1016
"C:/Users/Antonio/Documents/Unreal Projects/MC/Content/_Project/Models/harvester/the_harvester/StaticMeshes/CHBUMPR_DAT_comsideL_0.uasset" 1017
"C:/Users/Antonio/Documents/Unreal Projects/MC/Content/_Project/Models/harvester/the_harvester/StaticMeshes/CHBUMPR_DAT_comsideL_0.uexp" 1018
"C:/Users/Antonio/Documents/Unreal Projects/MC/Content/_Project/Models/harvester/the_harvester/Materials/comsideR.uasset" 1019
"C:/Users/Antonio/Documents/Unreal Projects/MC/Content/_Project/Models/harvester/the_harvester/Materials/comsideR.uexp" 1020
"C:/Users/Antonio/Documents/Unreal Projects/MC/Content/_Project/Models/harvester/the_harvester/StaticMeshes/CHBUMPR_DAT_comsideR_0.ubulk" 1021
"C:/Users/Antonio/Documents/Unreal Projects/MC/Content/_Project/Models/harvester/the_harvester/StaticMeshes/CHBUMPR_DAT_comsideR_0.uasset" 1022
"C:/Users/Antonio/Documents/Unreal Projects/MC/Content/_Project/Models/harvester/the_harvester/StaticMeshes/CHBUMPR_DAT_comsideR_0.uexp" 1023
"C:/Users/Antonio/Documents/Unreal Projects/MC/Content/_Project/Models/harvester/the_harvester/Textures/the_harvester_texture_7.uasset" 1024
"C:/Users/Antonio/Documents/Unreal Projects/MC/Content/_Project/Models/harvester/the_harvester/Textures/the_harvester_texture_7.uexp" 1025
"C:/Users/Antonio/Documents/Unreal Projects/MC/Content/_Project/Models/harvester/the_harvester/Materials/comside12.uasset" 1026
"C:/Users/Antonio/Documents/Unreal Projects/MC/Content/_Project/Models/harvester/the_harvester/Materials/comside12.uexp" 1027
"C:/Users/Antonio/Documents/Unreal Projects/MC/Content/_Project/Models/harvester/the_harvester/StaticMeshes/CHCAB_DAT_comside12_0.ubulk" 1028
"C:/Users/Antonio/Documents/Unreal Projects/MC/Content/_Project/Models/harvester/the_harvester/StaticMeshes/CHCAB_DAT_comside12_0.uasset" 1029
"C:/Users/Antonio/Documents/Unreal Projects/MC/Content/_Project/Models/harvester/the_harvester/StaticMeshes/CHCAB_DAT_comside12_0.uexp" 1030
"C:/Users/Antonio/Documents/Unreal Projects/MC/Content/_Project/Models/harvester/the_harvester/StaticMeshes/CHCAB_DAT_comside13_0.ubulk" 1031
"C:/Users/Antonio/Documents/Unreal Projects/MC/Content/_Project/Models/harvester/the_harvester/StaticMeshes/CHCAB_DAT_comside13_0.uasset" 1032
"C:/Users/Antonio/Documents/Unreal Projects/MC/Content/_Project/Models/harvester/the_harvester/StaticMeshes/CHCAB_DAT_comside13_0.uexp" 1033
"C:/Users/Antonio/Documents/Unreal Projects/MC/Content/_Project/Models/harvester/the_harvester/StaticMeshes/CHCAB_DAT_comside14_0.ubulk" 1034
"C:/Users/Antonio/Documents/Unreal Projects/MC/Content/_Project/Models/harvester/the_harvester/StaticMeshes/CHCAB_DAT_comside14_0.uasset" 1035
"C:/Users/Antonio/Documents/Unreal Projects/MC/Content/_Project/Models/harvester/the_harvester/StaticMeshes/CHCAB_DAT_comside14_0.uexp" 1036
"C:/Users/Antonio/Documents/Unreal Projects/MC/Content/_Project/Models/harvester/the_harvester/Materials/comside4b.uasset" 1037
"C:/Users/Antonio/Documents/Unreal Projects/MC/Content/_Project/Models/harvester/the_harvester/Materials/comside4b.uexp" 1038
"C:/Users/Antonio/Documents/Unreal Projects/MC/Content/_Project/Models/harvester/the_harvester/StaticMeshes/CHCAB_DAT_comside4b_0.ubulk" 1039
"C:/Users/Antonio/Documents/Unreal Projects/MC/Content/_Project/Models/harvester/the_harvester/StaticMeshes/CHCAB_DAT_comside4b_0.uasset" 1040
"C:/Users/Antonio/Documents/Unreal Projects/MC/Content/_Project/Models/harvester/the_harvester/StaticMeshes/CHCAB_DAT_comside4b_0.uexp" 1041
"C:/Users/Antonio/Documents/Unreal Projects/MC/Content/_Project/Models/harvester/the_harvester/Materials/comside5b.uasset" 1042
"C:/Users/Antonio/Documents/Unreal Projects/MC/Content/_Project/Models/harvester/the_harvester/Materials/comside5b.uexp" 1043
"C:/Users/Antonio/Documents/Unreal Projects/MC/Content/_Project/Models/harvester/the_harvester/StaticMeshes/CHCAB_DAT_comside5b_0.ubulk" 1044
"C:/Users/Antonio/Documents/Unreal Projects/MC/Content/_Project/Models/harvester/the_harvester/StaticMeshes/CHCAB_DAT_comside5b_0.uasset" 1045
"C:/Users/Antonio/Documents/Unreal Projects/MC/Content/_Project/Models/harvester/the_harvester/StaticMeshes/CHCAB_DAT_comside5b_0.uexp" 1046
"C:/Users/Antonio/Documents/Unreal Projects/MC/Content/_Project/Models/harvester/the_harvester/StaticMeshes/CHCAB_DAT_comside5_0.ubulk" 1047
"C:/Users/Antonio/Documents/Unreal Projects/MC/Content/_Project/Models/harvester/the_harvester/StaticMeshes/CHCAB_DAT_comside5_0.uasset" 1048
"C:/Users/Antonio/Documents/Unreal Projects/MC/Content/_Project/Models/harvester/the_harvester/StaticMeshes/CHCAB_DAT_comside5_0.uexp" 1049
"C:/Users/Antonio/Documents/Unreal Projects/MC/Content/_Project/Models/harvester/the_harvester/StaticMeshes/CHCHUTE_DAT_comside13_0.ubulk" 1050
"C:/Users/Antonio/Documents/Unreal Projects/MC/Content/_Project/Models/harvester/the_harvester/StaticMeshes/CHCHUTE_DAT_comside13_0.uasset" 1051
"C:/Users/Antonio/Documents/Unreal Projects/MC/Content/_Project/Models/harvester/the_harvester/StaticMeshes/CHCHUTE_DAT_comside13_0.uexp" 1052
"C:/Users/Antonio/Documents/Unreal Projects/MC/Content/_Project/Models/harvester/the_harvester/StaticMeshes/CHCHUTE_DAT_comside4b_0.ubulk" 1053
"C:/Users/Antonio/Documents/Unreal Projects/MC/Content/_Project/Models/harvester/the_harvester/StaticMeshes/CHCHUTE_DAT_comside4b_0.uasset" 1054
"C:/Users/Antonio/Documents/Unreal Projects/MC/Content/_Project/Models/harvester/the_harvester/StaticMeshes/CHCHUTE_DAT_comside4b_0.uexp" 1055
"C:/Users/Antonio/Documents/Unreal Projects/MC/Content/_Project/Models/harvester/the_harvester/StaticMeshes/CHCHUTE_DAT_comside5b_0.ubulk" 1056
"C:/Users/Antonio/Documents/Unreal Projects/MC/Content/_Project/Models/harvester/the_harvester/StaticMeshes/CHCHUTE_DAT_comside5b_0.uasset" 1057
"C:/Users/Antonio/Documents/Unreal Projects/MC/Content/_Project/Models/harvester/the_harvester/StaticMeshes/CHCHUTE_DAT_comside5b_0.uexp" 1058
"C:/Users/Antonio/Documents/Unreal Projects/MC/Content/_Project/Models/harvester/the_harvester/StaticMeshes/CHFORKL_DAT_comside13_0.ubulk" 1059
"C:/Users/Antonio/Documents/Unreal Projects/MC/Content/_Project/Models/harvester/the_harvester/StaticMeshes/CHFORKL_DAT_comside13_0.uasset" 1060
"C:/Users/Antonio/Documents/Unreal Projects/MC/Content/_Project/Models/harvester/the_harvester/StaticMeshes/CHFORKL_DAT_comside13_0.uexp" 1061
"C:/Users/Antonio/Documents/Unreal Projects/MC/Content/_Project/Models/harvester/the_harvester/StaticMeshes/CHFORKL_DAT_comside14_0.ubulk" 1062
"C:/Users/Antonio/Documents/Unreal Projects/MC/Content/_Project/Models/harvester/the_harvester/StaticMeshes/CHFORKL_DAT_comside14_0.uasset" 1063
"C:/Users/Antonio/Documents/Unreal Projects/MC/Content/_Project/Models/harvester/the_harvester/StaticMeshes/CHFORKL_DAT_comside14_0.uexp" 1064
"C:/Users/Antonio/Documents/Unreal Projects/MC/Content/_Project/Models/harvester/the_harvester/StaticMeshes/CHFORKL_DAT_comside5_0.ubulk" 1065
"C:/Users/Antonio/Documents/Unreal Projects/MC/Content/_Project/Models/harvester/the_harvester/StaticMeshes/CHFORKL_DAT_comside5_0.uasset" 1066
"C:/Users/Antonio/Documents/Unreal Projects/MC/Content/_Project/Models/harvester/the_harvester/StaticMeshes/CHFORKL_DAT_comside5_0.uexp" 1067
"C:/Users/Antonio/Documents/Unreal Projects/MC/Content/_Project/Models/harvester/the_harvester/Textures/the_harvester_texture_23.uasset" 1068
"C:/Users/Antonio/Documents/Unreal Projects/MC/Content/_Project/Models/harvester/the_harvester/Textures/the_harvester_texture_23.uexp" 1069
"C:/Users/Antonio/Documents/Unreal Projects/MC/Content/_Project/Models/harvester/the_harvester/Materials/comside7.uasset" 1070
"C:/Users/Antonio/Documents/Unreal Projects/MC/Content/_Project/Models/harvester/the_harvester/Materials/comside7.uexp" 1071
"C:/Users/Antonio/Documents/Unreal Projects/MC/Content/_Project/Models/harvester/the_harvester/StaticMeshes/CHFORKL_DAT_comside7_0.ubulk" 1072
"C:/Users/Antonio/Documents/Unreal Projects/MC/Content/_Project/Models/harvester/the_harvester/StaticMeshes/CHFORKL_DAT_comside7_0.uasset" 1073
"C:/Users/Antonio/Documents/Unreal Projects/MC/Content/_Project/Models/harvester/the_harvester/StaticMeshes/CHFORKL_DAT_comside7_0.uexp" 1074
"C:/Users/Antonio/Documents/Unreal Projects/MC/Content/_Project/Models/harvester/the_harvester/Textures/the_harvester_texture_22.uasset" 1075
"C:/Users/Antonio/Documents/Unreal Projects/MC/Content/_Project/Models/harvester/the_harvester/Textures/the_harvester_texture_22.uexp" 1076
"C:/Users/Antonio/Documents/Unreal Projects/MC/Content/_Project/Models/harvester/the_harvester/Materials/comside9.uasset" 1077
"C:/Users/Antonio/Documents/Unreal Projects/MC/Content/_Project/Models/harvester/the_harvester/Materials/comside9.uexp" 1078
"C:/Users/Antonio/Documents/Unreal Projects/MC/Content/_Project/Models/harvester/the_harvester/StaticMeshes/CHFORKL_DAT_comside9_0.ubulk" 1079
"C:/Users/Antonio/Documents/Unreal Projects/MC/Content/_Project/Models/harvester/the_harvester/StaticMeshes/CHFORKL_DAT_comside9_0.uasset" 1080
"C:/Users/Antonio/Documents/Unreal Projects/MC/Content/_Project/Models/harvester/the_harvester/StaticMeshes/CHFORKL_DAT_comside9_0.uexp" 1081
"C:/Users/Antonio/Documents/Unreal Projects/MC/Content/_Project/Models/harvester/the_harvester/StaticMeshes/CHFORKR_DAT_comside13_0.ubulk" 1082
"C:/Users/Antonio/Documents/Unreal Projects/MC/Content/_Project/Models/harvester/the_harvester/StaticMeshes/CHFORKR_DAT_comside13_0.uasset" 1083
"C:/Users/Antonio/Documents/Unreal Projects/MC/Content/_Project/Models/harvester/the_harvester/StaticMeshes/CHFORKR_DAT_comside13_0.uexp" 1084
"C:/Users/Antonio/Documents/Unreal Projects/MC/Content/_Project/Models/harvester/the_harvester/StaticMeshes/CHFORKR_DAT_comside14_0.ubulk" 1085
"C:/Users/Antonio/Documents/Unreal Projects/MC/Content/_Project/Models/harvester/the_harvester/StaticMeshes/CHFORKR_DAT_comside14_0.uasset" 1086
"C:/Users/Antonio/Documents/Unreal Projects/MC/Content/_Project/Models/harvester/the_harvester/StaticMeshes/CHFORKR_DAT_comside14_0.uexp" 1087
"C:/Users/Antonio/Documents/Unreal Projects/MC/Content/_Project/Models/harvester/the_harvester/StaticMeshes/CHFORKR_DAT_comside5_0.ubulk" 1088
"C:/Users/Antonio/Documents/Unreal Projects/MC/Content/_Project/Models/harvester/the_harvester/StaticMeshes/CHFORKR_DAT_comside5_0.uasset" 1089
"C:/Users/Antonio/Documents/Unreal Projects/MC/Content/_Project/Models/harvester/the_harvester/StaticMeshes/CHFORKR_DAT_comside5_0.uexp" 1090
"C:/Users/Antonio/Documents/Unreal Projects/MC/Content/_Project/Models/harvester/the_harvester/StaticMeshes/CHFORKR_DAT_comside7_0.ubulk" 1091
"C:/Users/Antonio/Documents/Unreal Projects/MC/Content/_Project/Models/harvester/the_harvester/StaticMeshes/CHFORKR_DAT_comside7_0.uasset" 1092
"C:/Users/Antonio/Documents/Unreal Projects/MC/Content/_Project/Models/harvester/the_harvester/StaticMeshes/CHFORKR_DAT_comside7_0.uexp" 1093
"C:/Users/Antonio/Documents/Unreal Projects/MC/Content/_Project/Models/harvester/the_harvester/StaticMeshes/CHFORKR_DAT_comside9_0.ubulk" 1094
"C:/Users/Antonio/Documents/Unreal Projects/MC/Content/_Project/Models/harvester/the_harvester/StaticMeshes/CHFORKR_DAT_comside9_0.uasset" 1095
"C:/Users/Antonio/Documents/Unreal Projects/MC/Content/_Project/Models/harvester/the_harvester/StaticMeshes/CHFORKR_DAT_comside9_0.uexp" 1096
"C:/Users/Antonio/Documents/Unreal Projects/MC/Content/_Project/Models/harvester/the_harvester/StaticMeshes/CHFORK_DAT_comside13_0.ubulk" 1097
"C:/Users/Antonio/Documents/Unreal Projects/MC/Content/_Project/Models/harvester/the_harvester/StaticMeshes/CHFORK_DAT_comside13_0.uasset" 1098
"C:/Users/Antonio/Documents/Unreal Projects/MC/Content/_Project/Models/harvester/the_harvester/StaticMeshes/CHFORK_DAT_comside13_0.uexp" 1099
"C:/Users/Antonio/Documents/Unreal Projects/MC/Content/_Project/Models/harvester/the_harvester/StaticMeshes/CHFORK_DAT_comside14_0.ubulk" 1100
"C:/Users/Antonio/Documents/Unreal Projects/MC/Content/_Project/Models/harvester/the_harvester/StaticMeshes/CHFORK_DAT_comside14_0.uasset" 1101
"C:/Users/Antonio/Documents/Unreal Projects/MC/Content/_Project/Models/harvester/the_harvester/StaticMeshes/CHFORK_DAT_comside14_0.uexp" 1102
"C:/Users/Antonio/Documents/Unreal Projects/MC/Content/_Project/Models/harvester/the_harvester/Textures/the_harvester_texture_9.uasset" 1103
"C:/Users/Antonio/Documents/Unreal Projects/MC/Content/_Project/Models/harvester/the_harvester/Textures/the_harvester_texture_9.uexp" 1104
"C:/Users/Antonio/Documents/Unreal Projects/MC/Content/_Project/Models/harvester/the_harvester/Materials/comside15.uasset" 1105
"C:/Users/Antonio/Documents/Unreal Projects/MC/Content/_Project/Models/harvester/the_harvester/Materials/comside15.uexp" 1106
"C:/Users/Antonio/Documents/Unreal Projects/MC/Content/_Project/Models/harvester/the_harvester/StaticMeshes/CHFORK_DAT_comside15_0.ubulk" 1107
"C:/Users/Antonio/Documents/Unreal Projects/MC/Content/_Project/Models/harvester/the_harvester/StaticMeshes/CHFORK_DAT_comside15_0.uasset" 1108
"C:/Users/Antonio/Documents/Unreal Projects/MC/Content/_Project/Models/harvester/the_harvester/StaticMeshes/CHFORK_DAT_comside15_0.uexp" 1109
"C:/Users/Antonio/Documents/Unreal Projects/MC/Content/_Project/Models/harvester/the_harvester/StaticMeshes/CHFORK_DAT_comside5_0.ubulk" 1110
"C:/Users/Antonio/Documents/Unreal Projects/MC/Content/_Project/Models/harvester/the_harvester/StaticMeshes/CHFORK_DAT_comside5_0.uasset" 1111
"C:/Users/Antonio/Documents/Unreal Projects/MC/Content/_Project/Models/harvester/the_harvester/StaticMeshes/CHFORK_DAT_comside5_0.uexp" 1112
"C:/Users/Antonio/Documents/Unreal Projects/MC/Content/_Project/Models/harvester/the_harvester/StaticMeshes/CHHOPPA_DAT_comside12_0.ubulk" 1113
"C:/Users/Antonio/Documents/Unreal Projects/MC/Content/_Project/Models/harvester/the_harvester/StaticMeshes/CHHOPPA_DAT_comside12_0.uasset" 1114
"C:/Users/Antonio/Documents/Unreal Projects/MC/Content/_Project/Models/harvester/the_harvester/StaticMeshes/CHHOPPA_DAT_comside12_0.uexp" 1115
"C:/Users/Antonio/Documents/Unreal Projects/MC/Content/_Project/Models/harvester/the_harvester/StaticMeshes/CHHOPPA_DAT_comside14_0.ubulk" 1116
"C:/Users/Antonio/Documents/Unreal Projects/MC/Content/_Project/Models/harvester/the_harvester/StaticMeshes/CHHOPPA_DAT_comside14_0.uasset" 1117
"C:/Users/Antonio/Documents/Unreal Projects/MC/Content/_Project/Models/harvester/the_harvester/StaticMeshes/CHHOPPA_DAT_comside14_0.uexp" 1118
"C:/Users/Antonio/Documents/Unreal Projects/MC/Content/_Project/Models/harvester/the_harvester/StaticMeshes/CHHOPPA_DAT_comside4_0.ubulk" 1119
"C:/Users/Antonio/Documents/Unreal Projects/MC/Content/_Project/Models/harvester/the_harvester/StaticMeshes/CHHOPPA_DAT_comside4_0.uasset" 1120
"C:/Users/Antonio/Documents/Unreal Projects/MC/Content/_Project/Models/harvester/the_harvester/StaticMeshes/CHHOPPA_DAT_comside4_0.uexp" 1121
"C:/Users/Antonio/Documents/Unreal Projects/MC/Content/_Project/Models/harvester/the_harvester/Textures/the_harvester_texture_17.uasset" 1122
"C:/Users/Antonio/Documents/Unreal Projects/MC/Content/_Project/Models/harvester/the_harvester/Textures/the_harvester_texture_17.uexp" 1123
"C:/Users/Antonio/Documents/Unreal Projects/MC/Content/_Project/Models/harvester/the_harvester/Materials/comside8.uasset" 1124
"C:/Users/Antonio/Documents/Unreal Projects/MC/Content/_Project/Models/harvester/the_harvester/Materials/comside8.uexp" 1125
"C:/Users/Antonio/Documents/Unreal Projects/MC/Content/_Project/Models/harvester/the_harvester/StaticMeshes/CHMIRHL_DAT_comside8_0.ubulk" 1126
"C:/Users/Antonio/Documents/Unreal Projects/MC/Content/_Project/Models/harvester/the_harvester/StaticMeshes/CHMIRHL_DAT_comside8_0.uasset" 1127
"C:/Users/Antonio/Documents/Unreal Projects/MC/Content/_Project/Models/harvester/the_harvester/StaticMeshes/CHMIRHL_DAT_comside8_0.uexp" 1128
"C:/Users/Antonio/Documents/Unreal Projects/MC/Content/_Project/Models/harvester/the_harvester/StaticMeshes/CHMIRHR_DAT_comside8_0.ubulk" 1129
"C:/Users/Antonio/Documents/Unreal Projects/MC/Content/_Project/Models/harvester/the_harvester/StaticMeshes/CHMIRHR_DAT_comside8_0.uasset" 1130
"C:/Users/Antonio/Documents/Unreal Projects/MC/Content/_Project/Models/harvester/the_harvester/StaticMeshes/CHMIRHR_DAT_comside8_0.uexp" 1131
"C:/Users/Antonio/Documents/Unreal Projects/MC/Content/_Project/Models/harvester/the_harvester/Textures/the_harvester_texture_10.uasset" 1132
"C:/Users/Antonio/Documents/Unreal Projects/MC/Content/_Project/Models/harvester/the_harvester/Textures/the_harvester_texture_10.uexp" 1133
"C:/Users/Antonio/Documents/Unreal Projects/MC/Content/_Project/Models/harvester/the_harvester/Materials/comside11.uasset" 1134
"C:/Users/Antonio/Documents/Unreal Projects/MC/Content/_Project/Models/harvester/the_harvester/Materials/comside11.uexp" 1135
"C:/Users/Antonio/Documents/Unreal Projects/MC/Content/_Project/Models/harvester/the_harvester/StaticMeshes/CHMIRL_DAT_comside11_0.ubulk" 1136
"C:/Users/Antonio/Documents/Unreal Projects/MC/Content/_Project/Models/harvester/the_harvester/StaticMeshes/CHMIRL_DAT_comside11_0.uasset" 1137
"C:/Users/Antonio/Documents/Unreal Projects/MC/Content/_Project/Models/harvester/the_harvester/StaticMeshes/CHMIRL_DAT_comside11_0.uexp" 1138
"C:/Users/Antonio/Documents/Unreal Projects/MC/Content/_Project/Models/harvester/the_harvester/StaticMeshes/CHMIRL_DAT_comside13_0.ubulk" 1139
"C:/Users/Antonio/Documents/Unreal Projects/MC/Content/_Project/Models/harvester/the_harvester/StaticMeshes/CHMIRL_DAT_comside13_0.uasset" 1140
"C:/Users/Antonio/Documents/Unreal Projects/MC/Content/_Project/Models/harvester/the_harvester/StaticMeshes/CHMIRL_DAT_comside13_0.uexp" 1141
"C:/Users/Antonio/Documents/Unreal Projects/MC/Content/_Project/Models/harvester/the_harvester/StaticMeshes/CHMIRL_DAT_comside14_0.ubulk" 1142
"C:/Users/Antonio/Documents/Unreal Projects/MC/Content/_Project/Models/harvester/the_harvester/StaticMeshes/CHMIRL_DAT_comside14_0.uasset" 1143
"C:/Users/Antonio/Documents/Unreal Projects/MC/Content/_Project/Models/harvester/the_harvester/StaticMeshes/CHMIRL_DAT_comside14_0.uexp" 1144
"C:/Users/Antonio/Documents/Unreal Projects/MC/Content/_Project/Models/harvester/the_harvester/StaticMeshes/CHMIRR_DAT_comside11_0.ubulk" 1145
"C:/Users/Antonio/Documents/Unreal Projects/MC/Content/_Project/Models/harvester/the_harvester/StaticMeshes/CHMIRR_DAT_comside11_0.uasset" 1146
"C:/Users/Antonio/Documents/Unreal Projects/MC/Content/_Project/Models/harvester/the_harvester/StaticMeshes/CHMIRR_DAT_comside11_0.uexp" 1147
"C:/Users/Antonio/Documents/Unreal Projects/MC/Content/_Project/Models/harvester/the_harvester/StaticMeshes/CHMIRR_DAT_comside13_0.ubulk" 1148
"C:/Users/Antonio/Documents/Unreal Projects/MC/Content/_Project/Models/harvester/the_harvester/StaticMeshes/CHMIRR_DAT_comside13_0.uasset" 1149
"C:/Users/Antonio/Documents/Unreal Projects/MC/Content/_Project/Models/harvester/the_harvester/StaticMeshes/CHMIRR_DAT_comside13_0.uexp" 1150
"C:/Users/Antonio/Documents/Unreal Projects/MC/Content/_Project/Models/harvester/the_harvester/StaticMeshes/CHMIRR_DAT_comside14_0.ubulk" 1151
"C:/Users/Antonio/Documents/Unreal Projects/MC/Content/_Project/Models/harvester/the_harvester/StaticMeshes/CHMIRR_DAT_comside14_0.uasset" 1152
"C:/Users/Antonio/Documents/Unreal Projects/MC/Content/_Project/Models/harvester/the_harvester/StaticMeshes/CHMIRR_DAT_comside14_0.uexp" 1153
"C:/Users/Antonio/Documents/Unreal Projects/MC/Content/_Project/Models/harvester/the_harvester/StaticMeshes/CHROOF_DAT_comside14_0.ubulk" 1154
"C:/Users/Antonio/Documents/Unreal Projects/MC/Content/_Project/Models/harvester/the_harvester/StaticMeshes/CHROOF_DAT_comside14_0.uasset" 1155
"C:/Users/Antonio/Documents/Unreal Projects/MC/Content/_Project/Models/harvester/the_harvester/StaticMeshes/CHROOF_DAT_comside14_0.uexp" 1156
"C:/Users/Antonio/Documents/Unreal Projects/MC/Content/_Project/Models/harvester/the_harvester/StaticMeshes/CHROOF_DAT_comside4b_0.ubulk" 1157
"C:/Users/Antonio/Documents/Unreal Projects/MC/Content/_Project/Models/harvester/the_harvester/StaticMeshes/CHROOF_DAT_comside4b_0.uasset" 1158
"C:/Users/Antonio/Documents/Unreal Projects/MC/Content/_Project/Models/harvester/the_harvester/StaticMeshes/CHROOF_DAT_comside4b_0.uexp" 1159
"C:/Users/Antonio/Documents/Unreal Projects/MC/Content/_Project/Models/harvester/the_harvester/StaticMeshes/CHROOF_DAT_comside5b_0.ubulk" 1160
"C:/Users/Antonio/Documents/Unreal Projects/MC/Content/_Project/Models/harvester/the_harvester/StaticMeshes/CHROOF_DAT_comside5b_0.uasset" 1161
"C:/Users/Antonio/Documents/Unreal Projects/MC/Content/_Project/Models/harvester/the_harvester/StaticMeshes/CHROOF_DAT_comside5b_0.uexp" 1162
"C:/Users/Antonio/Documents/Unreal Projects/MC/Content/_Project/Models/harvester/the_harvester/StaticMeshes/CHROOF_DAT_comside5_0.ubulk" 1163
"C:/Users/Antonio/Documents/Unreal Projects/MC/Content/_Project/Models/harvester/the_harvester/StaticMeshes/CHROOF_DAT_comside5_0.uasset" 1164
"C:/Users/Antonio/Documents/Unreal Projects/MC/Content/_Project/Models/harvester/the_harvester/StaticMeshes/CHROOF_DAT_comside5_0.uexp" 1165
"C:/Users/Antonio/Documents/Unreal Projects/MC/Content/_Project/Models/harvester/the_harvester/Textures/the_harvester_texture_18.uasset" 1166
"C:/Users/Antonio/Documents/Unreal Projects/MC/Content/_Project/Models/harvester/the_harvester/Textures/the_harvester_texture_18.uexp" 1167
"C:/Users/Antonio/Documents/Unreal Projects/MC/Content/_Project/Models/harvester/the_harvester/Materials/comside6.uasset" 1168
"C:/Users/Antonio/Documents/Unreal Projects/MC/Content/_Project/Models/harvester/the_harvester/Materials/comside6.uexp" 1169
"C:/Users/Antonio/Documents/Unreal Projects/MC/Content/_Project/Models/harvester/the_harvester/StaticMeshes/CHROOF_DAT_comside6_0.ubulk" 1170
"C:/Users/Antonio/Documents/Unreal Projects/MC/Content/_Project/Models/harvester/the_harvester/StaticMeshes/CHROOF_DAT_comside6_0.uasset" 1171
"C:/Users/Antonio/Documents/Unreal Projects/MC/Content/_Project/Models/harvester/the_harvester/StaticMeshes/CHROOF_DAT_comside6_0.uexp" 1172
"C:/Users/Antonio/Documents/Unreal Projects/MC/Content/_Project/Models/harvester/the_harvester/StaticMeshes/CHSEAT_DAT_comside13_0.ubulk" 1173
"C:/Users/Antonio/Documents/Unreal Projects/MC/Content/_Project/Models/harvester/the_harvester/StaticMeshes/CHSEAT_DAT_comside13_0.uasset" 1174
"C:/Users/Antonio/Documents/Unreal Projects/MC/Content/_Project/Models/harvester/the_harvester/StaticMeshes/CHSEAT_DAT_comside13_0.uexp" 1175
"C:/Users/Antonio/Documents/Unreal Projects/MC/Content/_Project/Models/harvester/the_harvester/StaticMeshes/CHSEAT_DAT_comside14_0.ubulk" 1176
"C:/Users/Antonio/Documents/Unreal Projects/MC/Content/_Project/Models/harvester/the_harvester/StaticMeshes/CHSEAT_DAT_comside14_0.uasset" 1177
"C:/Users/Antonio/Documents/Unreal Projects/MC/Content/_Project/Models/harvester/the_harvester/StaticMeshes/CHSEAT_DAT_comside14_0.uexp" 1178
"C:/Users/Antonio/Documents/Unreal Projects/MC/Content/_Project/Models/harvester/the_harvester/Textures/the_harvester_texture_21.uasset" 1179
"C:/Users/Antonio/Documents/Unreal Projects/MC/Content/_Project/Models/harvester/the_harvester/Textures/the_harvester_texture_21.uexp" 1180
"C:/Users/Antonio/Documents/Unreal Projects/MC/Content/_Project/Models/harvester/the_harvester/Materials/comside16.uasset" 1181
"C:/Users/Antonio/Documents/Unreal Projects/MC/Content/_Project/Models/harvester/the_harvester/Materials/comside16.uexp" 1182
"C:/Users/Antonio/Documents/Unreal Projects/MC/Content/_Project/Models/harvester/the_harvester/StaticMeshes/CHSTEP_DAT_comside16_0.ubulk" 1183
"C:/Users/Antonio/Documents/Unreal Projects/MC/Content/_Project/Models/harvester/the_harvester/StaticMeshes/CHSTEP_DAT_comside16_0.uasset" 1184
"C:/Users/Antonio/Documents/Unreal Projects/MC/Content/_Project/Models/harvester/the_harvester/StaticMeshes/CHSTEP_DAT_comside16_0.uexp" 1185
"C:/Users/Antonio/Documents/Unreal Projects/MC/Content/_Project/Models/harvester/the_harvester/Textures/the_harvester_texture_20.uasset" 1186
"C:/Users/Antonio/Documents/Unreal Projects/MC/Content/_Project/Models/harvester/the_harvester/Textures/the_harvester_texture_20.uexp" 1187
"C:/Users/Antonio/Documents/Unreal Projects/MC/Content/_Project/Models/harvester/the_harvester/Materials/comside20.uasset" 1188
"C:/Users/Antonio/Documents/Unreal Projects/MC/Content/_Project/Models/harvester/the_harvester/Materials/comside20.uexp" 1189
"C:/Users/Antonio/Documents/Unreal Projects/MC/Content/_Project/Models/harvester/the_harvester/StaticMeshes/CHSTEP_DAT_comside20_0.ubulk" 1190
"C:/Users/Antonio/Documents/Unreal Projects/MC/Content/_Project/Models/harvester/the_harvester/StaticMeshes/CHSTEP_DAT_comside20_0.uasset" 1191
"C:/Users/Antonio/Documents/Unreal Projects/MC/Content/_Project/Models/harvester/the_harvester/StaticMeshes/CHSTEP_DAT_comside20_0.uexp" 1192
"C:/Users/Antonio/Documents/Unreal Projects/MC/Content/_Project/Models/harvester/the_harvester/StaticMeshes/CHWIN_DAT_comside13_0.ubulk" 1193
"C:/Users/Antonio/Documents/Unreal Projects/MC/Content/_Project/Models/harvester/the_harvester/StaticMeshes/CHWIN_DAT_comside13_0.uasset" 1194
"C:/Users/Antonio/Documents/Unreal Projects/MC/Content/_Project/Models/harvester/the_harvester/StaticMeshes/CHWIN_DAT_comside13_0.uexp" 1195
"C:/Users/Antonio/Documents/Unreal Projects/MC/Content/_Project/Models/harvester/the_harvester/StaticMeshes/CHWIN_DAT_comside14_0.ubulk" 1196
"C:/Users/Antonio/Documents/Unreal Projects/MC/Content/_Project/Models/harvester/the_harvester/StaticMeshes/CHWIN_DAT_comside14_0.uasset" 1197
"C:/Users/Antonio/Documents/Unreal Projects/MC/Content/_Project/Models/harvester/the_harvester/StaticMeshes/CHWIN_DAT_comside14_0.uexp" 1198
"C:/Users/Antonio/Documents/Unreal Projects/MC/Content/_Project/Models/harvester/the_harvester/Textures/the_harvester_texture_16.uasset" 1199
"C:/Users/Antonio/Documents/Unreal Projects/MC/Content/_Project/Models/harvester/the_harvester/Textures/the_harvester_texture_16.uexp" 1200
"C:/Users/Antonio/Documents/Unreal Projects/MC/Content/_Project/Models/harvester/the_harvester/Materials/comwinr.uasset" 1201
"C:/Users/Antonio/Documents/Unreal Projects/MC/Content/_Project/Models/harvester/the_harvester/Materials/comwinr.uexp" 1202
"C:/Users/Antonio/Documents/Unreal Projects/MC/Content/_Project/Models/harvester/the_harvester/StaticMeshes/CHWIN_DAT_comwinr_0.ubulk" 1203
"C:/Users/Antonio/Documents/Unreal Projects/MC/Content/_Project/Models/harvester/the_harvester/StaticMeshes/CHWIN_DAT_comwinr_0.uasset" 1204
"C:/Users/Antonio/Documents/Unreal Projects/MC/Content/_Project/Models/harvester/the_harvester/StaticMeshes/CHWIN_DAT_comwinr_0.uexp" 1205
"C:/Users/Antonio/Documents/Unreal Projects/MC/Content/_Project/Models/harvester/the_harvester/Materials/conwind.uasset" 1206
"C:/Users/Antonio/Documents/Unreal Projects/MC/Content/_Project/Models/harvester/the_harvester/Materials/conwind.uexp" 1207
"C:/Users/Antonio/Documents/Unreal Projects/MC/Content/_Project/Models/harvester/the_harvester/StaticMeshes/CHWIN_DAT_conwind_0.ubulk" 1208
"C:/Users/Antonio/Documents/Unreal Projects/MC/Content/_Project/Models/harvester/the_harvester/StaticMeshes/CHWIN_DAT_conwind_0.uasset" 1209
"C:/Users/Antonio/Documents/Unreal Projects/MC/Content/_Project/Models/harvester/the_harvester/StaticMeshes/CHWIN_DAT_conwind_0.uexp" 1210
"C:/Users/Antonio/Documents/Unreal Projects/MC/Content/_Project/Models/harvester/the_harvester/Materials/conwinl.uasset" 1211
"C:/Users/Antonio/Documents/Unreal Projects/MC/Content/_Project/Models/harvester/the_harvester/Materials/conwinl.uexp" 1212
"C:/Users/Antonio/Documents/Unreal Projects/MC/Content/_Project/Models/harvester/the_harvester/StaticMeshes/CHWIN_DAT_conwinl_0.ubulk" 1213
"C:/Users/Antonio/Documents/Unreal Projects/MC/Content/_Project/Models/harvester/the_harvester/StaticMeshes/CHWIN_DAT_conwinl_0.uasset" 1214
"C:/Users/Antonio/Documents/Unreal Projects/MC/Content/_Project/Models/harvester/the_harvester/StaticMeshes/CHWIN_DAT_conwinl_0.uexp" 1215
"C:/Users/Antonio/Documents/Unreal Projects/MC/Content/_Project/Models/harvester/the_harvester/Textures/the_harvester_texture_19.uasset" 1216
"C:/Users/Antonio/Documents/Unreal Projects/MC/Content/_Project/Models/harvester/the_harvester/Textures/the_harvester_texture_19.uexp" 1217
"C:/Users/Antonio/Documents/Unreal Projects/MC/Content/_Project/Models/harvester/the_harvester/Materials/comside10.uasset" 1218
"C:/Users/Antonio/Documents/Unreal Projects/MC/Content/_Project/Models/harvester/the_harvester/Materials/comside10.uexp" 1219
"C:/Users/Antonio/Documents/Unreal Projects/MC/Content/_Project/Models/harvester/the_harvester/StaticMeshes/CUTTER_comside10_0.ubulk" 1220
"C:/Users/Antonio/Documents/Unreal Projects/MC/Content/_Project/Models/harvester/the_harvester/StaticMeshes/CUTTER_comside10_0.uasset" 1221
"C:/Users/Antonio/Documents/Unreal Projects/MC/Content/_Project/Models/harvester/the_harvester/StaticMeshes/CUTTER_comside10_0.uexp" 1222
"C:/Users/Antonio/Documents/Unreal Projects/MC/Content/_Project/Models/harvester/the_harvester/StaticMeshes/CUTTER_comside11_0.ubulk" 1223
"C:/Users/Antonio/Documents/Unreal Projects/MC/Content/_Project/Models/harvester/the_harvester/StaticMeshes/CUTTER_comside11_0.uasset" 1224
"C:/Users/Antonio/Documents/Unreal Projects/MC/Content/_Project/Models/harvester/the_harvester/StaticMeshes/CUTTER_comside11_0.uexp" 1225
"C:/Users/Antonio/Documents/Unreal Projects/MC/Content/_Project/Models/harvester/the_harvester/Textures/the_harvester_texture_24.uasset" 1226
"C:/Users/Antonio/Documents/Unreal Projects/MC/Content/_Project/Models/harvester/the_harvester/Textures/the_harvester_texture_24.uexp" 1227
"C:/Users/Antonio/Documents/Unreal Projects/MC/Content/_Project/Models/harvester/the_harvester/Materials/farmbod.uasset" 1228
"C:/Users/Antonio/Documents/Unreal Projects/MC/Content/_Project/Models/harvester/the_harvester/Materials/farmbod.uexp" 1229
"C:/Users/Antonio/Documents/Unreal Projects/MC/Content/_Project/Models/harvester/the_harvester/StaticMeshes/drvbod25_act_farmbod_0.ubulk" 1230
"C:/Users/Antonio/Documents/Unreal Projects/MC/Content/_Project/Models/harvester/the_harvester/StaticMeshes/drvbod25_act_farmbod_0.uasset" 1231
"C:/Users/Antonio/Documents/Unreal Projects/MC/Content/_Project/Models/harvester/the_harvester/StaticMeshes/drvbod25_act_farmbod_0.uexp" 1232
"C:/Users/Antonio/Documents/Unreal Projects/MC/Content/_Project/Models/harvester/the_harvester/Textures/the_harvester_texture_25.uasset" 1233
"C:/Users/Antonio/Documents/Unreal Projects/MC/Content/_Project/Models/harvester/the_harvester/Textures/the_harvester_texture_25.uexp" 1234
"C:/Users/Antonio/Documents/Unreal Projects/MC/Content/_Project/Models/harvester/the_harvester/Materials/farmhead.uasset" 1235
"C:/Users/Antonio/Documents/Unreal Projects/MC/Content/_Project/Models/harvester/the_harvester/Materials/farmhead.uexp" 1236
"C:/Users/Antonio/Documents/Unreal Projects/MC/Content/_Project/Models/harvester/the_harvester/StaticMeshes/drvbod25_act_farmhead_0.ubulk" 1237
"C:/Users/Antonio/Documents/Unreal Projects/MC/Content/_Project/Models/harvester/the_harvester/StaticMeshes/drvbod25_act_farmhead_0.uasset" 1238
"C:/Users/Antonio/Documents/Unreal Projects/MC/Content/_Project/Models/harvester/the_harvester/StaticMeshes/drvbod25_act_farmhead_0.uexp" 1239
"C:/Users/Antonio/Documents/Unreal Projects/MC/Content/_Project/Models/harvester/the_harvester/Textures/the_harvester_texture_14.uasset" 1240
"C:/Users/Antonio/Documents/Unreal Projects/MC/Content/_Project/Models/harvester/the_harvester/Textures/the_harvester_texture_14.uexp" 1241
"C:/Users/Antonio/Documents/Unreal Projects/MC/Content/_Project/Models/harvester/the_harvester/Materials/comside18.uasset" 1242
"C:/Users/Antonio/Documents/Unreal Projects/MC/Content/_Project/Models/harvester/the_harvester/Materials/comside18.uexp" 1243
"C:/Users/Antonio/Documents/Unreal Projects/MC/Content/_Project/Models/harvester/the_harvester/StaticMeshes/FLWHEEL_DAT_comside18_0.ubulk" 1244
"C:/Users/Antonio/Documents/Unreal Projects/MC/Content/_Project/Models/harvester/the_harvester/StaticMeshes/FLWHEEL_DAT_comside18_0.uasset" 1245
"C:/Users/Antonio/Documents/Unreal Projects/MC/Content/_Project/Models/harvester/the_harvester/StaticMeshes/FLWHEEL_DAT_comside18_0.uexp" 1246
"C:/Users/Antonio/Documents/Unreal Projects/MC/Content/_Project/Models/harvester/the_harvester/StaticMeshes/FRWHEEL_DAT_comside18_0.ubulk" 1247
"C:/Users/Antonio/Documents/Unreal Projects/MC/Content/_Project/Models/harvester/the_harvester/StaticMeshes/FRWHEEL_DAT_comside18_0.uasset" 1248
"C:/Users/Antonio/Documents/Unreal Projects/MC/Content/_Project/Models/harvester/the_harvester/StaticMeshes/FRWHEEL_DAT_comside18_0.uexp" 1249
"C:/Users/Antonio/Documents/Unreal Projects/MC/Content/_Project/Models/harvester/the_harvester/StaticMeshes/MAIN_comside11_0.ubulk" 1250
"C:/Users/Antonio/Documents/Unreal Projects/MC/Content/_Project/Models/harvester/the_harvester/StaticMeshes/MAIN_comside11_0.uasset" 1251
"C:/Users/Antonio/Documents/Unreal Projects/MC/Content/_Project/Models/harvester/the_harvester/StaticMeshes/MAIN_comside11_0.uexp" 1252
"C:/Users/Antonio/Documents/Unreal Projects/MC/Content/_Project/Models/harvester/the_harvester/StaticMeshes/MAIN_comside12_0.ubulk" 1253
"C:/Users/Antonio/Documents/Unreal Projects/MC/Content/_Project/Models/harvester/the_harvester/StaticMeshes/MAIN_comside12_0.uasset" 1254
"C:/Users/Antonio/Documents/Unreal Projects/MC/Content/_Project/Models/harvester/the_harvester/StaticMeshes/MAIN_comside12_0.uexp" 1255
"C:/Users/Antonio/Documents/Unreal Projects/MC/Content/_Project/Models/harvester/the_harvester/StaticMeshes/MAIN_comside13_0.ubulk" 1256
"C:/Users/Antonio/Documents/Unreal Projects/MC/Content/_Project/Models/harvester/the_harvester/StaticMeshes/MAIN_comside13_0.uasset" 1257
"C:/Users/Antonio/Documents/Unreal Projects/MC/Content/_Project/Models/harvester/the_harvester/StaticMeshes/MAIN_comside13_0.uexp" 1258
"C:/Users/Antonio/Documents/Unreal Projects/MC/Content/_Project/Models/harvester/the_harvester/StaticMeshes/MAIN_comside14_0.ubulk" 1259
"C:/Users/Antonio/Documents/Unreal Projects/MC/Content/_Project/Models/harvester/the_harvester/StaticMeshes/MAIN_comside14_0.uasset" 1260
"C:/Users/Antonio/Documents/Unreal Projects/MC/Content/_Project/Models/harvester/the_harvester/StaticMeshes/MAIN_comside14_0.uexp" 1261
"C:/Users/Antonio/Documents/Unreal Projects/MC/Content/_Project/Models/harvester/the_harvester/StaticMeshes/MAIN_comside15_0.ubulk" 1262
"C:/Users/Antonio/Documents/Unreal Projects/MC/Content/_Project/Models/harvester/the_harvester/StaticMeshes/MAIN_comside15_0.uasset" 1263
"C:/Users/Antonio/Documents/Unreal Projects/MC/Content/_Project/Models/harvester/the_harvester/StaticMeshes/MAIN_comside15_0.uexp" 1264
"C:/Users/Antonio/Documents/Unreal Projects/MC/Content/_Project/Models/harvester/the_harvester/Textures/the_harvester_texture_13.uasset" 1265
"C:/Users/Antonio/Documents/Unreal Projects/MC/Content/_Project/Models/harvester/the_harvester/Textures/the_harvester_texture_13.uexp" 1266
"C:/Users/Antonio/Documents/Unreal Projects/MC/Content/_Project/Models/harvester/the_harvester/Materials/comside17.uasset" 1267
"C:/Users/Antonio/Documents/Unreal Projects/MC/Content/_Project/Models/harvester/the_harvester/Materials/comside17.uexp" 1268
"C:/Users/Antonio/Documents/Unreal Projects/MC/Content/_Project/Models/harvester/the_harvester/StaticMeshes/MAIN_comside17_0.ubulk" 1269
"C:/Users/Antonio/Documents/Unreal Projects/MC/Content/_Project/Models/harvester/the_harvester/StaticMeshes/MAIN_comside17_0.uasset" 1270
"C:/Users/Antonio/Documents/Unreal Projects/MC/Content/_Project/Models/harvester/the_harvester/StaticMeshes/MAIN_comside17_0.uexp" 1271
"C:/Users/Antonio/Documents/Unreal Projects/MC/Content/_Project/Models/harvester/the_harvester/Textures/the_harvester_texture_12.uasset" 1272
"C:/Users/Antonio/Documents/Unreal Projects/MC/Content/_Project/Models/harvester/the_harvester/Textures/the_harvester_texture_12.uexp" 1273
"C:/Users/Antonio/Documents/Unreal Projects/MC/Content/_Project/Models/harvester/the_harvester/Materials/comside19.uasset" 1274
"C:/Users/Antonio/Documents/Unreal Projects/MC/Content/_Project/Models/harvester/the_harvester/Materials/comside19.uexp" 1275
"C:/Users/Antonio/Documents/Unreal Projects/MC/Content/_Project/Models/harvester/the_harvester/StaticMeshes/MAIN_comside19_0.ubulk" 1276
"C:/Users/Antonio/Documents/Unreal Projects/MC/Content/_Project/Models/harvester/the_harvester/StaticMeshes/MAIN_comside19_0.uasset" 1277
"C:/Users/Antonio/Documents/Unreal Projects/MC/Content/_Project/Models/harvester/the_harvester/StaticMeshes/MAIN_comside19_0.uexp" 1278
"C:/Users/Antonio/Documents/Unreal Projects/MC/Content/_Project/Models/harvester/the_harvester/Textures/the_harvester_texture_11.uasset" 1279
"C:/Users/Antonio/Documents/Unreal Projects/MC/Content/_Project/Models/harvester/the_harvester/Textures/the_harvester_texture_11.uexp" 1280
"C:/Users/Antonio/Documents/Unreal Projects/MC/Content/_Project/Models/harvester/the_harvester/Materials/comside21.uasset" 1281
"C:/Users/Antonio/Documents/Unreal Projects/MC/Content/_Project/Models/harvester/the_harvester/Materials/comside21.uexp" 1282
"C:/Users/Antonio/Documents/Unreal Projects/MC/Content/_Project/Models/harvester/the_harvester/StaticMeshes/MAIN_comside21_0.ubulk" 1283
"C:/Users/Antonio/Documents/Unreal Projects/MC/Content/_Project/Models/harvester/the_harvester/StaticMeshes/MAIN_comside21_0.uasset" 1284
"C:/Users/Antonio/Documents/Unreal Projects/MC/Content/_Project/Models/harvester/the_harvester/StaticMeshes/MAIN_comside21_0.uexp" 1285
"C:/Users/Antonio/Documents/Unreal Projects/MC/Content/_Project/Models/harvester/the_harvester/Textures/the_harvester_texture_8.uasset" 1286
"C:/Users/Antonio/Documents/Unreal Projects/MC/Content/_Project/Models/harvester/the_harvester/Textures/the_harvester_texture_8.uexp" 1287
"C:/Users/Antonio/Documents/Unreal Projects/MC/Content/_Project/Models/harvester/the_harvester/Materials/comside22.uasset" 1288
"C:/Users/Antonio/Documents/Unreal Projects/MC/Content/_Project/Models/harvester/the_harvester/Materials/comside22.uexp" 1289
"C:/Users/Antonio/Documents/Unreal Projects/MC/Content/_Project/Models/harvester/the_harvester/StaticMeshes/MAIN_comside22_0.ubulk" 1290
"C:/Users/Antonio/Documents/Unreal Projects/MC/Content/_Project/Models/harvester/the_harvester/StaticMeshes/MAIN_comside22_0.uasset" 1291
"C:/Users/Antonio/Documents/Unreal Projects/MC/Content/_Project/Models/harvester/the_harvester/StaticMeshes/MAIN_comside22_0.uexp" 1292
"C:/Users/Antonio/Documents/Unreal Projects/MC/Content/_Project/Models/harvester/the_harvester/Textures/the_harvester_texture_5.uasset" 1293
"C:/Users/Antonio/Documents/Unreal Projects/MC/Content/_Project/Models/harvester/the_harvester/Textures/the_harvester_texture_5.uexp" 1294
"C:/Users/Antonio/Documents/Unreal Projects/MC/Content/_Project/Models/harvester/the_harvester/Materials/comside2.uasset" 1295
"C:/Users/Antonio/Documents/Unreal Projects/MC/Content/_Project/Models/harvester/the_harvester/Materials/comside2.uexp" 1296
"C:/Users/Antonio/Documents/Unreal Projects/MC/Content/_Project/Models/harvester/the_harvester/StaticMeshes/MAIN_comside2_0.ubulk" 1297
"C:/Users/Antonio/Documents/Unreal Projects/MC/Content/_Project/Models/harvester/the_harvester/StaticMeshes/MAIN_comside2_0.uasset" 1298
"C:/Users/Antonio/Documents/Unreal Projects/MC/Content/_Project/Models/harvester/the_harvester/StaticMeshes/MAIN_comside2_0.uexp" 1299
"C:/Users/Antonio/Documents/Unreal Projects/MC/Content/_Project/Models/harvester/the_harvester/Textures/the_harvester_texture_1.uasset" 1300
"C:/Users/Antonio/Documents/Unreal Projects/MC/Content/_Project/Models/harvester/the_harvester/Textures/the_harvester_texture_1.uexp" 1301
"C:/Users/Antonio/Documents/Unreal Projects/MC/Content/_Project/Models/harvester/the_harvester/Materials/comside3.uasset" 1302
"C:/Users/Antonio/Documents/Unreal Projects/MC/Content/_Project/Models/harvester/the_harvester/Materials/comside3.uexp" 1303
"C:/Users/Antonio/Documents/Unreal Projects/MC/Content/_Project/Models/harvester/the_harvester/StaticMeshes/MAIN_comside3_0.ubulk" 1304
"C:/Users/Antonio/Documents/Unreal Projects/MC/Content/_Project/Models/harvester/the_harvester/StaticMeshes/MAIN_comside3_0.uasset" 1305
"C:/Users/Antonio/Documents/Unreal Projects/MC/Content/_Project/Models/harvester/the_harvester/StaticMeshes/MAIN_comside3_0.uexp" 1306
"C:/Users/Antonio/Documents/Unreal Projects/MC/Content/_Project/Models/harvester/the_harvester/StaticMeshes/MAIN_comside4b_0.ubulk" 1307
"C:/Users/Antonio/Documents/Unreal Projects/MC/Content/_Project/Models/harvester/the_harvester/StaticMeshes/MAIN_comside4b_0.uasset" 1308
"C:/Users/Antonio/Documents/Unreal Projects/MC/Content/_Project/Models/harvester/the_harvester/StaticMeshes/MAIN_comside4b_0.uexp" 1309
"C:/Users/Antonio/Documents/Unreal Projects/MC/Content/_Project/Models/harvester/the_harvester/StaticMeshes/MAIN_comside4_0.ubulk" 1310
"C:/Users/Antonio/Documents/Unreal Projects/MC/Content/_Project/Models/harvester/the_harvester/StaticMeshes/MAIN_comside4_0.uasset" 1311
"C:/Users/Antonio/Documents/Unreal Projects/MC/Content/_Project/Models/harvester/the_harvester/StaticMeshes/MAIN_comside4_0.uexp" 1312
"C:/Users/Antonio/Documents/Unreal Projects/MC/Content/_Project/Models/harvester/the_harvester/StaticMeshes/MAIN_comside5b_0.ubulk" 1313
"C:/Users/Antonio/Documents/Unreal Projects/MC/Content/_Project/Models/harvester/the_harvester/StaticMeshes/MAIN_comside5b_0.uasset" 1314
"C:/Users/Antonio/Documents/Unreal Projects/MC/Content/_Project/Models/harvester/the_harvester/StaticMeshes/MAIN_comside5b_0.uexp" 1315
"C:/Users/Antonio/Documents/Unreal Projects/MC/Content/_Project/Models/harvester/the_harvester/StaticMeshes/MAIN_comside5_0.ubulk" 1316
"C:/Users/Antonio/Documents/Unreal Projects/MC/Content/_Project/Models/harvester/the_harvester/StaticMeshes/MAIN_comside5_0.uasset" 1317
"C:/Users/Antonio/Documents/Unreal Projects/MC/Content/_Project/Models/harvester/the_harvester/StaticMeshes/MAIN_comside5_0.uexp" 1318
"C:/Users/Antonio/Documents/Unreal Projects/MC/Content/_Project/Models/harvester/the_harvester/Textures/the_harvester_texture_6.uasset" 1319
"C:/Users/Antonio/Documents/Unreal Projects/MC/Content/_Project/Models/harvester/the_harvester/Textures/the_harvester_texture_6.uexp" 1320
"C:/Users/Antonio/Documents/Unreal Projects/MC/Content/_Project/Models/harvester/the_harvester/Materials/comside.uasset" 1321
"C:/Users/Antonio/Documents/Unreal Projects/MC/Content/_Project/Models/harvester/the_harvester/Materials/comside.uexp" 1322
"C:/Users/Antonio/Documents/Unreal Projects/MC/Content/_Project/Models/harvester/the_harvester/StaticMeshes/MAIN_comside_0.ubulk" 1323
"C:/Users/Antonio/Documents/Unreal Projects/MC/Content/_Project/Models/harvester/the_harvester/StaticMeshes/MAIN_comside_0.uasset" 1324
"C:/Users/Antonio/Documents/Unreal Projects/MC/Content/_Project/Models/harvester/the_harvester/StaticMeshes/MAIN_comside_0.uexp" 1325
"C:/Users/Antonio/Documents/Unreal Projects/MC/Content/_Project/Models/harvester/the_harvester/StaticMeshes/RLWHEEL_DAT_comside18_0.ubulk" 1326
"C:/Users/Antonio/Documents/Unreal Projects/MC/Content/_Project/Models/harvester/the_harvester/StaticMeshes/RLWHEEL_DAT_comside18_0.uasset" 1327
"C:/Users/Antonio/Documents/Unreal Projects/MC/Content/_Project/Models/harvester/the_harvester/StaticMeshes/RLWHEEL_DAT_comside18_0.uexp" 1328
"C:/Users/Antonio/Documents/Unreal Projects/MC/Content/_Project/Models/harvester/the_harvester/StaticMeshes/RRWHEEL_DAT_comside18_0.ubulk" 1329
"C:/Users/Antonio/Documents/Unreal Projects/MC/Content/_Project/Models/harvester/the_harvester/StaticMeshes/RRWHEEL_DAT_comside18_0.uasset" 1330
"C:/Users/Antonio/Documents/Unreal Projects/MC/Content/_Project/Models/harvester/the_harvester/StaticMeshes/RRWHEEL_DAT_comside18_0.uexp" 1331
"C:/Users/Antonio/Documents/Unreal Projects/MC/Content/Blueprint/BP_HarvesterPawn.uasset" 1332
"C:/Users/Antonio/Documents/Unreal Projects/MC/Content/Blueprint/BP_HarvesterPawn.uexp" 1333
"C:/Users/Antonio/Documents/Unreal Projects/MC/Content/_Project/Models/tractor/scene/Textures/material_baseColor.ubulk" 1334
"C:/Users/Antonio/Documents/Unreal Projects/MC/Content/_Project/Models/tractor/scene/Textures/material_baseColor.uasset" 1335
"C:/Users/Antonio/Documents/Unreal Projects/MC/Content/_Project/Models/tractor/scene/Textures/material_baseColor.uexp" 1336
"C:/Users/Antonio/Documents/Unreal Projects/MC/Content/_Project/Models/tractor/scene/Materials/material.uasset" 1337
"C:/Users/Antonio/Documents/Unreal Projects/MC/Content/_Project/Models/tractor/scene/Materials/material.uexp" 1338
"C:/Users/Antonio/Documents/Unreal Projects/MC/Content/_Project/Models/tractor/scene/StaticMeshes/Object_0.ubulk" 1339
"C:/Users/Antonio/Documents/Unreal Projects/MC/Content/_Project/Models/tractor/scene/StaticMeshes/Object_0.uasset" 1340
"C:/Users/Antonio/Documents/Unreal Projects/MC/Content/_Project/Models/tractor/scene/StaticMeshes/Object_0.uexp" 1341
"C:/Users/Antonio/Documents/Unreal Projects/MC/Content/Blueprint/BP_TractorPawn.uasset" 1342
"C:/Users/Antonio/Documents/Unreal Projects/MC/Content/Blueprint/BP_TractorPawn.uexp" 1343
"C:/Users/Antonio/Documents/Unreal Projects/MC/Content/_Project/Models/scene/Textures/tripo_mat_ff472a1c-a7ef-4b3a-8ba2-6861d0cae638_baseColor.ubulk" 1344
"C:/Users/Antonio/Documents/Unreal Projects/MC/Content/_Project/Models/scene/Textures/tripo_mat_ff472a1c-a7ef-4b3a-8ba2-6861d0cae638_baseColor.uasset" 1345
"C:/Users/Antonio/Documents/Unreal Projects/MC/Content/_Project/Models/scene/Textures/tripo_mat_ff472a1c-a7ef-4b3a-8ba2-6861d0cae638_baseColor.uexp" 1346
"C:/Users/Antonio/Documents/Unreal Projects/MC/Content/_Project/Models/scene/Textures/tripo_mat_ff472a1c-a7ef-4b3a-8ba2-6861d0cae638_metallicRoughness.ubulk" 1347
"C:/Users/Antonio/Documents/Unreal Projects/MC/Content/_Project/Models/scene/Textures/tripo_mat_ff472a1c-a7ef-4b3a-8ba2-6861d0cae638_metallicRoughness.uasset" 1348
"C:/Users/Antonio/Documents/Unreal Projects/MC/Content/_Project/Models/scene/Textures/tripo_mat_ff472a1c-a7ef-4b3a-8ba2-6861d0cae638_metallicRoughness.uexp" 1349
"C:/Users/Antonio/Documents/Unreal Projects/MC/Content/_Project/Models/scene/Textures/tripo_mat_ff472a1c-a7ef-4b3a-8ba2-6861d0cae638_normal.ubulk" 1350
"C:/Users/Antonio/Documents/Unreal Projects/MC/Content/_Project/Models/scene/Textures/tripo_mat_ff472a1c-a7ef-4b3a-8ba2-6861d0cae638_normal.uasset" 1351
"C:/Users/Antonio/Documents/Unreal Projects/MC/Content/_Project/Models/scene/Textures/tripo_mat_ff472a1c-a7ef-4b3a-8ba2-6861d0cae638_normal.uexp" 1352
"C:/Users/Antonio/Documents/Unreal Projects/MC/Content/_Project/Models/scene/Materials/tripo_mat_ff472a1c-a7ef-4b3a-8ba2-6861d0cae638.uasset" 1353
"C:/Users/Antonio/Documents/Unreal Projects/MC/Content/_Project/Models/scene/Materials/tripo_mat_ff472a1c-a7ef-4b3a-8ba2-6861d0cae638.uexp" 1354
"C:/Users/Antonio/Documents/Unreal Projects/MC/Content/_Project/Models/scene/StaticMeshes/Object_0.ubulk" 1355
"C:/Users/Antonio/Documents/Unreal Projects/MC/Content/_Project/Models/scene/StaticMeshes/Object_0.uasset" 1356
"C:/Users/Antonio/Documents/Unreal Projects/MC/Content/_Project/Models/scene/StaticMeshes/Object_0.uexp" 1357
"C:/Users/Antonio/Documents/Unreal Projects/MC/Content/_Project/Models/scene/StaticMeshes/Object_1.ubulk" 1358
"C:/Users/Antonio/Documents/Unreal Projects/MC/Content/_Project/Models/scene/StaticMeshes/Object_1.uasset" 1359
"C:/Users/Antonio/Documents/Unreal Projects/MC/Content/_Project/Models/scene/StaticMeshes/Object_1.uexp" 1360
"C:/Users/Antonio/Documents/Unreal Projects/MC/Content/_Project/Models/scene/StaticMeshes/Object_2.ubulk" 1361
"C:/Users/Antonio/Documents/Unreal Projects/MC/Content/_Project/Models/scene/StaticMeshes/Object_2.uasset" 1362
"C:/Users/Antonio/Documents/Unreal Projects/MC/Content/_Project/Models/scene/StaticMeshes/Object_2.uexp" 1363
"C:/Users/Antonio/Documents/Unreal Projects/MC/Content/_Project/Models/scene/StaticMeshes/Object_3.ubulk" 1364
"C:/Users/Antonio/Documents/Unreal Projects/MC/Content/_Project/Models/scene/StaticMeshes/Object_3.uasset" 1365
"C:/Users/Antonio/Documents/Unreal Projects/MC/Content/_Project/Models/scene/StaticMeshes/Object_3.uexp" 1366
"C:/Users/Antonio/Documents/Unreal Projects/MC/Content/Blueprint/BP_WeatherStationActor.uasset" 1367
"C:/Users/Antonio/Documents/Unreal Projects/MC/Content/Blueprint/BP_WeatherStationActor.uexp" 1368
"C:/Users/Antonio/Documents/Unreal Projects/MC/Content/Data/DA_EntityRegistry.uasset" 1369
"C:/Users/Antonio/Documents/Unreal Projects/MC/Content/Data/DA_EntityRegistry.uexp" 1370
"../../../Engine/Content/VREditor/TransformGizmo/BoundingBoxEdge.ubulk" 1371
"../../../Engine/Content/VREditor/TransformGizmo/BoundingBoxEdge.uasset" 1372
"../../../Engine/Content/VREditor/TransformGizmo/BoundingBoxEdge.uexp" 1373
"../../../Engine/Content/EngineMeshes/Sphere.ubulk" 1374
"../../../Engine/Content/EngineMeshes/Sphere.uasset" 1375
"../../../Engine/Content/EngineMeshes/Sphere.uexp" 1376
"../../../Engine/Content/EditorMaterials/ParticleSystems/PSysThumbnail_NoImage.ubulk" 1377
"../../../Engine/Content/EditorMaterials/ParticleSystems/PSysThumbnail_NoImage.uasset" 1378
"../../../Engine/Content/EditorMaterials/ParticleSystems/PSysThumbnail_NoImage.uexp" 1379
"../../../Engine/Content/EditorMaterials/ParticleSystems/PSysThumbnail_OOD.ubulk" 1380
"../../../Engine/Content/EditorMaterials/ParticleSystems/PSysThumbnail_OOD.uasset" 1381
"../../../Engine/Content/EditorMaterials/ParticleSystems/PSysThumbnail_OOD.uexp" 1382
"../../../Engine/Content/EngineMaterials/Good64x64TilingNoiseHighFreq.uasset" 1383
"../../../Engine/Content/EngineMaterials/Good64x64TilingNoiseHighFreq.uexp" 1384
"../../../Engine/Content/Functions/Engine_MaterialFunctions02/Texturing/ScreenAlignedPixelToPixelUVs.uasset" 1385
"../../../Engine/Content/Functions/Engine_MaterialFunctions02/Texturing/ScreenAlignedPixelToPixelUVs.uexp" 1386
"../../../Engine/Plugins/Interchange/Assets/Content/Utilities/New_LUT.uasset" 1387
"../../../Engine/Plugins/Interchange/Assets/Content/Utilities/New_LUT.uexp" 1388
"../../../Engine/Content/Functions/Engine_MaterialFunctions03/Math/RemapValueRange.uasset" 1389
"../../../Engine/Content/Functions/Engine_MaterialFunctions03/Math/RemapValueRange.uexp" 1390
"../../../Engine/Plugins/Interchange/Assets/Content/Functions/MF_Iridescence.uasset" 1391
"../../../Engine/Plugins/Interchange/Assets/Content/Functions/MF_Iridescence.uexp" 1392
"../../../Engine/Plugins/Interchange/Assets/Content/gltf/MaterialFunctions/MF_Fresnel_DS.uasset" 1393
"../../../Engine/Plugins/Interchange/Assets/Content/gltf/MaterialFunctions/MF_Fresnel_DS.uexp" 1394
"../../../Engine/Plugins/Interchange/Assets/Content/gltf/MaterialFunctions/MF_Temporal_Blur.uasset" 1395
"../../../Engine/Plugins/Interchange/Assets/Content/gltf/MaterialFunctions/MF_Temporal_Blur.uexp" 1396
"../../../Engine/Plugins/Interchange/Assets/Content/gltf/MaterialFunctions/MF_Transmission.uasset" 1397
"../../../Engine/Plugins/Interchange/Assets/Content/gltf/MaterialFunctions/MF_Transmission.uexp" 1398
"../../../Engine/Plugins/Interchange/Assets/Content/gltf/MaterialBodies/MF_Transmission_Body.uasset" 1399
"../../../Engine/Plugins/Interchange/Assets/Content/gltf/MaterialBodies/MF_Transmission_Body.uexp" 1400
"../../../Engine/Plugins/Interchange/Assets/Content/gltf/M_Transmission.uasset" 1401
"../../../Engine/Plugins/Interchange/Assets/Content/gltf/M_Transmission.uexp" 1402
"../../../Engine/Plugins/Interchange/Assets/Content/gltf/MaterialInstances/MI_Transmission.uasset" 1403
"../../../Engine/Plugins/Interchange/Assets/Content/gltf/MaterialInstances/MI_Transmission.uexp" 1404
"../../../Engine/Plugins/Interchange/Assets/Content/gltf/MaterialInstances/MI_Transmission_DS.uasset" 1405
"../../../Engine/Plugins/Interchange/Assets/Content/gltf/MaterialInstances/MI_Transmission_DS.uexp" 1406
"../../../Engine/Plugins/Interchange/Assets/Content/gltf/MaterialBodies/MF_Unlit_Body.uasset" 1407
"../../../Engine/Plugins/Interchange/Assets/Content/gltf/MaterialBodies/MF_Unlit_Body.uexp" 1408
"../../../Engine/Plugins/Interchange/Assets/Content/gltf/M_Unlit.uasset" 1409
"../../../Engine/Plugins/Interchange/Assets/Content/gltf/M_Unlit.uexp" 1410
"../../../Engine/Plugins/Interchange/Assets/Content/gltf/MaterialInstances/MI_Unlit_Blend.uasset" 1411
"../../../Engine/Plugins/Interchange/Assets/Content/gltf/MaterialInstances/MI_Unlit_Blend.uexp" 1412
"../../../Engine/Plugins/Interchange/Assets/Content/gltf/MaterialInstances/MI_Unlit_Blend_DS.uasset" 1413
"../../../Engine/Plugins/Interchange/Assets/Content/gltf/MaterialInstances/MI_Unlit_Blend_DS.uexp" 1414
"../../../Engine/Plugins/Interchange/Assets/Content/gltf/MaterialInstances/MI_Unlit_Mask.uasset" 1415
"../../../Engine/Plugins/Interchange/Assets/Content/gltf/MaterialInstances/MI_Unlit_Mask.uexp" 1416
"../../../Engine/Plugins/Interchange/Assets/Content/gltf/MaterialInstances/MI_Unlit_Mask_DS.uasset" 1417
"../../../Engine/Plugins/Interchange/Assets/Content/gltf/MaterialInstances/MI_Unlit_Mask_DS.uexp" 1418
"../../../Engine/Plugins/Interchange/Assets/Content/gltf/MaterialInstances/MI_Unlit_Opaque.uasset" 1419
"../../../Engine/Plugins/Interchange/Assets/Content/gltf/MaterialInstances/MI_Unlit_Opaque.uexp" 1420
"../../../Engine/Content/ArtTools/RenderToTexture/Meshes/S_1_Unit_Plane.ubulk" 1421
"../../../Engine/Content/ArtTools/RenderToTexture/Meshes/S_1_Unit_Plane.uasset" 1422
"../../../Engine/Content/ArtTools/RenderToTexture/Meshes/S_1_Unit_Plane.uexp" 1423
"../../../Engine/Plugins/Interchange/Assets/Content/gltf/MaterialInstances/MI_Unlit_Opaque_DS.uasset" 1424
"../../../Engine/Plugins/Interchange/Assets/Content/gltf/MaterialInstances/MI_Unlit_Opaque_DS.uexp" 1425
"../../../Engine/Content/EditorResources/SequenceRecorder/Countdown.uasset" 1426
"../../../Engine/Content/EditorResources/SequenceRecorder/Countdown.uexp" 1427
"../../../Engine/Content/Functions/Engine_MaterialFunctions01/Texturing/FlattenNormal.uasset" 1428
"../../../Engine/Content/Functions/Engine_MaterialFunctions01/Texturing/FlattenNormal.uexp" 1429
"../../../Engine/Plugins/Interchange/Assets/Content/gltf/MaterialFunctions/MF_Clearcoat.uasset" 1430
"../../../Engine/Plugins/Interchange/Assets/Content/gltf/MaterialFunctions/MF_Clearcoat.uexp" 1431
"../../../Engine/Plugins/Interchange/Assets/Content/gltf/MaterialBodies/MF_ClearCoat_Body.uasset" 1432
"../../../Engine/Plugins/Interchange/Assets/Content/gltf/MaterialBodies/MF_ClearCoat_Body.uexp" 1433
"../../../Engine/Plugins/Interchange/Assets/Content/gltf/M_ClearCoat.uasset" 1434
"../../../Engine/Plugins/Interchange/Assets/Content/gltf/M_ClearCoat.uexp" 1435
"../../../Engine/Plugins/Interchange/Assets/Content/gltf/MaterialInstances/MI_ClearCoat_Blend.uasset" 1436
"../../../Engine/Plugins/Interchange/Assets/Content/gltf/MaterialInstances/MI_ClearCoat_Blend.uexp" 1437
"../../../Engine/Plugins/Interchange/Assets/Content/gltf/MaterialInstances/MI_ClearCoat_Blend_DS.uasset" 1438
"../../../Engine/Plugins/Interchange/Assets/Content/gltf/MaterialInstances/MI_ClearCoat_Blend_DS.uexp" 1439
"../../../Engine/Content/EditorResources/SequenceRecorder/RecordingIndicator.uasset" 1440
"../../../Engine/Content/EditorResources/SequenceRecorder/RecordingIndicator.uexp" 1441
"../../../Engine/Plugins/Interchange/Assets/Content/gltf/MaterialInstances/MI_ClearCoat_Mask.uasset" 1442
"../../../Engine/Plugins/Interchange/Assets/Content/gltf/MaterialInstances/MI_ClearCoat_Mask.uexp" 1443
"../../../Engine/Plugins/Interchange/Assets/Content/gltf/MaterialInstances/MI_ClearCoat_Mask_DS.uasset" 1444
"../../../Engine/Plugins/Interchange/Assets/Content/gltf/MaterialInstances/MI_ClearCoat_Mask_DS.uexp" 1445
"../../../Engine/Plugins/Interchange/Assets/Content/gltf/MaterialInstances/MI_ClearCoat_Opaque.uasset" 1446
"../../../Engine/Plugins/Interchange/Assets/Content/gltf/MaterialInstances/MI_ClearCoat_Opaque.uexp" 1447
"../../../Engine/Plugins/Interchange/Assets/Content/gltf/MaterialInstances/MI_ClearCoat_Opaque_DS.uasset" 1448
"../../../Engine/Plugins/Interchange/Assets/Content/gltf/MaterialInstances/MI_ClearCoat_Opaque_DS.uexp" 1449
"../../../Engine/Content/EngineMaterials/Substrate/GLints/AGlintTex2dArray.uasset" 1450
"../../../Engine/Content/EngineMaterials/Substrate/GLints/AGlintTex2dArray.uexp" 1451
"../../../Engine/Plugins/Interchange/Assets/Content/gltf/MaterialInstances/MI_Default_Blend.uasset" 1452
"../../../Engine/Plugins/Interchange/Assets/Content/gltf/MaterialInstances/MI_Default_Blend.uexp" 1453
"../../../Engine/Plugins/Interchange/Assets/Content/gltf/MaterialInstances/MI_Default_Mask.uasset" 1454
"../../../Engine/Plugins/Interchange/Assets/Content/gltf/MaterialInstances/MI_Default_Mask.uexp" 1455
"../../../Engine/Plugins/Interchange/Assets/Content/gltf/MaterialInstances/MI_Default_Mask_DS.uasset" 1456
"../../../Engine/Plugins/Interchange/Assets/Content/gltf/MaterialInstances/MI_Default_Mask_DS.uexp" 1457
"../../../Engine/Plugins/Interchange/Assets/Content/gltf/MaterialInstances/MI_Default_Opaque.uasset" 1458
"../../../Engine/Plugins/Interchange/Assets/Content/gltf/MaterialInstances/MI_Default_Opaque.uexp" 1459
"../../../Engine/Plugins/Interchange/Assets/Content/gltf/MaterialFunctions/MF_Sheen.uasset" 1460
"../../../Engine/Plugins/Interchange/Assets/Content/gltf/MaterialFunctions/MF_Sheen.uexp" 1461
"../../../Engine/Plugins/Interchange/Assets/Content/gltf/MaterialBodies/MF_Sheen_Body.uasset" 1462
"../../../Engine/Plugins/Interchange/Assets/Content/gltf/MaterialBodies/MF_Sheen_Body.uexp" 1463
"../../../Engine/Plugins/Interchange/Assets/Content/gltf/M_Sheen.uasset" 1464
"../../../Engine/Plugins/Interchange/Assets/Content/gltf/M_Sheen.uexp" 1465
"../../../Engine/Plugins/Interchange/Assets/Content/gltf/MaterialInstances/MI_Sheen_Blend.uasset" 1466
"../../../Engine/Plugins/Interchange/Assets/Content/gltf/MaterialInstances/MI_Sheen_Blend.uexp" 1467
"../../../Engine/Plugins/Interchange/Assets/Content/gltf/MaterialInstances/MI_Sheen_Blend_DS.uasset" 1468
"../../../Engine/Plugins/Interchange/Assets/Content/gltf/MaterialInstances/MI_Sheen_Blend_DS.uexp" 1469
"../../../Engine/Plugins/Interchange/Assets/Content/gltf/MaterialInstances/MI_Sheen_Mask.uasset" 1470
"../../../Engine/Plugins/Interchange/Assets/Content/gltf/MaterialInstances/MI_Sheen_Mask.uexp" 1471
"../../../Engine/Plugins/Interchange/Assets/Content/gltf/MaterialInstances/MI_Sheen_Mask_DS.uasset" 1472
"../../../Engine/Plugins/Interchange/Assets/Content/gltf/MaterialInstances/MI_Sheen_Mask_DS.uexp" 1473
"../../../Engine/Plugins/Interchange/Assets/Content/gltf/MaterialInstances/MI_Sheen_Opaque.uasset" 1474
"../../../Engine/Plugins/Interchange/Assets/Content/gltf/MaterialInstances/MI_Sheen_Opaque.uexp" 1475
"../../../Engine/Plugins/Interchange/Assets/Content/gltf/MaterialInstances/MI_Sheen_Opaque_DS.uasset" 1476
"../../../Engine/Plugins/Interchange/Assets/Content/gltf/MaterialInstances/MI_Sheen_Opaque_DS.uexp" 1477
"../../../Engine/Plugins/Interchange/Assets/Content/gltf/MaterialFunctions/MF_DiffuseSpecGloss.uasset" 1478
"../../../Engine/Plugins/Interchange/Assets/Content/gltf/MaterialFunctions/MF_DiffuseSpecGloss.uexp" 1479
"../../../Engine/Plugins/Interchange/Assets/Content/gltf/MaterialFunctions/MF_MaxComponentValue.uasset" 1480
"../../../Engine/Plugins/Interchange/Assets/Content/gltf/MaterialFunctions/MF_MaxComponentValue.uexp" 1481
"../../../Engine/Content/Functions/Engine_MaterialFunctions02/Math/AddComponents.uasset" 1482
"../../../Engine/Content/Functions/Engine_MaterialFunctions02/Math/AddComponents.uexp" 1483
"../../../Engine/Plugins/Interchange/Assets/Content/gltf/MaterialFunctions/MF_PerceivedBrightness.uasset" 1484
"../../../Engine/Plugins/Interchange/Assets/Content/gltf/MaterialFunctions/MF_PerceivedBrightness.uexp" 1485
"../../../Engine/Plugins/Interchange/Assets/Content/gltf/MaterialFunctions/MF_SpecGlossToMetalRoughness.uasset" 1486
"../../../Engine/Plugins/Interchange/Assets/Content/gltf/MaterialFunctions/MF_SpecGlossToMetalRoughness.uexp" 1487
"../../../Engine/Plugins/Interchange/Assets/Content/gltf/MaterialBodies/MF_SpecularGlossiness_Body.uasset" 1488
"../../../Engine/Plugins/Interchange/Assets/Content/gltf/MaterialBodies/MF_SpecularGlossiness_Body.uexp" 1489
"../../../Engine/Plugins/Interchange/Assets/Content/gltf/M_SpecularGlossiness.uasset" 1490
"../../../Engine/Plugins/Interchange/Assets/Content/gltf/M_SpecularGlossiness.uexp" 1491
"../../../Engine/Plugins/Interchange/Assets/Content/gltf/MaterialInstances/MI_SpecularGlossiness_Blend.uasset" 1492
"../../../Engine/Plugins/Interchange/Assets/Content/gltf/MaterialInstances/MI_SpecularGlossiness_Blend.uexp" 1493
"../../../Engine/Plugins/Interchange/Assets/Content/gltf/MaterialInstances/MI_SpecularGlossiness_Blend_DS.uasset" 1494
"../../../Engine/Plugins/Interchange/Assets/Content/gltf/MaterialInstances/MI_SpecularGlossiness_Blend_DS.uexp" 1495
"../../../Engine/Plugins/Interchange/Assets/Content/gltf/MaterialInstances/MI_SpecularGlossiness_Mask.uasset" 1496
"../../../Engine/Plugins/Interchange/Assets/Content/gltf/MaterialInstances/MI_SpecularGlossiness_Mask.uexp" 1497
"../../../Engine/Plugins/Interchange/Assets/Content/gltf/MaterialInstances/MI_SpecularGlossiness_Mask_DS.uasset" 1498
"../../../Engine/Plugins/Interchange/Assets/Content/gltf/MaterialInstances/MI_SpecularGlossiness_Mask_DS.uexp" 1499
"../../../Engine/Plugins/Interchange/Assets/Content/gltf/MaterialInstances/MI_SpecularGlossiness_Opaque.uasset" 1500
"../../../Engine/Plugins/Interchange/Assets/Content/gltf/MaterialInstances/MI_SpecularGlossiness_Opaque.uexp" 1501
"../../../Engine/Plugins/Interchange/Assets/Content/gltf/MaterialInstances/MI_SpecularGlossiness_Opaque_DS.uasset" 1502
"../../../Engine/Plugins/Interchange/Assets/Content/gltf/MaterialInstances/MI_SpecularGlossiness_Opaque_DS.uexp" 1503
"../../../Engine/Content/EngineMaterials/Substrate/Glints2/AGlintTex2dArray2.uasset" 1504
"../../../Engine/Content/EngineMaterials/Substrate/Glints2/AGlintTex2dArray2.uexp" 1505
"../../../Engine/Content/Functions/Engine_MaterialFunctions01/Shading/ConvertFromDiffSpec.uasset" 1506
"../../../Engine/Content/Functions/Engine_MaterialFunctions01/Shading/ConvertFromDiffSpec.uexp" 1507
"../../../Engine/Content/EngineMaterials/Substrate/Volume/SubstrateSimpleVolumeEnvLUT3D.uasset" 1508
"../../../Engine/Content/EngineMaterials/Substrate/Volume/SubstrateSimpleVolumeEnvLUT3D.uexp" 1509
"../../../Engine/Content/EngineMaterials/Substrate/Volume/SubstrateSimpleVolumeLUT3D.uasset" 1510
"../../../Engine/Content/EngineMaterials/Substrate/Volume/SubstrateSimpleVolumeLUT3D.uexp" 1511
"../../../Engine/Content/Functions/Engine_MaterialFunctions01/Shading/PowerToRoughness.uasset" 1512
"../../../Engine/Content/Functions/Engine_MaterialFunctions01/Shading/PowerToRoughness.uexp" 1513
"../../../Engine/Plugins/Interchange/Runtime/Content/Pipelines/DefaultSceneLevelPipeline.uasset" 1514
"../../../Engine/Plugins/Interchange/Runtime/Content/Pipelines/DefaultSceneLevelPipeline.uexp" 1515
"../../../Engine/Plugins/Interchange/Runtime/Content/Pipelines/DefaultTexturePipeline.uasset" 1516
"../../../Engine/Plugins/Interchange/Runtime/Content/Pipelines/DefaultTexturePipeline.uexp" 1517
"../../../Engine/Plugins/Fab/Content/MaterialFunctions/QMF_AOAdjustments.uasset" 1518
"../../../Engine/Plugins/Fab/Content/MaterialFunctions/QMF_AOAdjustments.uexp" 1519
"../../../Engine/Plugins/Fab/Content/MaterialFunctions/QMF_BaseColorAdjustments.uasset" 1520
"../../../Engine/Plugins/Fab/Content/MaterialFunctions/QMF_BaseColorAdjustments.uexp" 1521
"../../../Engine/Plugins/Fab/Content/MaterialFunctions/QMF_NormalAdjustments.uasset" 1522
"../../../Engine/Plugins/Fab/Content/MaterialFunctions/QMF_NormalAdjustments.uexp" 1523
"../../../Engine/Plugins/Fab/Content/MaterialFunctions/QMF_RoughnessAdjustments.uasset" 1524
"../../../Engine/Plugins/Fab/Content/MaterialFunctions/QMF_RoughnessAdjustments.uexp" 1525
"../../../Engine/Plugins/Fab/Content/MaterialFunctions/QMF_Tiling.uasset" 1526
"../../../Engine/Plugins/Fab/Content/MaterialFunctions/QMF_Tiling.uexp" 1527
"../../../Engine/Plugins/Fab/Content/Textures/Standard/T_DefaultColor.uasset" 1528
"../../../Engine/Plugins/Fab/Content/Textures/Standard/T_DefaultColor.uexp" 1529
"../../../Engine/Plugins/Fab/Content/Textures/Standard/T_DefaultDisplacement.uasset" 1530
"../../../Engine/Plugins/Fab/Content/Textures/Standard/T_DefaultDisplacement.uexp" 1531
"../../../Engine/Plugins/Fab/Content/Textures/Standard/T_DefaultMasks.uasset" 1532
"../../../Engine/Plugins/Fab/Content/Textures/Standard/T_DefaultMasks.uexp" 1533
"../../../Engine/Plugins/Fab/Content/Textures/Standard/T_DefaultNormal.uasset" 1534
"../../../Engine/Plugins/Fab/Content/Textures/Standard/T_DefaultNormal.uexp" 1535
"../../../Engine/Plugins/Fab/Content/Materials/Standard/M_MS_Srf.uasset" 1536
"../../../Engine/Plugins/Fab/Content/Materials/Standard/M_MS_Srf.uexp" 1537
"C:/Users/Antonio/Documents/Unreal Projects/MC/Content/Fab/Megascans/Surfaces/Uncut_Grass_oilpt20/Low/oilpt20_tier_3/Textures/T_oilpt20_1K_B.ubulk" 1538
"C:/Users/Antonio/Documents/Unreal Projects/MC/Content/Fab/Megascans/Surfaces/Uncut_Grass_oilpt20/Low/oilpt20_tier_3/Textures/T_oilpt20_1K_B.uasset" 1539
"C:/Users/Antonio/Documents/Unreal Projects/MC/Content/Fab/Megascans/Surfaces/Uncut_Grass_oilpt20/Low/oilpt20_tier_3/Textures/T_oilpt20_1K_B.uexp" 1540
"C:/Users/Antonio/Documents/Unreal Projects/MC/Content/Fab/Megascans/Surfaces/Uncut_Grass_oilpt20/Low/oilpt20_tier_3/Textures/T_oilpt20_1K_N.ubulk" 1541
"C:/Users/Antonio/Documents/Unreal Projects/MC/Content/Fab/Megascans/Surfaces/Uncut_Grass_oilpt20/Low/oilpt20_tier_3/Textures/T_oilpt20_1K_N.uasset" 1542
"C:/Users/Antonio/Documents/Unreal Projects/MC/Content/Fab/Megascans/Surfaces/Uncut_Grass_oilpt20/Low/oilpt20_tier_3/Textures/T_oilpt20_1K_N.uexp" 1543
"C:/Users/Antonio/Documents/Unreal Projects/MC/Content/Fab/Megascans/Surfaces/Uncut_Grass_oilpt20/Low/oilpt20_tier_3/Textures/T_oilpt20_1K_ORM.ubulk" 1544
"C:/Users/Antonio/Documents/Unreal Projects/MC/Content/Fab/Megascans/Surfaces/Uncut_Grass_oilpt20/Low/oilpt20_tier_3/Textures/T_oilpt20_1K_ORM.uasset" 1545
"C:/Users/Antonio/Documents/Unreal Projects/MC/Content/Fab/Megascans/Surfaces/Uncut_Grass_oilpt20/Low/oilpt20_tier_3/Textures/T_oilpt20_1K_ORM.uexp" 1546
"C:/Users/Antonio/Documents/Unreal Projects/MC/Content/Fab/Megascans/Surfaces/Uncut_Grass_oilpt20/Low/oilpt20_tier_3/Materials/MI_oilpt20.uasset" 1547
"C:/Users/Antonio/Documents/Unreal Projects/MC/Content/Fab/Megascans/Surfaces/Uncut_Grass_oilpt20/Low/oilpt20_tier_3/Materials/MI_oilpt20.uexp" 1548
"C:/Users/Antonio/Documents/Unreal Projects/MC/Plugins/ExternalMaps/Content/Fab/Megascans/Surfaces/Bright_Desert_Sand_sjzkfega/Low/sjzkfega_tier_3/Textures/T_sjzkfega_1K_B.ubulk" 1549
"C:/Users/Antonio/Documents/Unreal Projects/MC/Plugins/ExternalMaps/Content/Fab/Megascans/Surfaces/Bright_Desert_Sand_sjzkfega/Low/sjzkfega_tier_3/Textures/T_sjzkfega_1K_B.uasset" 1550
"C:/Users/Antonio/Documents/Unreal Projects/MC/Plugins/ExternalMaps/Content/Fab/Megascans/Surfaces/Bright_Desert_Sand_sjzkfega/Low/sjzkfega_tier_3/Textures/T_sjzkfega_1K_B.uexp" 1551
"C:/Users/Antonio/Documents/Unreal Projects/MC/Plugins/ExternalMaps/Content/Fab/Megascans/Surfaces/Bright_Desert_Sand_sjzkfega/Low/sjzkfega_tier_3/Textures/T_sjzkfega_1K_N.ubulk" 1552
"C:/Users/Antonio/Documents/Unreal Projects/MC/Plugins/ExternalMaps/Content/Fab/Megascans/Surfaces/Bright_Desert_Sand_sjzkfega/Low/sjzkfega_tier_3/Textures/T_sjzkfega_1K_N.uasset" 1553
"C:/Users/Antonio/Documents/Unreal Projects/MC/Plugins/ExternalMaps/Content/Fab/Megascans/Surfaces/Bright_Desert_Sand_sjzkfega/Low/sjzkfega_tier_3/Textures/T_sjzkfega_1K_N.uexp" 1554
"C:/Users/Antonio/Documents/Unreal Projects/MC/Plugins/ExternalMaps/Content/Fab/Megascans/Surfaces/Bright_Desert_Sand_sjzkfega/Low/sjzkfega_tier_3/Textures/T_sjzkfega_1K_ORM.ubulk" 1555
"C:/Users/Antonio/Documents/Unreal Projects/MC/Plugins/ExternalMaps/Content/Fab/Megascans/Surfaces/Bright_Desert_Sand_sjzkfega/Low/sjzkfega_tier_3/Textures/T_sjzkfega_1K_ORM.uasset" 1556
"C:/Users/Antonio/Documents/Unreal Projects/MC/Plugins/ExternalMaps/Content/Fab/Megascans/Surfaces/Bright_Desert_Sand_sjzkfega/Low/sjzkfega_tier_3/Textures/T_sjzkfega_1K_ORM.uexp" 1557
"C:/Users/Antonio/Documents/Unreal Projects/MC/Plugins/ExternalMaps/Content/Fab/Megascans/Surfaces/Bright_Desert_Sand_sjzkfega/Low/sjzkfega_tier_3/Materials/MI_sjzkfega.uasset" 1558
"C:/Users/Antonio/Documents/Unreal Projects/MC/Plugins/ExternalMaps/Content/Fab/Megascans/Surfaces/Bright_Desert_Sand_sjzkfega/Low/sjzkfega_tier_3/Materials/MI_sjzkfega.uexp" 1559
"C:/Users/Antonio/Documents/Unreal Projects/MC/Content/NewMap.uexp" 1560
"C:/Users/Antonio/Documents/Unreal Projects/MC/Content/NewMap.umap" 1561
"C:/Users/Antonio/Documents/Unreal Projects/MC/Content/NewMap/_Generated_/4FHB4M126CAZ7H2K6543MKYO9.uexp" 1562
"C:/Users/Antonio/Documents/Unreal Projects/MC/Content/NewMap/_Generated_/4FHB4M126CAZ7H2K6543MKYO9.umap" 1563
