"C:/Users/Antonio/Documents/Unreal Projects/MC/MC.uproject" 1
"../../../../../Users/Antonio/Documents/Unreal Projects/MC/Binaries/Win64/UnrealEditor.modules" 2
"../../../Engine/Plugins/AudioGameplayVolume/AudioGameplayVolume.uplugin" 3
"../../../Engine/Plugins/BlueprintFileUtils/BlueprintFileUtils.uplugin" 4
"../../../Engine/Plugins/AudioInsights/AudioInsights.uplugin" 5
"../../../Engine/Plugins/ChaosCloth/ChaosCloth.uplugin" 6
"../../../Engine/Plugins/ChaosInsights/ChaosInsights.uplugin" 7
"../../../Engine/Plugins/Bridge/Bridge.uplugin" 8
"../../../Engine/Plugins/CmdLinkServer/CmdLinkServer.uplugin" 9
"../../../Engine/Plugins/ChaosClothAsset/ChaosClothAsset.uplugin" 10
"../../../Engine/Plugins/DiscoveryBeaconReceiver/DiscoveryBeaconReceiver.uplugin" 11
"../../../Engine/Plugins/BaseMaterial/BaseMaterial.uplugin" 12
"../../../Engine/Plugins/FastBuildController/FastBuildController.uplugin" 13
"../../../Engine/Plugins/IoStoreInsights/IoStoreInsights.uplugin" 14
"../../../Engine/Plugins/MassInsights/MassInsights.uplugin" 15
"../../../Engine/Plugins/JsonBlueprintUtilities/JsonBlueprintUtilities.uplugin" 16
"../../../Engine/Plugins/Mutable/Mutable.uplugin" 17
"../../../Engine/Plugins/PCG/PCG.uplugin" 18
"../../../Engine/Plugins/TextureGraph/TextureGraph.uplugin" 19
"../../../Engine/Plugins/ScriptPlugin/ScriptPlugin.uplugin" 20
"../../../Engine/Plugins/ChaosClothAssetEditor/ChaosClothAssetEditor.uplugin" 21
"../../../Engine/Plugins/VisualStudioTools/VisualStudioTools.uplugin" 22
"../../../Engine/Plugins/Editor/AssetManagerEditor/AssetManagerEditor.uplugin" 23
"../../../Engine/Plugins/Compression/OodleNetwork/OodleNetwork.uplugin" 24
"../../../Engine/Plugins/MeshPainting/MeshPainting.uplugin" 25
"../../../Engine/Plugins/Editor/AssetRegistryExport/AssetRegistryExport.uplugin" 26
"../../../Engine/Plugins/Editor/AssetReferenceRestrictions/AssetReferenceRestrictions.uplugin" 27
"../../../Engine/Plugins/Editor/AssetSearch/AssetSearch.uplugin" 28
"../../../Engine/Plugins/Chooser/Chooser.uplugin" 29
"../../../Engine/Plugins/Editor/BlueprintHeaderView/BlueprintHeaderView.uplugin" 30
"../../../Engine/Plugins/MemoryUsageQueries/MemoryUsageQueries.uplugin" 31
"../../../Engine/Plugins/Editor/BlueprintMaterialTextureNodes/BlueprintMaterialTextureNodes.uplugin" 32
"../../../Engine/Plugins/Editor/CurveEditorTools/CurveEditorTools.uplugin" 33
"../../../Engine/Plugins/AudioGameplay/AudioGameplay.uplugin" 34
"../../../Engine/Plugins/TraceUtilities/TraceUtilities.uplugin" 35
"../../../Engine/Plugins/Editor/CryptoKeys/CryptoKeys.uplugin" 36
"../../../Engine/Plugins/Editor/DataValidation/DataValidation.uplugin" 37
"../../../Engine/Plugins/Editor/EngineAssetDefinitions/EngineAssetDefinitions.uplugin" 38
"../../../Engine/Plugins/Editor/EditorDebugTools/EditorDebugTools.uplugin" 39
"../../../Engine/Plugins/Fab/Fab.uplugin" 40
"../../../Engine/Plugins/Editor/EditorSysConfigAssistant/EditorSysConfigAssistant.uplugin" 41
"../../../Engine/Plugins/LightWeightInstancesEditor/LightWeightInstancesEditor.uplugin" 42
"../../../Engine/Plugins/Editor/FacialAnimation/FacialAnimation.uplugin" 43
"../../../Engine/Plugins/Editor/LandscapePatch/LandscapePatch.uplugin" 44
"../../../Engine/Plugins/Editor/GameplayTagsEditor/GameplayTagsEditor.uplugin" 45
"../../../Engine/Plugins/Editor/ColorGrading/ColorGrading.uplugin" 46
"../../../Engine/Plugins/Editor/LiveUpdateForSlate/LiveUpdateForSlate.uplugin" 47
"../../../Engine/Plugins/Editor/MaterialAnalyzer/MaterialAnalyzer.uplugin" 48
"../../../Engine/Plugins/Editor/MeshLODToolset/MeshLODToolset.uplugin" 49
"../../../Engine/Plugins/Editor/ConsoleVariablesEditor/ConsoleVariables.uplugin" 50
"../../../Engine/Plugins/Editor/PluginBrowser/PluginBrowser.uplugin" 51
"../../../Engine/Plugins/Editor/ModelViewViewModelPreview/ModelViewViewModelPreview.uplugin" 52
"../../../Engine/Plugins/Editor/ModelingToolsEditorMode/ModelingToolsEditorMode.uplugin" 53
"../../../Engine/Plugins/Editor/SampleToolsEditorMode/SampleToolsEditorMode.uplugin" 54
"../../../Engine/Plugins/Editor/SequencerAnimTools/SequencerAnimTools.uplugin" 55
"../../../Engine/Plugins/UbaController/UbaController.uplugin" 56
"../../../Engine/Plugins/Editor/GeometryMode/GeometryMode.uplugin" 57
"../../../Engine/Plugins/Editor/StaticMeshEditorModeling/StaticMeshEditorModeling.uplugin" 58
"../../../Engine/Plugins/WorldMetrics/WorldMetrics.uplugin" 59
"../../../Engine/Plugins/Editor/UMGWidgetPreview/UMGWidgetPreview.uplugin" 60
"../../../Engine/Plugins/Editor/WaveformEditor/WaveformEditor.uplugin" 61
"../../../Engine/Plugins/Editor/WorldPartitionHLODUtilities/WorldPartitionHLODUtilities.uplugin" 62
"../../../Engine/Plugins/ChaosVD/ChaosVD.uplugin" 63
"../../../Engine/Plugins/Editor/MacGraphicsSwitching/MacGraphicsSwitching.uplugin" 64
"../../../Engine/Plugins/Experimental/AbilitySystemGameFeatureActions/AbilitySystemGameFeatureActions.uplugin" 65
"../../../Engine/Plugins/Editor/MakeCookedEditorAsDLC/MakeCookedEditorAsDLC.uplugin" 66
"../../../Engine/Plugins/Experimental/ActorPalette/ActorPalette.uplugin" 67
"../../../Engine/Plugins/RenderGraphInsights/RenderGraphInsights.uplugin" 68
"../../../Engine/Plugins/Experimental/AIAssistant/AIAssistant.uplugin" 69
"../../../Engine/Plugins/Experimental/AsyncMessageSystem/AsyncMessageSystem.uplugin" 70
"../../../Engine/Plugins/Editor/DisplayClusterLaunch/DisplayClusterLaunch.uplugin" 71
"../../../Engine/Plugins/Editor/ChangelistReview/ChangelistReview.uplugin" 72
"../../../Engine/Plugins/Experimental/AvalancheDisplayCluster/AvalancheDisplayCluster.uplugin" 73
"../../../Engine/Plugins/Editor/ScriptableToolsEditorMode/ScriptableToolsEditorMode.uplugin" 74
"../../../Engine/Plugins/Experimental/Buoyancy/Buoyancy.uplugin" 75
"../../../Engine/Plugins/Experimental/BlueprintStats/BlueprintStats.uplugin" 76
"../../../Engine/Plugins/XGEController/XGEController.uplugin" 77
"../../../Engine/Plugins/Experimental/CelestialVault/CelestialVault.uplugin" 78
"../../../Engine/Plugins/Experimental/BlueprintSnapNodes/BlueprintSnapNodes.uplugin" 79
"../../../Engine/Plugins/Editor/StylusInput/StylusInput.uplugin" 80
"../../../Engine/Plugins/Experimental/BackChannel/BackChannel.uplugin" 81
"../../../Engine/Plugins/Editor/MobileLauncherProfileWizard/MobileLauncherProfileWizard.uplugin" 82
"../../../Engine/Plugins/Experimental/ChaosClothEditor/ChaosClothEditor.uplugin" 83
"../../../Engine/Plugins/Experimental/ChaosModularVehicleExamples/ChaosModularVehicleExamples.uplugin" 84
"../../../Engine/Plugins/Editor/SpeedTreeImporter/SpeedTreeImporter.uplugin" 85
"../../../Engine/Plugins/Experimental/ChaosModularVehicle/ChaosModularVehicle.uplugin" 86
"../../../Engine/Plugins/Experimental/ChaosOutfitAsset/ChaosOutfitAsset.uplugin" 87
"../../../Engine/Plugins/Experimental/ChaosNiagara/ChaosNiagara.uplugin" 88
"../../../Engine/Plugins/EnhancedInput/EnhancedInput.uplugin" 89
"../../../Engine/Plugins/Experimental/ChaosRigidAsset/ChaosRigidAsset.uplugin" 90
"../../../Engine/Plugins/Experimental/AsyncMessageSystemTests/AsyncMessageSystemTests.uplugin" 91
"../../../Engine/Plugins/Experimental/ChaosSolverPlugin/ChaosSolverPlugin.uplugin" 92
"../../../Engine/Plugins/Experimental/ChaosVehiclesPlugin/ChaosVehiclesPlugin.uplugin" 93
"../../../Engine/Plugins/Experimental/ChaosMover/ChaosMover.uplugin" 94
"../../../Engine/Plugins/Experimental/CinematicPrestreaming/CinematicPrestreaming.uplugin" 95
"../../../Engine/Plugins/Experimental/CineCameraRigs/CineCameraRigs.uplugin" 96
"../../../Engine/Plugins/Experimental/CharacterAI/CharacterAI.uplugin" 97
"../../../Engine/Plugins/Experimental/AnimToTexture/AnimToTexture.uplugin" 98
"../../../Engine/Plugins/Experimental/CodeView/CodeView.uplugin" 99
"../../../Engine/Plugins/Experimental/ChaosCachingUSD/ChaosCachingUSD.uplugin" 100
"../../../Engine/Plugins/Experimental/CinematicSequenceNavigator/CinematicSequenceNavigator.uplugin" 101
"../../../Engine/Plugins/Editor/ProxyLODPlugin/ProxyLODPlugin.uplugin" 102
"../../../Engine/Plugins/Experimental/CodeEditor/CodeEditor.uplugin" 103
"../../../Engine/Plugins/Experimental/ColorCorrectRegions/ColorCorrectRegions.uplugin" 104
"../../../Engine/Plugins/Experimental/ControlFlows/ControlFlows.uplugin" 105
"../../../Engine/Plugins/Experimental/ChaosCaching/ChaosCaching.uplugin" 106
"../../../Engine/Plugins/Experimental/DynamicWind/DynamicWind.uplugin" 107
"../../../Engine/Plugins/Experimental/DrawDebugLibrary/DrawDebugLibrary.uplugin" 108
"../../../Engine/Plugins/Experimental/DaySequence/DaySequence.uplugin" 109
"../../../Engine/Plugins/Experimental/CineCameraSceneCapture/CineCameraSceneCapture.uplugin" 110
"../../../Engine/Plugins/Experimental/EditorDataStorage/EditorDataStorage.uplugin" 111
"../../../Engine/Plugins/Experimental/EditorTelemetry/EditorTelemetry.uplugin" 112
"../../../Engine/Plugins/Experimental/EditorPerformance/EditorPerformance.uplugin" 113
"../../../Engine/Plugins/Experimental/AvalancheSequenceNavigator/AvalancheSequenceNavigator.uplugin" 114
"../../../Engine/Plugins/Experimental/FloatingProperties/FloatingProperties.uplugin" 115
"../../../Engine/Plugins/Editor/GuidedTutorials/GuidedTutorials.uplugin" 116
"../../../Engine/Plugins/Experimental/FieldSystemPlugin/FieldSystemPlugin.uplugin" 117
"../../../Engine/Plugins/Experimental/EvaluationNotifies/EvaluationNotifies.uplugin" 118
"../../../Engine/Plugins/Experimental/GameInputWindows/GameInputWindows.uplugin" 119
"../../../Engine/Plugins/Experimental/ControlRigPhysics/ControlRigPhysics.uplugin" 120
"../../../Engine/Plugins/Experimental/ChaosFlesh/ChaosFlesh.uplugin" 121
"../../../Engine/Plugins/Editor/UVEditor/UVEditor.uplugin" 122
"../../../Engine/Plugins/Experimental/GameplayBehaviors/GameplayBehaviors.uplugin" 123
"../../../Engine/Plugins/Experimental/ChaosUserDataPT/ChaosUserDataPT.uplugin" 124
"../../../Engine/Plugins/Experimental/Gauntlet/Gauntlet.uplugin" 125
"../../../Engine/Plugins/Editor/EditorScriptingUtilities/EditorScriptingUtilities.uplugin" 126
"../../../Engine/Plugins/Experimental/FullBodyIK/FullBodyIK.uplugin" 127
"../../../Engine/Plugins/Experimental/Fracture/Fracture.uplugin" 128
"../../../Engine/Plugins/Experimental/GameplayGraph/GameplayGraph.uplugin" 129
"../../../Engine/Plugins/Experimental/GeometryCollectionPlugin/GeometryCollectionPlugin.uplugin" 130
"../../../Engine/Plugins/Experimental/GeometryDataflow/GeometryDataflow.uplugin" 131
"../../../Engine/Plugins/Experimental/GizmoEdMode/GizmoEdMode.uplugin" 132
"../../../Engine/Plugins/Experimental/GlobalConfigurationData/GlobalConfigurationData.uplugin" 133
"../../../Engine/Plugins/Experimental/HairCardGenerator/HairCardGenerator.uplugin" 134
"../../../Engine/Plugins/Experimental/HairModelingToolset/HairModelingToolset.uplugin" 135
"../../../Engine/Plugins/Experimental/HairStrandsMutable/HairStrandsMutable.uplugin" 136
"../../../Engine/Plugins/Experimental/GizmoFramework/GizmoFramework.uplugin" 137
"../../../Engine/Plugins/Experimental/GeometryFlow/GeometryFlow.uplugin" 138
"../../../Engine/Plugins/Experimental/DynamicMaterialMediaStreamBridge/DynamicMaterialMediaStreamBridge.uplugin" 139
"../../../Engine/Plugins/Experimental/GameplayTargetingSystem/TargetingSystem.uplugin" 140
"../../../Engine/Plugins/Experimental/AdvancedRenamer/AdvancedRenamer.uplugin" 141
"../../../Engine/Plugins/Experimental/InlineMaterialInstance/InlineMaterialInstance.uplugin" 142
"../../../Engine/Plugins/Experimental/GeometryCacheAbcFile/GeometryCacheAbcFile.uplugin" 143
"../../../Engine/Plugins/Experimental/ImageWidgets/ImageWidgets.uplugin" 144
"../../../Engine/Plugins/Experimental/InstanceDataObjectFixupTool/InstanceDataObjectFixupTool.uplugin" 145
"../../../Engine/Plugins/Experimental/GeometryCacheLevelSequenceBaker/GeometryCacheLevelSequenceBaker.uplugin" 146
"../../../Engine/Plugins/Experimental/ImagePlate/ImagePlate.uplugin" 147
"../../../Engine/Plugins/Experimental/JWT/JWT.uplugin" 148
"../../../Engine/Plugins/Experimental/InteractionInterface/InteractionInterface.uplugin" 149
"../../../Engine/Plugins/Experimental/LearningAgents/LearningAgents.uplugin" 150
"../../../Engine/Plugins/Experimental/DefaultInstallBundleManager/DefaultInstallBundleManager.uplugin" 151
"../../../Engine/Plugins/Experimental/LocalizableMessage/LocalizableMessage.uplugin" 152
"../../../Engine/Plugins/Experimental/LiveLinkControlRig/LiveLinkControlRig.uplugin" 153
"../../../Engine/Plugins/Experimental/MeshModelingToolsetExp/MeshModelingToolsetExp.uplugin" 154
"../../../Engine/Plugins/Experimental/MediaStream/MediaStream.uplugin" 155
"../../../Engine/Plugins/Experimental/LevelSequenceNavigatorBridge/LevelSequenceNavigatorBridge.uplugin" 156
"../../../Engine/Plugins/Experimental/FastGeoStreaming/FastGeoStreaming.uplugin" 157
"../../../Engine/Plugins/Experimental/MeshResizing/MeshResizing.uplugin" 158
"../../../Engine/Plugins/Experimental/EditorDataStorageFeatures/EditorDataStorageFeatures.uplugin" 159
"../../../Engine/Plugins/Experimental/LiveLinkFaceImporter/LiveLinkFaceImporter.uplugin" 160
"../../../Engine/Plugins/Experimental/MetasoundExperimental/MetasoundExperimental.uplugin" 161
"../../../Engine/Plugins/Experimental/MLflow/MLflow.uplugin" 162
"../../../Engine/Plugins/Experimental/Mover/Mover.uplugin" 163
"../../../Engine/Plugins/Experimental/MotoSynth/MotoSynth.uplugin" 164
"../../../Engine/Plugins/Experimental/MoverIntegrations/MoverIntegrations.uplugin" 165
"../../../Engine/Plugins/Experimental/MovieSceneAnimMixer/MovieSceneAnimMixer.uplugin" 166
"../../../Engine/Plugins/Experimental/MutableDataflow/MutableDataflow.uplugin" 167
"../../../Engine/Plugins/Experimental/LowLevelNetTrace/LowLevelNetTrace.uplugin" 168
"../../../Engine/Plugins/Experimental/MovieScenePoseSearchTracks/MovieScenePoseSearchTracks.uplugin" 169
"../../../Engine/Plugins/Experimental/AutomationUtils/AutomationUtils.uplugin" 170
"../../../Engine/Plugins/Experimental/NaniteDisplacedMesh/NaniteDisplacedMesh.uplugin" 171
"../../../Engine/Plugins/Experimental/MoverTests/MoverTests.uplugin" 172
"../../../Engine/Plugins/Experimental/LiveLinkOpenVR/LiveLinkOpenVR.uplugin" 173
"../../../Engine/Plugins/Experimental/MutablePopulation/MutablePopulation.uplugin" 174
"../../../Engine/Plugins/Experimental/NeuralRendering/NeuralRendering.uplugin" 175
"../../../Engine/Plugins/Experimental/CommonConversation/CommonConversation.uplugin" 176
"../../../Engine/Plugins/Experimental/ChaosEditor/ChaosEditor.uplugin" 177
"../../../Engine/Plugins/Experimental/NNERuntimeCoreML/NNERuntimeCoreML.uplugin" 178
"../../../Engine/Plugins/Experimental/MotorSimOutputMotoSynth/MotorSimOutputMotoSynth.uplugin" 179
"../../../Engine/Plugins/Experimental/PCGBiomeSample/PCGBiomeSample.uplugin" 180
"../../../Engine/Plugins/Experimental/Landmass/Landmass.uplugin" 181
"../../../Engine/Plugins/Experimental/PCGBiomeCore/PCGBiomeCore.uplugin" 182
"../../../Engine/Plugins/Experimental/OpenImageDenoise/OpenImageDenoise.uplugin" 183
"../../../Engine/Plugins/Experimental/MoverExamples/MoverExamples.uplugin" 184
"../../../Engine/Plugins/Experimental/Iris/Iris.uplugin" 185
"../../../Engine/Plugins/Experimental/PanoramicCapture/PanoramicCapture.uplugin" 186
"../../../Engine/Plugins/Experimental/PixelStreamingPlayer/PixelStreamingPlayer.uplugin" 187
"../../../Engine/Plugins/Experimental/PlainProps/PlainProps.uplugin" 188
"../../../Engine/Plugins/Experimental/PlatformCrypto/PlatformCrypto.uplugin" 189
"../../../Engine/Plugins/Experimental/NaniteAssemblyEditorUtils/NaniteAssemblyEditorUtils.uplugin" 190
"../../../Engine/Plugins/Experimental/PlanarCutPlugin/PlanarCut.uplugin" 191
"../../../Engine/Plugins/Experimental/NNERuntimeBasicCpu/NNERuntimeBasicCpu.uplugin" 192
"../../../Engine/Plugins/Experimental/PlainPropsEngine/PlainPropsEngine.uplugin" 193
"../../../Engine/Plugins/Experimental/Dataflow/Dataflow.uplugin" 194
"../../../Engine/Plugins/Experimental/PSDImporter/PSDImporter.uplugin" 195
"../../../Engine/Plugins/Experimental/NNERuntimeRDG/NNERuntimeRDG.uplugin" 196
"../../../Engine/Plugins/Experimental/PythonFoundationPackages/PythonFoundationPackages.uplugin" 197
"../../../Engine/Plugins/Experimental/PluginReferenceViewer/PluginReferenceViewer.uplugin" 198
"../../../Engine/Plugins/Experimental/PSDImporterMaterialDesignerBridge/PSDImporterMaterialDesignerBridge.uplugin" 199
"../../../Engine/Plugins/Experimental/RazerChromaDevices/RazerChromaDevices.uplugin" 200
"../../../Engine/Plugins/Experimental/NNERuntimeIREE/NNERuntimeIREE.uplugin" 201
"../../../Engine/Plugins/Experimental/RemoteControlActorModifierBridge/RemoteControlActorModifierBridge.uplugin" 202
"../../../Engine/Plugins/Experimental/RawInput/RawInput.uplugin" 203
"../../../Engine/Plugins/Experimental/GPULightmass/GPULightmass.uplugin" 204
"../../../Engine/Plugins/Experimental/PythonScriptPlugin/PythonScriptPlugin.uplugin" 205
"../../../Engine/Plugins/Experimental/OptiXDenoise/OptiXDenoise.uplugin" 206
"../../../Engine/Plugins/Experimental/QuicMessaging/QuicMessaging.uplugin" 207
"../../../Engine/Plugins/Experimental/RigLogicUAF/RigLogicUAF.uplugin" 208
"../../../Engine/Plugins/Experimental/RemoteControlComponents/RemoteControlComponents.uplugin" 209
"../../../Engine/Plugins/Experimental/RemoteSession/RemoteSession.uplugin" 210
"../../../Engine/Plugins/Experimental/PythonMLPackages/PythonMLPackages.uplugin" 211
"../../../Engine/Plugins/Experimental/RuntimeTelemetry/RuntimeTelemetry.uplugin" 212
"../../../Engine/Plugins/Experimental/MutableClothing/MutableClothing.uplugin" 213
"../../../Engine/Plugins/Experimental/SequenceNavigator/SequenceNavigator.uplugin" 214
"../../../Engine/Plugins/Experimental/PostProcessMaterialChainGraph/PostProcessMaterialChainGraph.uplugin" 215
"../../../Engine/Plugins/Experimental/SlateIM/SlateIM.uplugin" 216
"../../../Engine/Plugins/Experimental/SimpleHMD/SimpleHMD.uplugin" 217
"../../../Engine/Plugins/Experimental/PluginTemplateTool/PluginTemplateTool.uplugin" 218
"../../../Engine/Plugins/Experimental/SkeletalReduction/SkeletalReduction.uplugin" 219
"../../../Engine/Plugins/Experimental/SerializationUtils/SerializationUtils.uplugin" 220
"../../../Engine/Plugins/Experimental/SpatialReadiness/SpatialReadiness.uplugin" 221
"../../../Engine/Plugins/Experimental/Shotgrid/Shotgrid.uplugin" 222
"../../../Engine/Plugins/Experimental/StructUtils/StructUtils.uplugin" 223
"../../../Engine/Plugins/Experimental/PluginAudit/PluginAudit.uplugin" 224
"../../../Engine/Plugins/Experimental/StateGraph/StateGraph.uplugin" 225
"../../../Engine/Plugins/Experimental/PlainPropsUObject/PlainPropsUObject.uplugin" 226
"../../../Engine/Plugins/Experimental/SubmitToolEditor/SubmitToolEditor.uplugin" 227
"../../../Engine/Plugins/Experimental/MoverAnimNext/MoverAnimNext.uplugin" 228
"../../../Engine/Plugins/Experimental/TechAudioTools/TechAudioTools.uplugin" 229
"../../../Engine/Plugins/Experimental/InEditorDocumentation/InEditorDocumentation.uplugin" 230
"../../../Engine/Plugins/Experimental/TextToSpeech/TextToSpeech.uplugin" 231
"../../../Engine/Plugins/Experimental/PhysicsControl/PhysicsControl.uplugin" 232
"../../../Engine/Plugins/Experimental/ToolPresets/ToolPresets.uplugin" 233
"../../../Engine/Plugins/Experimental/UIFramework/UIFramework.uplugin" 234
"../../../Engine/Plugins/Experimental/RenderGrid/RenderGrid.uplugin" 235
"../../../Engine/Plugins/Experimental/TargetDeviceServicesScripting/TargetDeviceServicesScripting.uplugin" 236
"../../../Engine/Plugins/Experimental/UserToolBoxCore/UserToolBoxCore.uplugin" 237
"../../../Engine/Plugins/Experimental/RigLogicMutable/RigLogicMutable.uplugin" 238
"../../../Engine/Plugins/Experimental/ScreenReader/ScreenReader.uplugin" 239
"../../../Engine/Plugins/Experimental/WaterAdvanced/WaterAdvanced.uplugin" 240
"../../../Engine/Plugins/Experimental/VirtualProductionUtilities/VirtualProductionUtilities.uplugin" 241
"../../../Engine/Plugins/Experimental/ImpostorBaker/ImpostorBaker.uplugin" 242
"../../../Engine/Plugins/Experimental/SubtitlesAndClosedCaptions/SubtitlesAndClosedCaptions.uplugin" 243
"../../../Engine/Plugins/MetaHuman/MetaHumanAnimator/MetaHuman.uplugin" 244
"../../../Engine/Plugins/Experimental/Workspace/Workspace.uplugin" 245
"../../../Engine/Plugins/Experimental/WebSocketNetworking/WebSocketNetworking.uplugin" 246
"../../../Engine/Plugins/Experimental/VirtualHeightfieldMesh/VirtualHeightfieldMesh.uplugin" 247
"../../../Engine/Plugins/Experimental/WebSocketMessaging/WebSocketMessaging.uplugin" 248
"../../../Engine/Plugins/Experimental/NFORDenoise/NFORDenoise.uplugin" 249
"../../../Engine/Plugins/Experimental/SlateModelViewViewModel/SlateModelViewViewModel.uplugin" 250
"../../../Engine/Plugins/MetaHuman/MetaHumanCharacter/MetaHumanCharacter.uplugin" 251
"../../../Engine/Plugins/Experimental/SlateScreenReader/SlateScreenReader.uplugin" 252
"../../../Engine/Plugins/MetaHuman/MetaHumanSDK/MetaHumanSDK.uplugin" 253
"../../../Engine/Plugins/Experimental/WaveFunctionCollapse/WaveFunctionCollapse.uplugin" 254
"../../../Engine/Plugins/NNE/NNEDenoiser/NNEDenoiser.uplugin" 255
"../../../Engine/Plugins/MetaHuman/MetaHumanLiveLink/MetaHumanLiveLink.uplugin" 256
"../../../Engine/Plugins/Experimental/Water/Water.uplugin" 257
"../../../Engine/Plugins/Experimental/SurfaceEffects/SurfaceEffects.uplugin" 258
"../../../Engine/Plugins/NNE/NNERuntimeORT/NNERuntimeORT.uplugin" 259
"../../../Engine/Plugins/Performance/PerformanceMonitor/PerformanceMonitor.uplugin" 260
"../../../Engine/Plugins/Experimental/UserToolBoxBasicCommand/UserToolBoxBasicCommand.uplugin" 261
"../../../Engine/Plugins/Slate/SlateInsights/SlateInsights.uplugin" 262
"../../../Engine/Plugins/Experimental/SecuritySandbox/SecuritySandbox.uplugin" 263
"../../../Engine/Plugins/Tests/CQTestEnhancedInput/CQTestEnhancedInput.uplugin" 264
"../../../Engine/Plugins/Tests/FbxAutomationTestBuilder/FbxAutomationTestBuilder.uplugin" 265
"../../../Engine/Plugins/Tests/CQTestExperimental/CQTestExperimental.uplugin" 266
"../../../Engine/Plugins/Experimental/Volumetrics/Volumetrics.uplugin" 267
"../../../Engine/Plugins/Slate/SlateScripting/SlateScripting.uplugin" 268
"../../../Engine/Plugins/Experimental/TetMeshing/TetMeshing.uplugin" 269
"../../../Engine/Plugins/Experimental/WidgetEditorToolPalette/WidgetEditorToolPalette.uplugin" 270
"../../../Engine/Plugins/Tests/RHITests/RHITests.uplugin" 271
"../../../Engine/Plugins/Tests/EditorTests/EditorTests.uplugin" 272
"../../../Engine/Plugins/Tests/PythonAutomationTest/PythonAutomationTest.uplugin" 273
"../../../Engine/Plugins/Experimental/WaterExtras/WaterExtras.uplugin" 274
"../../../Engine/Plugins/Protocols/MQTT/MQTT.uplugin" 275
"../../../Engine/Plugins/Experimental/XRCreativeFramework/XRCreativeFramework.uplugin" 276
"../../../Engine/Plugins/Tests/AudioCQTests/AudioCQTests.uplugin" 277
"../../../Engine/Plugins/AI/AISupport/AISupport.uplugin" 278
"../../../Engine/Plugins/Tests/TestSamples/TestSamples.uplugin" 279
"../../../Engine/Plugins/AI/MassAI/MassAI.uplugin" 280
"../../../Engine/Plugins/Tests/InterchangeTests/InterchangeTests.uplugin" 281
"../../../Engine/Plugins/Tests/FunctionalTestingEditor/FunctionalTestingEditor.uplugin" 282
"../../../Engine/Plugins/AI/HTNPlanner/HTNPlanner.uplugin" 283
"../../../Engine/Plugins/Web/HttpBlueprint/HttpBlueprint.uplugin" 284
"../../../Engine/Plugins/Tests/RuntimeTests/RuntimeTests.uplugin" 285
"../../../Engine/Plugins/Animation/AnimationData/AnimationData.uplugin" 286
"../../../Engine/Plugins/AI/MLAdapter/MLAdapter.uplugin" 287
"../../../Engine/Plugins/Animation/AnimationModifierLibrary/AnimationModifierLibrary.uplugin" 288
"../../../Engine/Plugins/Animation/AnimationLocomotionLibrary/AnimationLocomotionLibrary.uplugin" 289
"../../../Engine/Plugins/Performance/AutomatedPerfTesting/AutomatedPerfTesting.uplugin" 290
"../../../Engine/Plugins/Animation/AnimationWarping/AnimationWarping.uplugin" 291
"../../../Engine/Plugins/Tests/AutomationDriverTests/AutomationDriverTests.uplugin" 292
"../../../Engine/Plugins/Animation/BlendSpaceMotionAnalysis/BlendSpaceMotionAnalysis.uplugin" 293
"../../../Engine/Plugins/MetaHuman/MetaHumanCalibrationProcessing/MetaHumanCalibrationProcessing.uplugin" 294
"../../../Engine/Plugins/Animation/DeformerGraph/DeformerGraph.uplugin" 295
"../../../Engine/Plugins/Animation/ControlRig/ControlRig.uplugin" 296
"../../../Engine/Plugins/Animation/LiveLink/LiveLink.uplugin" 297
"../../../Engine/Plugins/Animation/IKRig/IKRig.uplugin" 298
"../../../Engine/Plugins/Animation/DNACalib/DNACalib.uplugin" 299
"../../../Engine/Plugins/MetaHuman/MetaHumanCoreTechLib/MetaHumanCoreTech.uplugin" 300
"../../../Engine/Plugins/Animation/GeneSplicer/GeneSplicer.uplugin" 301
"../../../Engine/Plugins/AI/MassCrowd/MassCrowd.uplugin" 302
"../../../Engine/Plugins/Animation/BlendStack/BlendStack.uplugin" 303
"../../../Engine/Plugins/Animation/GameplayInsights/GameplayInsights.uplugin" 304
"../../../Engine/Plugins/Animation/LiveLinkCurveDebugUI/LiveLinkCurveDebugUI.uplugin" 305
"../../../Engine/Plugins/Animation/AnimatorKit/AnimatorKit.uplugin" 306
"../../../Engine/Plugins/Animation/LiveLinkDevice/LiveLinkDevice.uplugin" 307
"../../../Engine/Plugins/Tests/WidgetAutomationTests/WidgetAutomationTests.uplugin" 308
"../../../Engine/Plugins/Animation/PoseSearch/PoseSearch.uplugin" 309
"../../../Engine/Plugins/Experimental/ProceduralVegetationEditor/ProceduralVegetationEditor.uplugin" 310
"../../../Engine/Plugins/Animation/MotionWarping/MotionWarping.uplugin" 311
"../../../Engine/Plugins/Cameras/GameplayCameras/GameplayCameras.uplugin" 312
"../../../Engine/Plugins/Cameras/CameraShakePreviewer/CameraShakePreviewer.uplugin" 313
"../../../Engine/Plugins/Animation/PerformanceCaptureCore/PerformanceCaptureCore.uplugin" 314
"../../../Engine/Plugins/Animation/SkeletalMeshModelingTools/SkeletalMeshModelingTools.uplugin" 315
"../../../Engine/Plugins/Compositing/HoldoutComposite/HoldoutComposite.uplugin" 316
"../../../Engine/Plugins/Tests/CQTest/CQTest.uplugin" 317
"../../../Engine/Plugins/Compositing/LensDistortion/LensDistortion.uplugin" 318
"../../../Engine/Plugins/Animation/ControlRigModules/ControlRigModules.uplugin" 319
"../../../Engine/Plugins/Animation/EaseCurveTool/EaseCurveTool.uplugin" 320
"../../../Engine/Plugins/Compositing/Composite/Composite.uplugin" 321
"../../../Engine/Plugins/Compositing/OpenColorIO/OpenColorIO.uplugin" 322
"../../../Engine/Plugins/Experimental/Tensorboard/Tensorboard.uplugin" 323
"../../../Engine/Plugins/Compositing/CompositeCore/CompositeCore.uplugin" 324
"../../../Engine/Plugins/Developer/BlankPlugin/BlankPlugin.uplugin" 325
"../../../Engine/Plugins/Animation/LiveLinkUnrealDevice/LiveLinkUnrealDevice.uplugin" 326
"../../../Engine/Plugins/Developer/DirectoryPlaceholder/DirectoryPlaceholder.uplugin" 327
"../../../Engine/Plugins/Tests/TestFramework/TestFramework.uplugin" 328
"../../../Engine/Plugins/Developer/CLionSourceCodeAccess/CLionSourceCodeAccess.uplugin" 329
"../../../Engine/Plugins/AI/EnvironmentQueryEditor/EnvironmentQueryEditor.uplugin" 330
"../../../Engine/Plugins/Animation/ControlRigSpline/ControlRigSpline.uplugin" 331
"../../../Engine/Plugins/Developer/KDevelopSourceCodeAccess/KDevelopSourceCodeAccess.uplugin" 332
"../../../Engine/Plugins/Animation/ACLPlugin/ACLPlugin.uplugin" 333
"../../../Engine/Plugins/Developer/NamingTokens/NamingTokens.uplugin" 334
"../../../Engine/Plugins/Animation/TweeningUtils/TweeningUtils.uplugin" 335
"../../../Engine/Plugins/Developer/PluginUtils/PluginUtils.uplugin" 336
"../../../Engine/Plugins/Animation/RigLogic/RigLogic.uplugin" 337
"../../../Engine/Plugins/Compositing/Composure/Composure.uplugin" 338
"../../../Engine/Plugins/Developer/DumpGPUServices/DumpGPUServices.uplugin" 339
"../../../Engine/Plugins/Developer/PlasticSourceControl/PlasticSourceControl.uplugin" 340
"../../../Engine/Plugins/Developer/GitSourceControl/GitSourceControl.uplugin" 341
"../../../Engine/Plugins/Developer/TraceSourceFiltering/TraceSourceFilters.uplugin" 342
"../../../Engine/Plugins/Animation/LiveLinkExampleDevice/LiveLinkExampleDevice.uplugin" 343
"../../../Engine/Plugins/Developer/PropertyAccessNode/PropertyAccessNode.uplugin" 344
"../../../Engine/Plugins/Developer/RenderDocPlugin/RenderDocPlugin.uplugin" 345
"../../../Engine/Plugins/Developer/OneSkyLocalizationService/OneSkyLocalizationService.uplugin" 346
"../../../Engine/Plugins/Developer/GPUReshape/GPUReshape.uplugin" 347
"../../../Engine/Plugins/Developer/PixWinPlugin/PixWinPlugin.uplugin" 348
"../../../Engine/Plugins/Developer/VisualStudioCodeSourceCodeAccess/VisualStudioCodeSourceCodeAccess.uplugin" 349
"../../../Engine/Plugins/Developer/UObjectPlugin/UObjectPlugin.uplugin" 350
"../../../Engine/Plugins/Developer/XCodeSourceCodeAccess/XCodeSourceCodeAccess.uplugin" 351
"../../../Engine/Plugins/Animation/LiveLinkHub/LiveLinkHub.uplugin" 352
"../../../Engine/Plugins/Enterprise/DataprepEditor/DataprepEditor.uplugin" 353
"../../../Engine/Plugins/Developer/TextureFormatOodle/TextureFormatOodle.uplugin" 354
"../../../Engine/Plugins/Developer/XcodeGPUDebuggerPlugin/XcodeGPUDebuggerPlugin.uplugin" 355
"../../../Engine/Plugins/Enterprise/AxFImporter/AxFImporter.uplugin" 356
"../../../Engine/Plugins/Developer/VisualStudioSourceCodeAccess/VisualStudioSourceCodeAccess.uplugin" 357
"../../../Engine/Plugins/Enterprise/DatasmithContent/DatasmithContent.uplugin" 358
"../../../Engine/Plugins/Enterprise/DatasmithFBXImporter/DatasmithFBXImporter.uplugin" 359
"../../../Engine/Plugins/Enterprise/GLTFExporter/GLTFExporter.uplugin" 360
"../../../Engine/Plugins/Enterprise/DatasmithCADImporter/DatasmithCADImporter.uplugin" 361
"../../../Engine/Plugins/Compositing/OpenCVLensDistortion/OpenCVLensDistortion.uplugin" 362
"../../../Engine/Plugins/Developer/NullSourceCodeAccess/NullSourceCodeAccess.uplugin" 363
"../../../Engine/Plugins/Enterprise/VariantManagerContent/VariantManagerContent.uplugin" 364
"../../../Engine/Plugins/FX/Niagara/Niagara.uplugin" 365
"../../../Engine/Plugins/2D/Paper2D/Paper2D.uplugin" 366
"../../../Engine/Plugins/FX/NiagaraPreviewContent/NiagaraPreviewContent.uplugin" 367
"../../../Engine/Plugins/Developer/SubversionSourceControl/SubversionSourceControl.uplugin" 368
"../../../Engine/Plugins/FX/NiagaraFluids/NiagaraFluids.uplugin" 369
"../../../Engine/Plugins/Developer/RiderSourceCodeAccess/RiderSourceCodeAccess.uplugin" 370
"../../../Engine/Plugins/FX/ExampleCustomDataInterface/ExampleCustomDataInterface.uplugin" 371
"../../../Engine/Plugins/FX/Cascade/Cascade.uplugin" 372
"../../../Engine/Plugins/Developer/N10XSourceCodeAccess/N10XSourceCodeAccess.uplugin" 373
"../../../Engine/Plugins/Importers/AlembicHairImporter/AlembicHairImporter.uplugin" 374
"../../../Engine/Plugins/Developer/AnimationSharing/AnimationSharing.uplugin" 375
"../../../Engine/Plugins/FX/NiagaraMRQ/NiagaraMRQ.uplugin" 376
"../../../Engine/Plugins/Enterprise/DatasmithImporter/DatasmithImporter.uplugin" 377
"../../../Engine/Plugins/Interchange/Assets/InterchangeAssets.uplugin" 378
"../../../Engine/Plugins/Developer/CodeLiteSourceCodeAccess/CodeLiteSourceCodeAccess.uplugin" 379
"../../../Engine/Plugins/Importers/USDMultiUser/USDMultiUser.uplugin" 380
"../../../Engine/Plugins/FX/CascadeToNiagaraConverter/CascadeToNiagaraConverter.uplugin" 381
"../../../Engine/Plugins/Cameras/EngineCameras/EngineCameras.uplugin" 382
"../../../Engine/Plugins/Importers/USDImporterMDL/USDImporterMDL.uplugin" 383
"../../../Engine/Plugins/Developer/FieldNotificationTrace/FieldNotificationTrace.uplugin" 384
"../../../Engine/Plugins/Interchange/Editor/InterchangeEditor.uplugin" 385
"../../../Engine/Plugins/Enterprise/DatasmithC4DImporter/DatasmithC4DImporter.uplugin" 386
"../../../Engine/Plugins/Media/AvidDNxHDDecoderElectra/AvidDNxHDDecoderElectra.uplugin" 387
"../../../Engine/Plugins/Media/ElectraCDM/ElectraCDM.uplugin" 388
"../../../Engine/Plugins/Media/AvidDNxMedia/AvidDNxMedia.uplugin" 389
"../../../Engine/Plugins/Enterprise/MDLImporter/MDLImporter.uplugin" 390
"../../../Engine/Plugins/Media/BlackmagicMedia/BlackmagicMedia.uplugin" 391
"../../../Engine/Plugins/Enterprise/LidarPointCloud/LidarPointCloud.uplugin" 392
"../../../Engine/Plugins/Media/AvfMedia/AvfMedia.uplugin" 393
"../../../Engine/Plugins/Media/ElectraUtil/ElectraUtil.uplugin" 394
"../../../Engine/Plugins/Importers/USDImporter/USDImporter.uplugin" 395
"../../../Engine/Plugins/Media/FlacDecoderElectra/FlacDecoderElectra.uplugin" 396
"../../../Engine/Plugins/Media/LinearTimecode/LinearTimecode.uplugin" 397
"../../../Engine/Plugins/Interchange/Runtime/Interchange.uplugin" 398
"../../../Engine/Plugins/Media/AndroidMedia/AndroidMedia.uplugin" 399
"../../../Engine/Plugins/Media/AjaMedia/AjaMedia.uplugin" 400
"../../../Engine/Plugins/Media/D3D12VideoDecodersElectra/D3D12VideoDecodersElectra.uplugin" 401
"../../../Engine/Plugins/FX/NiagaraSimCaching/NiagaraSimCaching.uplugin" 402
"../../../Engine/Plugins/Media/HAPMedia/HAPMedia.uplugin" 403
"../../../Engine/Plugins/Media/AppleProResDecoderElectra/AppleProResDecoderElectra.uplugin" 404
"../../../Engine/Plugins/Media/ElectraSubtitles/ElectraSubtitles.uplugin" 405
"../../../Engine/Plugins/Media/AudioCaptureTimecodeProvider/AudioCaptureTimecodeProvider.uplugin" 406
"../../../Engine/Plugins/Media/HardwareEncoders/HardwareEncoders.uplugin" 407
"../../../Engine/Plugins/Enterprise/VariantManager/VariantManager.uplugin" 408
"../../../Engine/Plugins/Media/MediaPlate/MediaPlate.uplugin" 409
"../../../Engine/Plugins/Developer/ProjectLauncher/ProjectLauncher.uplugin" 410
"../../../Engine/Plugins/Media/MediaCompositing/MediaCompositing.uplugin" 411
"../../../Engine/Plugins/Media/MediaIOFramework/MediaIOFramework.uplugin" 412
"../../../Engine/Plugins/FX/NiagaraNanite/NiagaraNanite.uplugin" 413
"../../../Engine/Plugins/Media/MediaViewer/MediaViewer.uplugin" 414
"../../../Engine/Plugins/Media/BinkMedia/BinkMedia.uplugin" 415
"../../../Engine/Plugins/Media/NDIMedia/NDIMedia.uplugin" 416
"../../../Engine/Plugins/Importers/AlembicImporter/AlembicImporter.uplugin" 417
"../../../Engine/Plugins/Media/PixelStreaming/PixelStreaming.uplugin" 418
"../../../Engine/Plugins/Messaging/MessagingDebugger/MessagingDebugger.uplugin" 419
"../../../Engine/Plugins/Media/AppleProResMedia/AppleProResMedia.uplugin" 420
"../../../Engine/Plugins/Media/PixelStreaming2/PixelStreaming2.uplugin" 421
"../../../Engine/Plugins/Media/WebMMedia/WebMMedia.uplugin" 422
"../../../Engine/Plugins/Developer/PerforceSourceControl/PerforceSourceControl.uplugin" 423
"../../../Engine/Plugins/MovieScene/ActorSequence/ActorSequence.uplugin" 424
"../../../Engine/Plugins/Media/WmfMedia/WmfMedia.uplugin" 425
"../../../Engine/Plugins/Media/ImgMedia/ImgMedia.uplugin" 426
"../../../Engine/Plugins/Messaging/UdpMessaging/UdpMessaging.uplugin" 427
"../../../Engine/Plugins/Messaging/TcpMessaging/TcpMessaging.uplugin" 428
"../../../Engine/Plugins/Media/MediaMovieStreamer/MediaMovieStreamer.uplugin" 429
"../../../Engine/Plugins/MovieScene/CustomizableSequencerTracks/CustomizableSequencerTracks.uplugin" 430
"../../../Engine/Plugins/MovieScene/MovieRenderPipeline/MovieRenderPipeline.uplugin" 431
"../../../Engine/Plugins/MovieScene/SequencerScripting/SequencerScripting.uplugin" 432
"../../../Engine/Plugins/Media/TimecodeSynchronizer/TimecodeSynchronizer.uplugin" 433
"../../../Engine/Plugins/MovieScene/MoviePipelineMaskRenderPass/MoviePipelineMaskRenderPass.uplugin" 434
"../../../Engine/Plugins/Media/HAPDecoderElectra/HAPDecoderElectra.uplugin" 435
"../../../Engine/Plugins/Media/OpusDecoderElectra/OpusDecoderElectra.uplugin" 436
"../../../Engine/Plugins/MovieScene/LevelSequenceEditor/LevelSequenceEditor.uplugin" 437
"../../../Engine/Plugins/MovieScene/MovieSceneTextTrack/MovieSceneTextTrack.uplugin" 438
"../../../Engine/Plugins/MovieScene/SequenceValidator/SequenceValidator.uplugin" 439
"../../../Engine/Plugins/NetcodeUnitTest/NUTUnrealEngine/NUTUnrealEngine.uplugin" 440
"../../../Engine/Plugins/NetcodeUnitTest/NetcodeUnitTest/NetcodeUnitTest.uplugin" 441
"../../../Engine/Plugins/Media/ElectraCodecs/ElectraCodecs.uplugin" 442
"../../../Engine/Plugins/Online/OnlineFramework/OnlineFramework.uplugin" 443
"../../../Engine/Plugins/MovieScene/ReplayTracks/ReplayTracks.uplugin" 444
"../../../Engine/Plugins/Online/OnlineServicesEOS/OnlineServicesEOS.uplugin" 445
"../../../Engine/Plugins/Media/PixelCapture/PixelCapture.uplugin" 446
"../../../Engine/Plugins/Online/OnlineBase/OnlineBase.uplugin" 447
"../../../Engine/Plugins/Media/VPxDecoderElectra/VPxDecoderElectra.uplugin" 448
"../../../Engine/Plugins/Online/OnlineSubsystemAmazon/OnlineSubsystemAmazon.uplugin" 449
"../../../Engine/Plugins/Online/OnlineSubsystemApple/OnlineSubsystemApple.uplugin" 450
"../../../Engine/Plugins/Online/OnlineServicesEOSGS/OnlineServicesEOSGS.uplugin" 451
"../../../Engine/Plugins/Online/EOSOverlayInputProvider/EOSOverlayInputProvider.uplugin" 452
"../../../Engine/Plugins/Online/OnlineSubsystemEOS/OnlineSubsystemEOS.uplugin" 453
"../../../Engine/Plugins/Online/OnlineServicesEpicCommon/OnlineServicesEpicCommon.uplugin" 454
"../../../Engine/Plugins/Online/OnlineSubsystemFacebook/OnlineSubsystemFacebook.uplugin" 455
"../../../Engine/Plugins/Online/OnlineServicesOSSAdapter/OnlineServicesOSSAdapter.uplugin" 456
"../../../Engine/Plugins/Online/OnlineSubsystemNull/OnlineSubsystemNull.uplugin" 457
"../../../Engine/Plugins/Online/OnlineSubsystemSteam/OnlineSubsystemSteam.uplugin" 458
"../../../Engine/Plugins/Online/SocketSubsystemEOS/SocketSubsystemEOS.uplugin" 459
"../../../Engine/Plugins/Online/OnlineSubsystemTencent/OnlineSubsystemTencent.uplugin" 460
"../../../Engine/Plugins/Online/OnlineServices/OnlineServices.uplugin" 461
"../../../Engine/Plugins/Online/WebAuth/WebAuth.uplugin" 462
"../../../Engine/Plugins/PCGInterops/PCGExternalDataInterop/PCGExternalDataInterop.uplugin" 463
"../../../Engine/Plugins/Online/EOSShared/EOSShared.uplugin" 464
"../../../Engine/Plugins/PCGInterops/PCGGeometryScriptInterop/PCGGeometryScriptInterop.uplugin" 465
"../../../Engine/Plugins/Media/MediaPlayerEditor/MediaPlayerEditor.uplugin" 466
"../../../Engine/Plugins/PCGInterops/PCGPythonInterop/PCGPythonInterop.uplugin" 467
"../../../Engine/Plugins/Media/ElectraPlayer/ElectraPlayer.uplugin" 468
"../../../Engine/Plugins/Online/OnlineSubsystemUtils/OnlineSubsystemUtils.uplugin" 469
"../../../Engine/Plugins/Media/MJPEGDecoderElectra/MJPEGDecoderElectra.uplugin" 470
"../../../Engine/Plugins/Runtime/AnimationBudgetAllocator/AnimationBudgetAllocator.uplugin" 471
"../../../Engine/Plugins/Online/OnlineFrameworkCommon/OnlineFrameworkCommon.uplugin" 472
"../../../Engine/Plugins/Runtime/ADM/ADM.uplugin" 473
"../../../Engine/Plugins/Runtime/AndroidDeviceProfileSelector/AndroidDeviceProfileSelector.uplugin" 474
"../../../Engine/Plugins/Media/AndroidCamera/AndroidCamera.uplugin" 475
"../../../Engine/Plugins/Runtime/AndroidBackgroundService/AndroidBackgroundService.uplugin" 476
"../../../Engine/Plugins/Media/MediaFrameworkUtilities/MediaFrameworkUtilities.uplugin" 477
"../../../Engine/Plugins/Runtime/AppleMoviePlayer/AppleMoviePlayer.uplugin" 478
"../../../Engine/Plugins/Runtime/ArchVisCharacter/ArchVisCharacter.uplugin" 479
"../../../Engine/Plugins/MovieScene/TemplateSequence/TemplateSequence.uplugin" 480
"../../../Engine/Plugins/Portal/LauncherChunkInstaller/LauncherChunkInstaller.uplugin" 481
"../../../Engine/Plugins/Runtime/AndroidPermission/AndroidPermission.uplugin" 482
"../../../Engine/Plugins/Runtime/AudioMotorSim/AudioMotorSim.uplugin" 483
"../../../Engine/Plugins/Runtime/AudioModulation/AudioModulation.uplugin" 484
"../../../Engine/Plugins/Runtime/AudioWidgets/AudioWidgets.uplugin" 485
"../../../Engine/Plugins/Runtime/CustomMeshComponent/CustomMeshComponent.uplugin" 486
"../../../Engine/Plugins/Runtime/CableComponent/CableComponent.uplugin" 487
"../../../Engine/Plugins/Runtime/AndroidFileServer/AndroidFileServer.uplugin" 488
"../../../Engine/Plugins/Runtime/AudioCapture/AudioCapture.uplugin" 489
"../../../Engine/Plugins/Runtime/AndroidMoviePlayer/AndroidMoviePlayer.uplugin" 490
"../../../Engine/Plugins/Runtime/ComputeFramework/ComputeFramework.uplugin" 491
"../../../Engine/Plugins/Runtime/AppleImageUtils/AppleImageUtils.uplugin" 492
"../../../Engine/Plugins/Runtime/ExternalGPUStatistics/ExternalGPUStatistics.uplugin" 493
"../../../Engine/Plugins/Runtime/DataRegistry/DataRegistry.uplugin" 494
"../../../Engine/Plugins/Online/OnlineSubsystemGoogle/OnlineSubsystemGoogle.uplugin" 495
"../../../Engine/Plugins/Runtime/GameInput/GameInput.uplugin" 496
"../../../Engine/Plugins/Runtime/Firebase/Firebase.uplugin" 497
"../../../Engine/Plugins/Runtime/ChunkDownloader/ChunkDownloader.uplugin" 498
"../../../Engine/Plugins/Online/OnlineSubsystem/OnlineSubsystem.uplugin" 499
"../../../Engine/Plugins/Online/OnlineServicesNull/OnlineServicesNull.uplugin" 500
"../../../Engine/Plugins/Runtime/GeometryScripting/GeometryScripting.uplugin" 501
"../../../Engine/Plugins/Runtime/GameplayInteractions/GameplayInteractions.uplugin" 502
"../../../Engine/Plugins/Runtime/AudioSynesthesia/AudioSynesthesia.uplugin" 503
"../../../Engine/Plugins/Runtime/Harmonix/Harmonix.uplugin" 504
"../../../Engine/Plugins/Runtime/ActorLayerUtilities/ActorLayerUtilities.uplugin" 505
"../../../Engine/Plugins/Runtime/HTTPChunkInstaller/HTTPChunkInstaller.uplugin" 506
"../../../Engine/Plugins/Runtime/CommonUI/CommonUI.uplugin" 507
"../../../Engine/Plugins/Runtime/ApexDestruction/ApexDestruction.uplugin" 508
"../../../Engine/Plugins/Runtime/LevelStreamingPersistence/LevelStreamingPersistence.uplugin" 509
"../../../Engine/Plugins/Media/MfMedia/MfMedia.uplugin" 510
"../../../Engine/Plugins/Online/SocketSubsystemSteamIP/SocketSubsystemSteamIP.uplugin" 511
"../../../Engine/Plugins/Runtime/HPMotionController/HPMotionController.uplugin" 512
"../../../Engine/Plugins/Runtime/AssetTags/AssetTags.uplugin" 513
"../../../Engine/Plugins/Runtime/LiveLinkOvernDisplay/LiveLinkOverNDisplay.uplugin" 514
"../../../Engine/Plugins/Runtime/GeoReferencing/GeoReferencing.uplugin" 515
"../../../Engine/Plugins/Runtime/MeshModelingToolset/MeshModelingToolset.uplugin" 516
"../../../Engine/Plugins/Runtime/MassGameplay/MassGameplay.uplugin" 517
"../../../Engine/Plugins/Runtime/ExampleDeviceProfileSelector/ExampleDeviceProfileSelector.uplugin" 518
"../../../Engine/Plugins/Runtime/LocationServicesBPLibrary/LocationServicesBPLibrary.uplugin" 519
"../../../Engine/Plugins/Runtime/GameFeatures/GameFeatures.uplugin" 520
"../../../Engine/Plugins/Runtime/LocationServicesIOSImpl/LocationServicesIOSImpl.uplugin" 521
"../../../Engine/Plugins/Runtime/MIDIDevice/MIDIDevice.uplugin" 522
"../../../Engine/Plugins/Runtime/GoogleCloudMessaging/GoogleCloudMessaging.uplugin" 523
"../../../Engine/Plugins/Runtime/IOSDeviceProfileSelector/IOSDeviceProfileSelector.uplugin" 524
"../../../Engine/Plugins/Runtime/GeometryProcessing/GeometryProcessing.uplugin" 525
"../../../Engine/Plugins/Runtime/ModelViewViewModel/ModelViewViewModel.uplugin" 526
"../../../Engine/Plugins/Runtime/Metasound/Metasound.uplugin" 527
"../../../Engine/Plugins/Runtime/GameplayStateTree/GameplayStateTree.uplugin" 528
"../../../Engine/Plugins/Runtime/MixedRealityCaptureFramework/MixedRealityCaptureFramework.uplugin" 529
"../../../Engine/Plugins/Runtime/GameplayBehaviorSmartObjects/GameplayBehaviorSmartObjects.uplugin" 530
"../../../Engine/Plugins/Runtime/MsQuic/MsQuic.uplugin" 531
"../../../Engine/Plugins/Runtime/LinuxDeviceProfileSelector/LinuxDeviceProfileSelector.uplugin" 532
"../../../Engine/Plugins/Runtime/MobilePatchingUtils/MobilePatchingUtils.uplugin" 533
"../../../Engine/Plugins/Runtime/nDisplay/nDisplay.uplugin" 534
"../../../Engine/Plugins/Runtime/InputDebugging/InputDebugging.uplugin" 535
"../../../Engine/Plugins/Runtime/NetworkPrediction/NetworkPrediction.uplugin" 536
"../../../Engine/Plugins/Runtime/HDRIBackdrop/HDRIBackdrop.uplugin" 537
"../../../Engine/Plugins/Runtime/NetworkPredictionInsights/NetworkPredictionInsights.uplugin" 538
"../../../Engine/Plugins/Runtime/nDisplayModularFeatures/nDisplayModularFeatures.uplugin" 539
"../../../Engine/Plugins/Runtime/OpenXR/OpenXR.uplugin" 540
"../../../Engine/Plugins/Runtime/OpenCV/OpenCV.uplugin" 541
"../../../Engine/Plugins/Runtime/MassEntity/MassEntity.uplugin" 542
"../../../Engine/Plugins/Runtime/OpenXRHandTracking/OpenXRHandTracking.uplugin" 543
"../../../Engine/Plugins/Runtime/MusicEnvironment/MusicEnvironment.uplugin" 544
"../../../Engine/Plugins/Runtime/MicrosoftSpatialAudio/MicroSoftSpatialSound.uplugin" 545
"../../../Engine/Plugins/Runtime/OptionalMobileFeaturesBPLibrary/OptionalMobileFeaturesBPLibrary.uplugin" 546
"../../../Engine/Plugins/Runtime/IOSReplayKit/IOSReplayKit.uplugin" 547
"../../../Engine/Plugins/Runtime/NetworkPredictionExtras/NetworkPredictionExtras.uplugin" 548
"../../../Engine/Plugins/Runtime/MultiServerReplication/MultiServerReplication.uplugin" 549
"../../../Engine/Plugins/Runtime/OSC/OSC.uplugin" 550
"../../../Engine/Plugins/Runtime/PropertyAccess/PropertyAccessEditor.uplugin" 551
"../../../Engine/Plugins/Runtime/ReplicationSystemTestPlugin/ReplicationSystemTestPlugin.uplugin" 552
"../../../Engine/Plugins/Runtime/OpenXRMsftHandInteraction/OpenXRMsftHandInteraction.uplugin" 553
"../../../Engine/Plugins/Runtime/RenderTrace/RenderTrace.uplugin" 554
"../../../Engine/Plugins/Runtime/NavCorridor/NavCorridor.uplugin" 555
"../../../Engine/Plugins/Runtime/RigVM/RigVM.uplugin" 556
"../../../Engine/Plugins/Runtime/ScriptableToolsFramework/ScriptableToolsFramework.uplugin" 557
"../../../Engine/Plugins/Runtime/SignificanceManager/SignificanceManager.uplugin" 558
"../../../Engine/Plugins/Runtime/ReplicationGraph/ReplicationGraph.uplugin" 559
"../../../Engine/Plugins/Runtime/GeometryCache/GeometryCache.uplugin" 560
"../../../Engine/Plugins/Runtime/LocationServicesAndroidImpl/LocationServicesAndroidImpl.uplugin" 561
"../../../Engine/Plugins/Runtime/SoundMod/SoundMod.uplugin" 562
"../../../Engine/Plugins/Runtime/OpenXREyeTracker/OpenXREyeTracker.uplugin" 563
"../../../Engine/Plugins/Runtime/SoundFields/SoundFields.uplugin" 564
"../../../Engine/Plugins/Runtime/ModularGameplay/ModularGameplay.uplugin" 565
"../../../Engine/Plugins/Runtime/SunPosition/SunPosition.uplugin" 566
"../../../Engine/Plugins/Runtime/SoundUtilities/SoundUtilities.uplugin" 567
"../../../Engine/Plugins/Runtime/Spatialization/Spatialization.uplugin" 568
"../../../Engine/Plugins/Runtime/WebBrowserWidget/WebBrowserWidget.uplugin" 569
"../../../Engine/Plugins/Runtime/GameplayAbilities/GameplayAbilities.uplugin" 570
"../../../Engine/Plugins/Runtime/HairStrands/HairStrands.uplugin" 571
"../../../Engine/Plugins/Runtime/WebMMoviePlayer/WebMMoviePlayer.uplugin" 572
"../../../Engine/Plugins/Runtime/ProceduralMeshComponent/ProceduralMeshComponent.uplugin" 573
"../../../Engine/Plugins/Runtime/WorldConditions/WorldConditions.uplugin" 574
"../../../Engine/Plugins/Runtime/WindowsMoviePlayer/WindowsMoviePlayer.uplugin" 575
"../../../Engine/Plugins/Runtime/ResonanceAudio/ResonanceAudio.uplugin" 576
"../../../Engine/Plugins/VirtualProduction/ActorModifier/ActorModifier.uplugin" 577
"../../../Engine/Plugins/Runtime/WarpUtils/WarpUtils.uplugin" 578
"../../../Engine/Plugins/Runtime/StateTree/StateTree.uplugin" 579
"../../../Engine/Plugins/Runtime/InstancedActors/InstancedActors.uplugin" 580
"../../../Engine/Plugins/Runtime/SkeletalMerging/SkeletalMerging.uplugin" 581
"../../../Engine/Plugins/VirtualProduction/ActorModifierCore/ActorModifierCore.uplugin" 582
"../../../Engine/Plugins/Runtime/USDCore/USDCore.uplugin" 583
"../../../Engine/Plugins/Runtime/WaveTable/WaveTable.uplugin" 584
"../../../Engine/Plugins/VirtualProduction/AvalancheSceneState/AvalancheSceneState.uplugin" 585
"../../../Engine/Plugins/Runtime/XRBase/XRBase.uplugin" 586
"../../../Engine/Plugins/Runtime/Soundscape/Soundscape.uplugin" 587
"../../../Engine/Plugins/VirtualProduction/ClonerEffector/ClonerEffector.uplugin" 588
"../../../Engine/Plugins/Runtime/OpenXRViveTracker/OpenXRViveTracker.uplugin" 589
"../../../Engine/Plugins/VirtualProduction/CompositePlane/CompositePlane.uplugin" 590
"../../../Engine/Plugins/Runtime/PropertyBindingUtils/PropertyBindingUtils.uplugin" 591
"../../../Engine/Plugins/VirtualProduction/CameraCalibrationML/CameraCalibrationML.uplugin" 592
"../../../Engine/Plugins/Runtime/WebBrowserNativeProxy/WebBrowserNativeProxy.uplugin" 593
"../../../Engine/Plugins/VirtualProduction/CinematicAssemblyTools/CinematicAssemblyTools.uplugin" 594
"../../../Engine/Plugins/Runtime/GooglePAD/GooglePAD.uplugin" 595
"../../../Engine/Plugins/VirtualProduction/CameraCalibrationCore/CameraCalibrationCore.uplugin" 596
"../../../Engine/Plugins/Runtime/PreLoadScreenMoviePlayer/PreLoadScreenMoviePlayer.uplugin" 597
"../../../Engine/Plugins/VirtualProduction/DataLinkOAuth/DataLinkOAuth.uplugin" 598
"../../../Engine/Plugins/VirtualProduction/LiveLinkCamera/LiveLinkCamera.uplugin" 599
"../../../Engine/Plugins/Runtime/Synthesis/Synthesis.uplugin" 600
"../../../Engine/Plugins/VirtualProduction/DynamicMaterial/DynamicMaterial.uplugin" 601
"../../../Engine/Plugins/VirtualProduction/LensComponent/LensComponent.uplugin" 602
"../../../Engine/Plugins/VirtualProduction/AvalancheDataLink/AvalancheDataLink.uplugin" 603
"../../../Engine/Plugins/VirtualProduction/GeometryMask/GeometryMask.uplugin" 604
"../../../Engine/Plugins/Runtime/WindowsDeviceProfileSelector/WindowsDeviceProfileSelector.uplugin" 605
"../../../Engine/Plugins/VirtualProduction/LiveLinkPrestonMDR/LiveLinkPrestonMDR.uplugin" 606
"../../../Engine/Plugins/VirtualProduction/LiveLinkFreeD/LiveLinkFreeD.uplugin" 607
"../../../Engine/Plugins/Runtime/SmartObjects/SmartObjects.uplugin" 608
"../../../Engine/Plugins/VirtualProduction/MultiUserTakes/MultiUserTakes.uplugin" 609
"../../../Engine/Plugins/VirtualProduction/LiveLinkOpenTrackIO/LiveLinkOpenTrackIO.uplugin" 610
"../../../Engine/Plugins/VirtualProduction/CameraCalibration/CameraCalibration.uplugin" 611
"../../../Engine/Plugins/VirtualProduction/LiveLinkVRPN/LiveLinkVRPN.uplugin" 612
"../../../Engine/Plugins/Runtime/ZoneGraph/ZoneGraph.uplugin" 613
"../../../Engine/Plugins/VirtualProduction/LiveLinkLens/LiveLinkLens.uplugin" 614
"../../../Engine/Plugins/VirtualProduction/PropertyAnimator/PropertyAnimator.uplugin" 615
"../../../Engine/Plugins/VirtualProduction/LiveLinkXR/LiveLinkXR.uplugin" 616
"../../../Engine/Plugins/VirtualProduction/LiveLinkMasterLockit/LiveLinkMasterLockit.uplugin" 617
"../../../Engine/Plugins/VirtualProduction/LiveLinkInputDevice/LiveLinkInputDevice.uplugin" 618
"../../../Engine/Plugins/VirtualProduction/RemoteControlInterception/RemoteControlInterception.uplugin" 619
"../../../Engine/Plugins/VirtualProduction/RemoteControl/RemoteControl.uplugin" 620
"../../../Engine/Plugins/VirtualProduction/ICVFXTesting/ICVFXTesting.uplugin" 621
"../../../Engine/Plugins/VirtualProduction/PerformanceCaptureWorkflow/PerformanceCaptureWorkflow.uplugin" 622
"../../../Engine/Plugins/VirtualProduction/RemoteControlProtocolDMX/RemoteControlProtocolDMX.uplugin" 623
"../../../Engine/Plugins/Runtime/SoundCueTemplates/SoundCueTemplates.uplugin" 624
"../../../Engine/Plugins/VirtualProduction/SceneStateDataLink/SceneStateDataLink.uplugin" 625
"../../../Engine/Plugins/VirtualProduction/EpicStageApp/EpicStageApp.uplugin" 626
"../../../Engine/Plugins/VirtualProduction/SceneState/SceneState.uplugin" 627
"../../../Engine/Plugins/VirtualProduction/RemoteControlProtocolMIDI/RemoteControlProtocolMIDI.uplugin" 628
"../../../Engine/Plugins/VirtualProduction/RemoteControlWebInterface/RemoteControlWebInterface.uplugin" 629
"../../../Engine/Plugins/VirtualProduction/StageMonitoring/StageMonitoring.uplugin" 630
"../../../Engine/Plugins/VirtualProduction/ICVFX/ICVFX.uplugin" 631
"../../../Engine/Plugins/VirtualProduction/RemoteControlProtocolOSC/RemoteControlProtocolOSC.uplugin" 632
"../../../Engine/Plugins/VirtualProduction/VirtualCameraCore/VirtualCameraCore.uplugin" 633
"../../../Engine/Plugins/VirtualProduction/Takes/Takes.uplugin" 634
"../../../Engine/Plugins/VirtualProduction/VirtualCamera/VirtualCamera.uplugin" 635
"../../../Engine/Plugins/VirtualProduction/SequencerPlaylists/SequencerPlaylists.uplugin" 636
"../../../Engine/Plugins/VirtualProduction/StormSync/StormSync.uplugin" 637
"../../../Engine/Plugins/VirtualProduction/Text3D/Text3D.uplugin" 638
"../../../Engine/Plugins/VirtualProduction/Switchboard/Switchboard.uplugin" 639
"../../../Engine/Plugins/VirtualProduction/LevelSnapshots/LevelSnapshots.uplugin" 640
"../../../Engine/Plugins/VirtualProduction/SVGImporter/SVGImporter.uplugin" 641
"../../../Engine/Plugins/VirtualProduction/Avalanche/Avalanche.uplugin" 642
"../../../Engine/Plugins/VirtualProduction/OperatorStack/OperatorStack.uplugin" 643
"../../../Engine/Plugins/VirtualProduction/DataCharts/DataCharts.uplugin" 644
"../../../Engine/Plugins/Editor/ContentBrowser/ContentBrowserAssetDataSource/ContentBrowserAssetDataSource.uplugin" 645
"../../../Engine/Plugins/VirtualProduction/CaptureData/CaptureData.uplugin" 646
"../../../Engine/Plugins/VirtualProduction/StormSyncAvalancheBridge/StormSyncAvalancheBridge.uplugin" 647
"../../../Engine/Plugins/Experimental/Animation/HierarchyTableAnimation/HierarchyTableAnimation.uplugin" 648
"../../../Engine/Plugins/Experimental/Animation/HierarchyTable/HierarchyTable.uplugin" 649
"../../../Engine/Plugins/Experimental/Animation/ContextualAnimation/ContextualAnimation.uplugin" 650
"../../../Engine/Plugins/Experimental/Animation/MotionTrajectory/MotionTrajectory.uplugin" 651
"../../../Engine/Plugins/Runtime/ZoneGraphAnnotations/ZoneGraphAnnotations.uplugin" 652
"../../../Engine/Plugins/Experimental/Animation/RelativeIKOp/RelativeIKOp.uplugin" 653
"../../../Engine/Plugins/Experimental/Animation/CurveExpression/CurveExpression.uplugin" 654
"../../../Engine/Plugins/Editor/ContentBrowser/ContentBrowserClassDataSource/ContentBrowserClassDataSource.uplugin" 655
"../../../Engine/Plugins/VirtualProduction/TimedDataMonitor/TimedDataMonitor.uplugin" 656
"../../../Engine/Plugins/Experimental/PCGInterops/PCGFastGeoInterop/PCGFastGeoInterop.uplugin" 657
"../../../Engine/Plugins/VirtualProduction/CustomDetailsView/CustomDetailsView.uplugin" 658
"../../../Engine/Plugins/Experimental/Animation/RigMapperOp/RigMapperOp.uplugin" 659
"../../../Engine/Plugins/Experimental/PCGInterops/PCGNaniteAssembliesInterop/PCGNaniteAssembliesInterop.uplugin" 660
"../../../Engine/Plugins/VirtualProduction/DataLink/DataLink.uplugin" 661
"../../../Engine/Plugins/Experimental/AVCodecs/AMFCodecs/AMFCodecs.uplugin" 662
"../../../Engine/Plugins/VirtualProduction/TextureShare/TextureShare.uplugin" 663
"../../../Engine/Plugins/Runtime/Advertising/IOSTapJoy/IOSTapJoy.uplugin" 664
"../../../Engine/Plugins/Experimental/Animation/PackedAttributes/PackedAttributes.uplugin" 665
"../../../Engine/Plugins/VirtualProduction/VirtualScouting/VirtualScouting.uplugin" 666
"../../../Engine/Plugins/Editor/ObjectMixer/ObjectMixer/ObjectMixer.uplugin" 667
"../../../Engine/Plugins/Experimental/Animation/Locomotor/Locomotor.uplugin" 668
"../../../Engine/Plugins/Experimental/Animation/RigMapper/RigMapper.uplugin" 669
"../../../Engine/Plugins/Editor/Localization/PortableObjectFileDataSource/PortableObjectFileDataSource.uplugin" 670
"../../../Engine/Plugins/Experimental/AVCodecs/VTCodecs/VTCodecs.uplugin" 671
"../../../Engine/Plugins/Experimental/AVCodecs/WMFCodecs/WMFCodecs.uplugin" 672
"../../../Engine/Plugins/Experimental/Animation/SkeletalMeshMorphTargetEditingTools/SkeletalMeshMorphTargetEditingTools.uplugin" 673
"../../../Engine/Plugins/Experimental/CharacterFXEditor/ExampleCharacterFXEditor/ExampleCharacterFXEditor.uplugin" 674
"../../../Engine/Plugins/Experimental/Animation/TrajectoryTools/TrajectoryTools.uplugin" 675
"../../../Engine/Plugins/Developer/Concert/ConcertMain/ConcertMain.uplugin" 676
"../../../Engine/Plugins/Experimental/VirtualProduction/VPRoles/VPRoles.uplugin" 677
"../../../Engine/Plugins/Editor/ContentBrowser/ContentBrowserAliasDataSource/ContentBrowserAliasDataSource.uplugin" 678
"../../../Engine/Plugins/Editor/ContentBrowser/ContentBrowserFileDataSource/ContentBrowserFileDataSource.uplugin" 679
"../../../Engine/Plugins/Experimental/CharacterFXEditor/BaseCharacterFXEditor/BaseCharacterFXEditor.uplugin" 680
"../../../Engine/Plugins/Experimental/PCGInterops/PCGInstancedActorsInterop/PCGInstancedActorsInterop.uplugin" 681
"../../../Engine/Plugins/Experimental/Enterprise/DataprepGeometryOperations/DataprepGeometryOperations.uplugin" 682
"../../../Engine/Plugins/Online/VoiceChat/VoiceChat/VoiceChat.uplugin" 683
"../../../Engine/Plugins/Experimental/PCGInterops/PCGNiagaraInterop/PCGNiagaraInterop.uplugin" 684
"../../../Engine/Plugins/Experimental/Web/WebAPI/WebAPI.uplugin" 685
"../../../Engine/Plugins/Runtime/Analytics/AnalyticsBlueprintLibrary/AnalyticsBlueprintLibrary.uplugin" 686
"../../../Engine/Plugins/Experimental/PCGInterops/PCGWaterInterop/PCGWaterInterop.uplugin" 687
"../../../Engine/Plugins/VirtualProduction/CaptureManager/CaptureManagerCore/CaptureManagerCore.uplugin" 688
"../../../Engine/Plugins/Experimental/AVCodecs/AVCodecsCore/AVCodecsCore.uplugin" 689
"../../../Engine/Plugins/Online/VoiceChat/EOSVoiceChat/EOSVoiceChat.uplugin" 690
"../../../Engine/Plugins/Experimental/MetaHuman/MetaHumanCharacterUAF/MetaHumanCharacterUAF.uplugin" 691
"../../../Engine/Plugins/VirtualProduction/CaptureManager/CaptureManagerEditor/CaptureManagerEditor.uplugin" 692
"../../../Engine/Plugins/VirtualProduction/CaptureManager/CaptureManagerDevices/CaptureManagerDevices.uplugin" 693
"../../../Engine/Plugins/Experimental/Enterprise/DatasmithRuntime/DatasmithRuntime.uplugin" 694
"../../../Engine/Plugins/Runtime/Analytics/FileLogging/FileLogging.uplugin" 695
"../../../Engine/Plugins/Runtime/Steam/SteamSockets/SteamSockets.uplugin" 696
"../../../Engine/Plugins/Experimental/MetaHuman/MetaHumanRuntime/MetaHumanRuntime.uplugin" 697
"../../../Engine/Plugins/Runtime/Analytics/Adjust/Adjust.uplugin" 698
"../../../Engine/Plugins/Experimental/Animation/Optimus/Optimus.uplugin" 699
"../../../Engine/Plugins/Runtime/AR/ARUtilities/ARUtilities.uplugin" 700
"../../../Engine/Plugins/Experimental/Enterprise/DatasmithInterchange/DatasmithInterchange.uplugin" 701
"../../../Engine/Plugins/Runtime/Steam/SteamController/SteamController.uplugin" 702
"../../../Engine/Plugins/Runtime/Steam/SteamShared/SteamShared.uplugin" 703
"../../../Engine/Plugins/Experimental/UAF/UAFAnimGraph/UAFAnimGraph.uplugin" 704
"../../../Engine/Plugins/Runtime/Analytics/AnalyticsMulticast/AnalyticsMulticast.uplugin" 705
"../../../Engine/Plugins/Runtime/Steam/SteamAudio/SteamAudio.uplugin" 706
"../../../Engine/Plugins/Experimental/UAF/UAFStateTree/UAFStateTree.uplugin" 707
"../../../Engine/Plugins/Runtime/Nvidia/GeForceNOWWrapper/GeForceNOWWrapper.uplugin" 708
"../../../Engine/Plugins/Experimental/UAF/UAF/UAF.uplugin" 709
"../../../Engine/Plugins/VirtualProduction/CaptureManager/CaptureManagerApp/CaptureManagerApp.uplugin" 710
"../../../Engine/Plugins/Experimental/UAF/UAFWarping/UAFWarping.uplugin" 711
"../../../Engine/Plugins/Editor/ObjectMixer/LightMixer/LightMixer.uplugin" 712
"../../../Engine/Plugins/Experimental/UAF/UAFControlRig/UAFControlRig.uplugin" 713
"../../../Engine/Plugins/Experimental/MetaHuman/MetaHumanCalibrationDiagnostics/MetaHumanCalibrationDiagnostics.uplugin" 714
"../../../Engine/Plugins/Runtime/Database/RemoteDatabaseSupport/RemoteDatabaseSupport.uplugin" 715
"../../../Engine/Plugins/Runtime/Nvidia/Reflex/Reflex.uplugin" 716
"../../../Engine/Plugins/Experimental/UAF/UAFMirroring/UAFMirroring.uplugin" 717
"../../../Engine/Plugins/Animation/MLDeformer/NearestNeighborModel/NearestNeighborModel.uplugin" 718
"../../../Engine/Plugins/Experimental/VirtualProduction/LedWallCalibration/LedWallCalibration.uplugin" 719
"../../../Engine/Plugins/Interchange/Extensions/OpenUSD/InterchangeOpenUSD.uplugin" 720
"../../../Engine/Plugins/Experimental/AVCodecs/LibVpxCodecs/LibVpxCodecs.uplugin" 721
"../../../Engine/Plugins/Animation/MLDeformer/MLDeformerFramework/MLDeformerFramework.uplugin" 722
"../../../Engine/Plugins/Experimental/VirtualProduction/VPSettings/VPSettings.uplugin" 723
"../../../Engine/Plugins/VirtualProduction/DMX/DMXDisplayCluster/DMXDisplayCluster.uplugin" 724
"../../../Engine/Plugins/Animation/MLDeformer/VertexDeltaModel/VertexDeltaModel.uplugin" 725
"../../../Engine/Plugins/VirtualProduction/DMX/DMXEngine/DMXEngine.uplugin" 726
"../../../Engine/Plugins/Runtime/XR/XRVisualization/XRVisualization.uplugin" 727
"../../../Engine/Plugins/Runtime/Database/DatabaseSupport/DatabaseSupport.uplugin" 728
"../../../Engine/Plugins/Runtime/XR/XRScribe/XRScribe.uplugin" 729
"../../../Engine/Plugins/Animation/MLDeformer/NeuralMorphModel/NeuralMorphModel.uplugin" 730
"../../../Engine/Plugins/Experimental/UAF/UAFPoseSearch/UAFPoseSearch.uplugin" 731
"../../../Engine/Plugins/Interchange/Extensions/OpenVDB/InterchangeOpenVDB.uplugin" 732
"../../../Engine/Plugins/Experimental/UAF/UAFChooser/UAFChooser.uplugin" 733
"../../../Engine/Plugins/Runtime/MeshReconstruction/DummyMeshReconstructor/DummyMeshReconstructor.uplugin" 734
"../../../Engine/Plugins/Runtime/Database/SQLiteCore/SQLiteCore.uplugin" 735
"../../../Engine/Plugins/Runtime/Database/SQLiteSupport/SQLiteSupport.uplugin" 736
"../../../Engine/Plugins/Animation/MLDeformer/ChaosClothGenerator/ChaosClothGenerator.uplugin" 737
"../../../Engine/Plugins/VirtualProduction/DMX/DMXPixelMapping/DMXPixelMapping.uplugin" 738
"../../../Engine/Plugins/Experimental/UAF/UAFTests/UAFTests.uplugin" 739
"../../../Engine/Plugins/Online/Android/AndroidFetchBackgroundDownload/AndroidFetchBackgroundDownload.uplugin" 740
"../../../Engine/Plugins/VirtualProduction/DMX/DatasmithMVR/DatasmithMVR.uplugin" 741
"../../../Engine/Plugins/VirtualProduction/Rivermax/RivermaxSync/RivermaxSync.uplugin" 742
"../../../Engine/Plugins/Runtime/Windows/XInputDevice/XInputDevice.uplugin" 743
"../../../Engine/Plugins/VirtualProduction/Rivermax/RivermaxCore/RivermaxCore.uplugin" 744
"../../../Engine/Plugins/Runtime/PacketHandlers/DTLSHandlerComponent/DTLSHandlerComponent.uplugin" 745
"../../../Engine/Plugins/Online/Android/OnlineSubsystemGooglePlay/OnlineSubsystemGooglePlay.uplugin" 746
"../../../Engine/Plugins/Online/IOS/OnlineSubsystemIOS/OnlineSubsystemIOS.uplugin" 747
"../../../Engine/Plugins/VirtualProduction/Rivermax/RivermaxMedia/RivermaxMedia.uplugin" 748
"../../../Engine/Plugins/Experimental/AVCodecs/NVCodecs/NVCodecs.uplugin" 749
"../../../Engine/Plugins/Developer/Concert/ConcertSync/ConcertSyncClient/ConcertSyncClient.uplugin" 750
"../../../Engine/Plugins/Runtime/PacketHandlers/AESHandlerComponent/AESHandlerComponent.uplugin" 751
"../../../Engine/Plugins/Developer/Concert/ConcertSync/ConcertSyncTest/ConcertSyncTest.uplugin" 752
"../../../Engine/Plugins/Runtime/PacketHandlers/AESGCMHandlerComponent/AESGCMHandlerComponent.uplugin" 753
"../../../Engine/Plugins/Developer/Concert/ConcertSync/ConcertSyncServer/ConcertSyncServer.uplugin" 754
"../../../Engine/Plugins/VirtualProduction/DMX/DMXControlConsole/DMXControlConsole.uplugin" 755
"../../../Engine/Plugins/Runtime/AR/Google/GoogleARCoreServices/GoogleARCoreServices.uplugin" 756
"../../../Engine/Plugins/Developer/Concert/ConcertInsights/ConcertInsightsCore/ConcertInsightsCore.uplugin" 757
"../../../Engine/Plugins/Runtime/Windows/WinVirtualKeyboard/WinVirtualKeyboard.uplugin" 758
"../../../Engine/Plugins/Experimental/Animation/MLDeformer/DetailPoseModel/DetailPoseModel.uplugin" 759
"../../../Engine/Plugins/Developer/Concert/ConcertApp/MultiUserServer/MultiUserServer.uplugin" 760
"../../../Engine/Plugins/Developer/Concert/ConcertInsights/ConcertInsightsVisualizer/ConcertInsightsVisualizer.uplugin" 761
"../../../Engine/Plugins/Runtime/Database/ADOSupport/ADOSupport.uplugin" 762
"../../../Engine/Plugins/VirtualProduction/DMX/DMXGDTF/DMXGDTF.uplugin" 763
"../../../Engine/Plugins/Runtime/AR/AppleAR/AppleARKit/AppleARKit.uplugin" 764
"../../../Engine/Plugins/VirtualProduction/DMX/DMXModularFeatures/DMXModularFeatures.uplugin" 765
"../../../Engine/Plugins/Runtime/AR/AppleAR/AppleARKitFaceSupport/AppleARKitFaceSupport.uplugin" 766
"../../../Engine/Plugins/Developer/Concert/ConcertSync/ConcertSyncCore/ConcertSyncCore.uplugin" 767
"../../../Engine/Plugins/Developer/Concert/ConcertUI/ConcertSharedSlate/ConcertSharedSlate.uplugin" 768
"../../../Engine/Plugins/Runtime/Windows/WinDualShock/WinDualShock.uplugin" 769
"../../../Engine/Plugins/Developer/Concert/ConcertScripting/ConcertReplicationScripting/ConcertReplicationScripting.uplugin" 770
"../../../Engine/Plugins/Developer/Concert/ConcertInsights/ConcertInsightsClient/ConcertInsightsClient.uplugin" 771
"../../../Engine/Plugins/VirtualProduction/DMX/DMXFixtures/DMXFixtures.uplugin" 772
"../../../Engine/Plugins/Animation/MLDeformer/ChaosFleshGenerator/ChaosFleshGenerator.uplugin" 773
"../../../Engine/Plugins/Developer/Concert/ConcertApp/MultiUserClient/MultiUserClient.uplugin" 774
"../../../Engine/Plugins/VirtualProduction/DMX/DMXProtocol/DMXProtocol.uplugin" 775
"../../../Engine/Plugins/Runtime/AR/Google/GoogleARCore/GoogleARCore.uplugin" 776
"../../../Engine/Plugins/Developer/Concert/ConcertInsights/ConcertInsightsServer/ConcertInsightsServer.uplugin" 777
"../../../Engine/Plugins/VirtualProduction/PropertyAnimatorCore/PropertyAnimatorCore.uplugin" 778
"../../../Engine/Plugins/Developer/Concert/ConcertUI/ConcertClientSharedSlate/ConcertClientSharedSlate.uplugin" 779
"../../../Engine/Plugins/Developer/Concert/ConcertApp/DisasterRecoveryClient/DisasterRecoveryClient.uplugin" 780
"../../../Engine/Platforms/Android/Plugins/Animation/ACLPlugin/ACLPlugin_Android.uplugin" 781
"../../../Engine/Platforms/Android/Plugins/Animation/RigLogic/RigLogic_Android.uplugin" 782
"../../../Engine/Platforms/IOS/Plugins/Animation/RigLogic/RigLogic_IOS.uplugin" 783
"C:/Users/Antonio/Documents/Unreal Projects/MC/Plugins/ExternalMaps/ExternalMaps.uplugin" 784
"C:/Users/Antonio/Documents/Unreal Projects/MC/Plugins/glTFRuntime/glTFRuntime.uplugin" 785
"../../../Engine/Content/Internationalization/icudt64l/cnvalias.icu" 786
"../../../Engine/Content/Internationalization/icudt64l/res_index.res" 787
"../../../Engine/Content/Internationalization/icudt64l/plurals.res" 788
"../../../Engine/Content/Internationalization/icudt64l/lang/it.res" 789
"../../../Engine/Content/Internationalization/icudt64l/lang/pool.res" 790
"../../../Engine/Content/Internationalization/icudt64l/lang/root.res" 791
"../../../Engine/Content/Internationalization/icudt64l/region/it.res" 792
"../../../Engine/Content/Internationalization/icudt64l/region/pool.res" 793
"../../../Engine/Content/Internationalization/icudt64l/region/root.res" 794
"../../../Engine/Content/Internationalization/icudt64l/lang/en.res" 795
"../../../Engine/Content/Internationalization/icudt64l/region/en.res" 796
"../../../Engine/Content/Internationalization/icudt64l/windowsZones.res" 797
"../../../Engine/Content/Internationalization/icudt64l/zoneinfo64.res" 798
"../../../Engine/Content/Internationalization/icudt64l/keyTypeData.res" 799
"../../../Engine/Content/Internationalization/icudt64l/timezoneTypes.res" 800
"../../../Engine/Content/Internationalization/icudt64l/likelySubtags.res" 801
"../../../Engine/Content/Internationalization/icudt64l/it_IT.res" 802
"../../../Engine/Content/Internationalization/icudt64l/pool.res" 803
"../../../Engine/Content/Internationalization/icudt64l/it.res" 804
"../../../Engine/Content/Internationalization/icudt64l/root.res" 805
"../../../Engine/Content/Internationalization/icudt64l/supplementalData.res" 806
"../../../Engine/Config/ConfigRedirects.ini" 807
"C:/Users/Antonio/AppData/Local/UnrealEngine/5.7/Saved/Config/WindowsEditor/Manifest.ini" 808
"../../../Engine/Config/BaseEngine.ini" 809
"../../../Engine/Config/Windows/BaseWindowsEngine.ini" 810
"../../../../../Users/Antonio/Documents/Unreal Projects/MC/Config/DefaultEngine.ini" 811
"../../../Engine/Config/BaseGame.ini" 812
"../../../../../Users/Antonio/Documents/Unreal Projects/MC/Config/DefaultGame.ini" 813
"../../../Engine/Config/Windows/WindowsGame.ini" 814
"../../../Engine/Config/BaseInput.ini" 815
"../../../Engine/Config/Windows/BaseWindowsInput.ini" 816
"../../../../../Users/Antonio/Documents/Unreal Projects/MC/Config/DefaultInput.ini" 817
"../../../Engine/Config/Windows/WindowsInput.ini" 818
"../../../Engine/Config/BaseDeviceProfiles.ini" 819
"../../../Engine/Config/BaseGameUserSettings.ini" 820
"C:/Users/Antonio/Documents/Unreal Projects/MC/Saved/Config/WindowsEditor/GameUserSettings.ini" 821
"../../../Engine/Config/BaseScalability.ini" 822
"../../../Engine/Config/BaseRuntimeOptions.ini" 823
"../../../Engine/Config/BaseInstallBundle.ini" 824
"../../../Engine/Config/BaseHardware.ini" 825
"../../../Engine/Config/BaseCompat.ini" 826
"../../../Engine/Config/BaseLightmass.ini" 827
"../../../Engine/Config/BaseEditor.ini" 828
"../../../../../Users/Antonio/Documents/Unreal Projects/MC/Config/DefaultEditor.ini" 829
"C:/Users/Antonio/Documents/Unreal Projects/MC/Saved/Config/WindowsEditor/Editor.ini" 830
"../../../Engine/Config/BaseMaterialExpressions.ini" 831
"../../../Engine/Config/BaseEditorPerProjectUserSettings.ini" 832
"../../../Engine/Config/Windows/WindowsEditorPerProjectUserSettings.ini" 833
"C:/Users/Antonio/Documents/Unreal Projects/MC/Saved/Config/WindowsEditor/EditorPerProjectUserSettings.ini" 834
"../../../Engine/Config/BaseEditorSettings.ini" 835
"../../../Engine/Config/Windows/WindowsEditorSettings.ini" 836
"C:/Users/Antonio/AppData/Local/UnrealEngine/5.7/Saved/Config/WindowsEditor/EditorSettings.ini" 837
"../../../Engine/Config/BaseEditorKeyBindings.ini" 838
"C:/Users/Antonio/AppData/Local/UnrealEngine/5.7/Saved/Config/WindowsEditor/EditorLayout.ini" 839
"../../../Engine/Config/Android/BaseAndroidEngine.ini" 840
"../../../Engine/Config/Mac/BaseMacEngine.ini" 841
"../../../../../Users/Antonio/Documents/Unreal Projects/MC/Intermediate/CachedAssetRegistryDiscovery.bin" 842
"../../../../../Users/Antonio/Documents/Unreal Projects/MC/Binaries/Win64/MC.target" 843
"../../../Engine/Config/Android/AndroidEngine.ini" 844
"../../../Engine/Config/IOS/BaseIOSEngine.ini" 845
"../../../Engine/Config/Linux/BaseLinuxEngine.ini" 846
"../../../../../Users/Antonio/Documents/Unreal Projects/MC/Binaries/Win64/MCEditor.target" 847
"../../../Engine/Platforms/VisionOS/Config/BaseVisionOSEngine.ini" 848
"../../../Engine/Config/Unix/UnixEngine.ini" 849
"../../../Engine/Config/Linux/LinuxEngine.ini" 850
"../../../Engine/Config/Android/BaseAndroidGame.ini" 851
"../../../Engine/Config/TVOS/TVOSEngine.ini" 852
"../../../Engine/Platforms/VisionOS/Config/VisionOSEngine.ini" 853
"../../../Engine/Config/Mac/MacGame.ini" 854
"../../../Engine/Config/IOS/BaseIOSGame.ini" 855
"../../../Engine/Config/Mac/BaseMacInput.ini" 856
"../../../Engine/Config/Android/BaseAndroidInput.ini" 857
"../../../Engine/Config/IOS/IOSGame.ini" 858
"../../../Engine/Config/Linux/LinuxGame.ini" 859
"../../../Engine/Config/IOS/BaseIOSInput.ini" 860
"../../../Engine/Config/Android/AndroidScalability.ini" 861
"../../../Engine/Config/IOS/IOSScalability.ini" 862
"../../../Engine/Config/Android/BaseAndroidInstallBundle.ini" 863
"../../../Engine/Config/IOS/BaseIOSInstallBundle.ini" 864
"../../../Engine/Config/PluginBase.ini" 865
"../../../Engine/Plugins/ChaosVD/Config/DefaultChaosVD.ini" 866
"../../../Engine/Plugins/EnhancedInput/Config/BaseEnhancedInput.ini" 867
"../../../Engine/Plugins/Fab/Config/BaseFab.ini" 868
"../../../Engine/Plugins/TraceUtilities/Config/BaseTraceUtilities.ini" 869
"../../../Engine/Plugins/Editor/EditorScriptingUtilities/Config/BaseEditorScriptingUtilities.ini" 870
"../../../Engine/Plugins/Experimental/FullBodyIK/Config/BaseFullBodyIK.ini" 871
"../../../Engine/Plugins/Experimental/ToolPresets/Config/BaseToolPresets.ini" 872
"../../../Engine/Plugins/MetaHuman/MetaHumanSDK/Config/BaseMetaHumanSDK.ini" 873
"../../../Engine/Plugins/2D/Paper2D/Config/BasePaper2D.ini" 874
"../../../Engine/Plugins/Animation/ControlRig/Config/BaseControlRig.ini" 875
"../../../Engine/Plugins/Animation/DeformerGraph/Config/BaseDeformerGraph.ini" 876
"../../../Engine/Plugins/Animation/IKRig/Config/BaseIKRig.ini" 877
"../../../Engine/Plugins/Cameras/GameplayCameras/Config/BaseGameplayCameras.ini" 878
"../../../Engine/Plugins/Compositing/CompositeCore/Config/BaseCompositeCore.ini" 879
"../../../Engine/Plugins/Enterprise/DatasmithContent/Config/BaseDatasmithContent.ini" 880
"../../../Engine/Plugins/Enterprise/GLTFExporter/Config/BaseGLTFExporter.ini" 881
"../../../Engine/Plugins/Enterprise/GLTFExporter/Config/DefaultGLTFExporter.ini" 882
"../../../Engine/Plugins/Enterprise/VariantManagerContent/Config/BaseVariantManagerContent.ini" 883
"../../../Engine/Plugins/FX/Niagara/Config/BaseNiagara.ini" 884
"../../../Engine/Plugins/Interchange/Assets/Config/BaseInterchangeAssets.ini" 885
"../../../Engine/Plugins/Interchange/Runtime/Config/BaseInterchange.ini" 886
"../../../Engine/Plugins/Runtime/HairStrands/Config/BaseHairStrands.ini" 887
"../../../Engine/Plugins/Runtime/Metasound/Config/BaseMetasound.ini" 888
"../../../Engine/Plugins/Runtime/Metasound/Config/DefaultMetasound.ini" 889
"../../../Engine/Plugins/Runtime/PropertyBindingUtils/Config/BasePropertyBindingUtils.ini" 890
"../../../Engine/Plugins/Runtime/RigVM/Config/BaseRigVM.ini" 891
"../../../Engine/Plugins/Runtime/Synthesis/Config/BaseSynthesis.ini" 892
"../../../Engine/Plugins/Runtime/StateTree/Config/BaseStateTree.ini" 893
"../../../Engine/Plugins/VirtualProduction/Takes/Config/BaseTakes.ini" 894
"../../../Engine/Plugins/ChaosVD/Config/Engine.ini" 895
"../../../Engine/Plugins/EnhancedInput/Config/Input.ini" 896
"../../../Engine/Plugins/Runtime/InputDebugging/Config/Input.ini" 897
"../../../Engine/Plugins/Runtime/Windows/XInputDevice/Config/Input.ini" 898
"../../../Engine/Plugins/NNE/NNEDenoiser/Config/Game.ini" 899
"../../../Engine/Plugins/Online/OnlineSubsystemUtils/Config/Editor.ini" 900
"../../../Engine/Plugins/Runtime/RigVM/Config/Editor.ini" 901
"../../../Engine/Plugins/Editor/ModelingToolsEditorMode/Binaries/Win64/UnrealEditor.modules" 902
"../../../Engine/Plugins/Runtime/MeshModelingToolset/Binaries/Win64/UnrealEditor.modules" 903
"../../../Engine/Plugins/Experimental/MeshModelingToolsetExp/Binaries/Win64/UnrealEditor.modules" 904
"../../../Engine/Plugins/Editor/MeshLODToolset/Binaries/Win64/UnrealEditor.modules" 905
"../../../Engine/Plugins/Experimental/ToolPresets/Binaries/Win64/UnrealEditor.modules" 906
"../../../Engine/Plugins/Editor/StylusInput/Binaries/Win64/UnrealEditor.modules" 907
"../../../Engine/Plugins/Runtime/GeometryProcessing/Binaries/Win64/UnrealEditor.modules" 908
"../../../Engine/Plugins/Editor/ProxyLODPlugin/Binaries/Win64/UnrealEditor.modules" 909
"../../../Engine/Plugins/Experimental/PlanarCutPlugin/Binaries/Win64/UnrealEditor.modules" 910
"../../../Engine/Plugins/Runtime/GeometryCache/Binaries/Win64/UnrealEditor.modules" 911
"../../../Engine/Plugins/Experimental/GeometryFlow/Binaries/Win64/UnrealEditor.modules" 912
"../../../Engine/Plugins/Editor/EditorScriptingUtilities/Binaries/Win64/UnrealEditor.modules" 913
"../../../Engine/Plugins/FX/Niagara/Binaries/Win64/UnrealEditor.modules" 914
"../../../Engine/Plugins/Experimental/PythonScriptPlugin/Binaries/Win64/UnrealEditor.modules" 915
"../../../Engine/Plugins/Editor/ContentBrowser/ContentBrowserFileDataSource/Binaries/Win64/UnrealEditor.modules" 916
"../../../Engine/Plugins/Runtime/ProceduralMeshComponent/Binaries/Win64/UnrealEditor.modules" 917
"../../../Engine/Plugins/AudioInsights/Binaries/Win64/UnrealEditor.modules" 918
"../../../Engine/Plugins/Runtime/AudioWidgets/Binaries/Win64/UnrealEditor.modules" 919
"../../../Engine/Plugins/Runtime/AudioSynesthesia/Binaries/Win64/UnrealEditor.modules" 920
"../../../Engine/Plugins/Bridge/Binaries/Win64/UnrealEditor.modules" 921
"../../../Engine/Plugins/MetaHuman/MetaHumanSDK/Binaries/Win64/UnrealEditor.modules" 922
"../../../Engine/Plugins/Animation/ControlRig/Binaries/Win64/UnrealEditor.modules" 923
"../../../Engine/Plugins/Runtime/HairStrands/Binaries/Win64/UnrealEditor.modules" 924
"../../../Engine/Plugins/Animation/RigLogic/Binaries/Win64/UnrealEditor.modules" 925
"../../../Engine/Plugins/Interchange/Runtime/Binaries/Win64/UnrealEditor.modules" 926
"../../../Engine/Plugins/Online/EOSShared/Binaries/Win64/UnrealEditor.modules" 927
"../../../Engine/Plugins/Runtime/RigVM/Binaries/Win64/UnrealEditor.modules" 928
"../../../Engine/Plugins/MovieScene/LevelSequenceEditor/Binaries/Win64/UnrealEditor.modules" 929
"../../../Engine/Plugins/Runtime/PropertyAccess/Binaries/Win64/UnrealEditor.modules" 930
"../../../Engine/Plugins/MovieScene/SequencerScripting/Binaries/Win64/UnrealEditor.modules" 931
"../../../Engine/Plugins/Animation/TweeningUtils/Binaries/Win64/UnrealEditor.modules" 932
"../../../Engine/Plugins/Animation/DeformerGraph/Binaries/Win64/UnrealEditor.modules" 933
"../../../Engine/Plugins/Experimental/Dataflow/Binaries/Win64/UnrealEditor.modules" 934
"../../../Engine/Plugins/Runtime/ComputeFramework/Binaries/Win64/UnrealEditor.modules" 935
"../../../Engine/Plugins/Enterprise/VariantManagerContent/Binaries/Win64/UnrealEditor.modules" 936
"../../../Engine/Plugins/Enterprise/VariantManager/Binaries/Win64/UnrealEditor.modules" 937
"../../../Engine/Plugins/Interchange/Assets/Binaries/Win64/UnrealEditor.modules" 938
"../../../Engine/Plugins/Experimental/CharacterFXEditor/BaseCharacterFXEditor/Binaries/Win64/UnrealEditor.modules" 939
"../../../Engine/Plugins/Experimental/ChaosCaching/Binaries/Win64/UnrealEditor.modules" 940
"../../../Engine/Plugins/Experimental/EditorDataStorage/Binaries/Win64/UnrealEditor.modules" 941
"../../../Engine/Plugins/Experimental/EditorDataStorageFeatures/Binaries/Win64/UnrealEditor.modules" 942
"../../../Engine/Plugins/Animation/SkeletalMeshModelingTools/Binaries/Win64/UnrealEditor.modules" 943
"../../../Engine/Plugins/VirtualProduction/Takes/Binaries/Win64/UnrealEditor.modules" 944
"../../../Engine/Plugins/Runtime/AudioCapture/Binaries/Win64/UnrealEditor.modules" 945
"../../../Engine/Plugins/Developer/NamingTokens/Binaries/Win64/UnrealEditor.modules" 946
"../../../Engine/Plugins/Editor/EngineAssetDefinitions/Binaries/Win64/UnrealEditor.modules" 947
"../../../Engine/Plugins/ChaosCloth/Binaries/Win64/UnrealEditor.modules" 948
"../../../Engine/Plugins/ChaosInsights/Binaries/Win64/UnrealEditor.modules" 949
"../../../Engine/Plugins/ChaosVD/Binaries/Win64/UnrealEditor.modules" 950
"../../../Engine/Plugins/CmdLinkServer/Binaries/Win64/UnrealEditor.modules" 951
"../../../Engine/Plugins/EnhancedInput/Binaries/Win64/UnrealEditor.modules" 952
"../../../Engine/Plugins/Editor/DataValidation/Binaries/Win64/UnrealEditor.modules" 953
"../../../Engine/Plugins/Fab/Binaries/Win64/UnrealEditor.modules" 954
"../../../Engine/Plugins/IoStoreInsights/Binaries/Win64/UnrealEditor.modules" 955
"../../../Engine/Plugins/MassInsights/Binaries/Win64/UnrealEditor.modules" 956
"../../../Engine/Plugins/MeshPainting/Binaries/Win64/UnrealEditor.modules" 957
"../../../Engine/Plugins/Interchange/Editor/Binaries/Win64/UnrealEditor.modules" 958
"../../../Engine/Plugins/RenderGraphInsights/Binaries/Win64/UnrealEditor.modules" 959
"../../../Engine/Plugins/TraceUtilities/Binaries/Win64/UnrealEditor.modules" 960
"../../../Engine/Plugins/UbaController/Binaries/Win64/UnrealEditor.modules" 961
"../../../Engine/Plugins/XGEController/Binaries/Win64/UnrealEditor.modules" 962
"../../../Engine/Plugins/WorldMetrics/Binaries/Win64/UnrealEditor.modules" 963
"../../../Engine/Plugins/Editor/AssetManagerEditor/Binaries/Win64/UnrealEditor.modules" 964
"../../../Engine/Plugins/Editor/ContentBrowser/ContentBrowserAssetDataSource/Binaries/Win64/UnrealEditor.modules" 965
"../../../Engine/Plugins/Compression/OodleNetwork/Binaries/Win64/UnrealEditor.modules" 966
"../../../Engine/Plugins/Editor/BlueprintHeaderView/Binaries/Win64/UnrealEditor.modules" 967
"../../../Engine/Plugins/Editor/ChangelistReview/Binaries/Win64/UnrealEditor.modules" 968
"../../../Engine/Plugins/Editor/ColorGrading/Binaries/Win64/UnrealEditor.modules" 969
"../../../Engine/Plugins/Editor/ObjectMixer/ObjectMixer/Binaries/Win64/UnrealEditor.modules" 970
"../../../Engine/Plugins/Editor/CurveEditorTools/Binaries/Win64/UnrealEditor.modules" 971
"../../../Engine/Plugins/Editor/EditorDebugTools/Binaries/Win64/UnrealEditor.modules" 972
"../../../Engine/Plugins/Editor/CryptoKeys/Binaries/Win64/UnrealEditor.modules" 973
"../../../Engine/Plugins/Editor/GeometryMode/Binaries/Win64/UnrealEditor.modules" 974
"../../../Engine/Plugins/Editor/FacialAnimation/Binaries/Win64/UnrealEditor.modules" 975
"../../../Engine/Plugins/Editor/GameplayTagsEditor/Binaries/Win64/UnrealEditor.modules" 976
"../../../Engine/Plugins/Editor/MaterialAnalyzer/Binaries/Win64/UnrealEditor.modules" 977
"../../../Engine/Plugins/Editor/MobileLauncherProfileWizard/Binaries/Win64/UnrealEditor.modules" 978
"../../../Engine/Plugins/Editor/PluginBrowser/Binaries/Win64/UnrealEditor.modules" 979
"../../../Engine/Plugins/Developer/PluginUtils/Binaries/Win64/UnrealEditor.modules" 980
"../../../Engine/Plugins/Editor/SequencerAnimTools/Binaries/Win64/UnrealEditor.modules" 981
"../../../Engine/Plugins/Editor/SpeedTreeImporter/Binaries/Win64/UnrealEditor.modules" 982
"../../../Engine/Plugins/Editor/UVEditor/Binaries/Win64/UnrealEditor.modules" 983
"../../../Engine/Plugins/Editor/UMGWidgetPreview/Binaries/Win64/UnrealEditor.modules" 984
"../../../Engine/Plugins/Editor/WorldPartitionHLODUtilities/Binaries/Win64/UnrealEditor.modules" 985
"../../../Engine/Plugins/Experimental/AdvancedRenamer/Binaries/Win64/UnrealEditor.modules" 986
"../../../Engine/Plugins/Experimental/AutomationUtils/Binaries/Win64/UnrealEditor.modules" 987
"../../../Engine/Plugins/Experimental/BackChannel/Binaries/Win64/UnrealEditor.modules" 988
"../../../Engine/Plugins/Experimental/ChaosEditor/Binaries/Win64/UnrealEditor.modules" 989
"../../../Engine/Plugins/Experimental/GeometryCollectionPlugin/Binaries/Win64/UnrealEditor.modules" 990
"../../../Engine/Plugins/Experimental/Fracture/Binaries/Win64/UnrealEditor.modules" 991
"../../../Engine/Plugins/Experimental/ChaosSolverPlugin/Binaries/Win64/UnrealEditor.modules" 992
"../../../Engine/Plugins/Experimental/GeometryDataflow/Binaries/Win64/UnrealEditor.modules" 993
"../../../Engine/Plugins/Experimental/ChaosNiagara/Binaries/Win64/UnrealEditor.modules" 994
"../../../Engine/Plugins/Experimental/ChaosUserDataPT/Binaries/Win64/UnrealEditor.modules" 995
"../../../Engine/Plugins/Experimental/CharacterAI/Binaries/Win64/UnrealEditor.modules" 996
"../../../Engine/Plugins/Experimental/EditorTelemetry/Binaries/Win64/UnrealEditor.modules" 997
"../../../Engine/Plugins/Experimental/EditorPerformance/Binaries/Win64/UnrealEditor.modules" 998
"../../../Engine/Plugins/Experimental/GlobalConfigurationData/Binaries/Win64/UnrealEditor.modules" 999
"../../../Engine/Plugins/Experimental/LocalizableMessage/Binaries/Win64/UnrealEditor.modules" 1000
"../../../Engine/Plugins/Experimental/LevelSequenceNavigatorBridge/Binaries/Win64/UnrealEditor.modules" 1001
"../../../Engine/Plugins/Experimental/SequenceNavigator/Binaries/Win64/UnrealEditor.modules" 1002
"../../../Engine/Plugins/Experimental/NFORDenoise/Binaries/Win64/UnrealEditor.modules" 1003
"../../../Engine/Plugins/Experimental/PlatformCrypto/Binaries/Win64/UnrealEditor.modules" 1004
"../../../Engine/Plugins/Experimental/RuntimeTelemetry/Binaries/Win64/UnrealEditor.modules" 1005
"../../../Engine/Plugins/Experimental/SkeletalReduction/Binaries/Win64/UnrealEditor.modules" 1006
"../../../Engine/Plugins/NNE/NNEDenoiser/Binaries/Win64/UnrealEditor.modules" 1007
"../../../Engine/Plugins/NNE/NNERuntimeORT/Binaries/Win64/UnrealEditor.modules" 1008
"../../../Engine/Plugins/Tests/InterchangeTests/Binaries/Win64/UnrealEditor.modules" 1009
"../../../Engine/Plugins/AI/EnvironmentQueryEditor/Binaries/Win64/UnrealEditor.modules" 1010
"../../../Engine/Plugins/AI/AISupport/Binaries/Win64/UnrealEditor.modules" 1011
"../../../Engine/Plugins/2D/Paper2D/Binaries/Win64/UnrealEditor.modules" 1012
"../../../Engine/Plugins/Animation/AnimationData/Binaries/Win64/UnrealEditor.modules" 1013
"../../../Engine/Plugins/Animation/ACLPlugin/Binaries/Win64/UnrealEditor.modules" 1014
"../../../Engine/Plugins/Animation/AnimationModifierLibrary/Binaries/Win64/UnrealEditor.modules" 1015
"../../../Engine/Plugins/Animation/BlendSpaceMotionAnalysis/Binaries/Win64/UnrealEditor.modules" 1016
"../../../Engine/Plugins/Animation/EaseCurveTool/Binaries/Win64/UnrealEditor.modules" 1017
"../../../Engine/Plugins/Animation/ControlRigSpline/Binaries/Win64/UnrealEditor.modules" 1018
"../../../Engine/Plugins/Animation/IKRig/Binaries/Win64/UnrealEditor.modules" 1019
"../../../Engine/Plugins/Experimental/FullBodyIK/Binaries/Win64/UnrealEditor.modules" 1020
"../../../Engine/Plugins/Cameras/GameplayCameras/Binaries/Win64/UnrealEditor.modules" 1021
"../../../Engine/Plugins/Runtime/StateTree/Binaries/Win64/UnrealEditor.modules" 1022
"../../../Engine/Plugins/MovieScene/TemplateSequence/Binaries/Win64/UnrealEditor.modules" 1023
"../../../Engine/Plugins/Animation/GameplayInsights/Binaries/Win64/UnrealEditor.modules" 1024
"../../../Engine/Plugins/Runtime/PropertyBindingUtils/Binaries/Win64/UnrealEditor.modules" 1025
"../../../Engine/Plugins/Cameras/CameraShakePreviewer/Binaries/Win64/UnrealEditor.modules" 1026
"../../../Engine/Plugins/Cameras/EngineCameras/Binaries/Win64/UnrealEditor.modules" 1027
"../../../Engine/Plugins/Developer/AnimationSharing/Binaries/Win64/UnrealEditor.modules" 1028
"../../../Engine/Plugins/Runtime/SignificanceManager/Binaries/Win64/UnrealEditor.modules" 1029
"../../../Engine/Plugins/Developer/CLionSourceCodeAccess/Binaries/Win64/UnrealEditor.modules" 1030
"../../../Engine/Plugins/Developer/DumpGPUServices/Binaries/Win64/UnrealEditor.modules" 1031
"../../../Engine/Plugins/Developer/GPUReshape/Binaries/Win64/UnrealEditor.modules" 1032
"../../../Engine/Plugins/Developer/N10XSourceCodeAccess/Binaries/Win64/UnrealEditor.modules" 1033
"../../../Engine/Plugins/Developer/GitSourceControl/Binaries/Win64/UnrealEditor.modules" 1034
"../../../Engine/Plugins/Developer/PerforceSourceControl/Binaries/Win64/UnrealEditor.modules" 1035
"../../../Engine/Plugins/Developer/PlasticSourceControl/Binaries/Win64/UnrealEditor.modules" 1036
"../../../Engine/Plugins/Developer/SubversionSourceControl/Binaries/Win64/UnrealEditor.modules" 1037
"../../../Engine/Plugins/Developer/TextureFormatOodle/Binaries/Win64/UnrealEditor.modules" 1038
"../../../Engine/Plugins/Developer/PropertyAccessNode/Binaries/Win64/UnrealEditor.modules" 1039
"../../../Engine/Plugins/Developer/RenderDocPlugin/Binaries/Win64/UnrealEditor.modules" 1040
"../../../Engine/Plugins/Developer/PixWinPlugin/Binaries/Win64/UnrealEditor.modules" 1041
"../../../Engine/Plugins/Developer/VisualStudioCodeSourceCodeAccess/Binaries/Win64/UnrealEditor.modules" 1042
"../../../Engine/Plugins/Developer/UObjectPlugin/Binaries/Win64/UnrealEditor.modules" 1043
"../../../Engine/Plugins/Developer/ProjectLauncher/Binaries/Win64/UnrealEditor.modules" 1044
"../../../Engine/Plugins/Developer/RiderSourceCodeAccess/Binaries/Win64/UnrealEditor.modules" 1045
"../../../Engine/Plugins/Developer/VisualStudioSourceCodeAccess/Binaries/Win64/UnrealEditor.modules" 1046
"../../../Engine/Plugins/Enterprise/DatasmithContent/Binaries/Win64/UnrealEditor.modules" 1047
"../../../Engine/Plugins/Enterprise/GLTFExporter/Binaries/Win64/UnrealEditor.modules" 1048
"../../../Engine/Plugins/FX/NiagaraPreviewContent/Binaries/Win64/UnrealEditor.modules" 1049
"../../../Engine/Plugins/FX/Cascade/Binaries/Win64/UnrealEditor.modules" 1050
"../../../Engine/Plugins/Importers/AlembicImporter/Binaries/Win64/UnrealEditor.modules" 1051
"../../../Engine/Plugins/FX/NiagaraSimCaching/Binaries/Win64/UnrealEditor.modules" 1052
"../../../Engine/Plugins/Media/AvfMedia/Binaries/Win64/UnrealEditor.modules" 1053
"../../../Engine/Plugins/Media/AndroidMedia/Binaries/Win64/UnrealEditor.modules" 1054
"../../../Engine/Plugins/Media/ImgMedia/Binaries/Win64/UnrealEditor.modules" 1055
"../../../Engine/Plugins/Media/MediaPlayerEditor/Binaries/Win64/UnrealEditor.modules" 1056
"../../../Engine/Plugins/Media/MediaPlate/Binaries/Win64/UnrealEditor.modules" 1057
"../../../Engine/Plugins/Media/MediaCompositing/Binaries/Win64/UnrealEditor.modules" 1058
"../../../Engine/Plugins/Compositing/CompositeCore/Binaries/Win64/UnrealEditor.modules" 1059
"../../../Engine/Plugins/MovieScene/ActorSequence/Binaries/Win64/UnrealEditor.modules" 1060
"../../../Engine/Plugins/Media/WmfMedia/Binaries/Win64/UnrealEditor.modules" 1061
"../../../Engine/Plugins/Messaging/UdpMessaging/Binaries/Win64/UnrealEditor.modules" 1062
"../../../Engine/Plugins/Messaging/TcpMessaging/Binaries/Win64/UnrealEditor.modules" 1063
"../../../Engine/Plugins/MovieScene/SequenceValidator/Binaries/Win64/UnrealEditor.modules" 1064
"../../../Engine/Plugins/Online/OnlineBase/Binaries/Win64/UnrealEditor.modules" 1065
"../../../Engine/Plugins/Online/OnlineSubsystem/Binaries/Win64/UnrealEditor.modules" 1066
"../../../Engine/Plugins/Online/OnlineSubsystemNull/Binaries/Win64/UnrealEditor.modules" 1067
"../../../Engine/Plugins/Online/OnlineSubsystemUtils/Binaries/Win64/UnrealEditor.modules" 1068
"../../../Engine/Plugins/Online/OnlineServices/Binaries/Win64/UnrealEditor.modules" 1069
"../../../Engine/Plugins/Portal/LauncherChunkInstaller/Binaries/Win64/UnrealEditor.modules" 1070
"../../../Engine/Plugins/Runtime/ActorLayerUtilities/Binaries/Win64/UnrealEditor.modules" 1071
"../../../Engine/Plugins/Runtime/AndroidFileServer/Binaries/Win64/UnrealEditor.modules" 1072
"../../../Engine/Plugins/Runtime/AndroidDeviceProfileSelector/Binaries/Win64/UnrealEditor.modules" 1073
"../../../Engine/Plugins/Runtime/AppleImageUtils/Binaries/Win64/UnrealEditor.modules" 1074
"../../../Engine/Plugins/Runtime/AssetTags/Binaries/Win64/UnrealEditor.modules" 1075
"../../../Engine/Plugins/Runtime/ArchVisCharacter/Binaries/Win64/UnrealEditor.modules" 1076
"../../../Engine/Plugins/Runtime/AndroidPermission/Binaries/Win64/UnrealEditor.modules" 1077
"../../../Engine/Plugins/Runtime/ChunkDownloader/Binaries/Win64/UnrealEditor.modules" 1078
"../../../Engine/Plugins/Runtime/CustomMeshComponent/Binaries/Win64/UnrealEditor.modules" 1079
"../../../Engine/Plugins/Runtime/CableComponent/Binaries/Win64/UnrealEditor.modules" 1080
"../../../Engine/Plugins/Runtime/ExampleDeviceProfileSelector/Binaries/Win64/UnrealEditor.modules" 1081
"../../../Engine/Plugins/Runtime/GooglePAD/Binaries/Win64/UnrealEditor.modules" 1082
"../../../Engine/Plugins/Runtime/InputDebugging/Binaries/Win64/UnrealEditor.modules" 1083
"../../../Engine/Plugins/Runtime/LocationServicesBPLibrary/Binaries/Win64/UnrealEditor.modules" 1084
"../../../Engine/Plugins/Runtime/Metasound/Binaries/Win64/UnrealEditor.modules" 1085
"../../../Engine/Plugins/Runtime/WaveTable/Binaries/Win64/UnrealEditor.modules" 1086
"../../../Engine/Plugins/Runtime/MsQuic/Binaries/Win64/UnrealEditor.modules" 1087
"../../../Engine/Plugins/Runtime/MobilePatchingUtils/Binaries/Win64/UnrealEditor.modules" 1088
"../../../Engine/Plugins/Runtime/ResonanceAudio/Binaries/Win64/UnrealEditor.modules" 1089
"../../../Engine/Plugins/Runtime/SoundFields/Binaries/Win64/UnrealEditor.modules" 1090
"../../../Engine/Plugins/Runtime/Synthesis/Binaries/Win64/UnrealEditor.modules" 1091
"../../../Engine/Plugins/Runtime/WebMMoviePlayer/Binaries/Win64/UnrealEditor.modules" 1092
"../../../Engine/Plugins/Media/WebMMedia/Binaries/Win64/UnrealEditor.modules" 1093
"../../../Engine/Plugins/Runtime/WindowsMoviePlayer/Binaries/Win64/UnrealEditor.modules" 1094
"../../../Engine/Plugins/Runtime/WindowsDeviceProfileSelector/Binaries/Win64/UnrealEditor.modules" 1095
"../../../Engine/Plugins/Editor/ContentBrowser/ContentBrowserClassDataSource/Binaries/Win64/UnrealEditor.modules" 1096
"../../../Engine/Plugins/Editor/Localization/PortableObjectFileDataSource/Binaries/Win64/UnrealEditor.modules" 1097
"../../../Engine/Plugins/Editor/ObjectMixer/LightMixer/Binaries/Win64/UnrealEditor.modules" 1098
"../../../Engine/Plugins/Runtime/Windows/XInputDevice/Binaries/Win64/UnrealEditor.modules" 1099
"C:/Users/Antonio/Documents/Unreal Projects/MC/Plugins/glTFRuntime/Binaries/Win64/UnrealEditor.modules" 1100
"../../../Engine/Config/BaseSourceControlSettings.ini" 1101
"../../../Engine/Content/Internationalization/icudt64l/coll/ucadata.icu" 1102
"../../../Engine/Content/Internationalization/icudt64l/coll/it.res" 1103
"../../../Engine/Content/Internationalization/icudt64l/coll/root.res" 1104
"../../../Engine/Content/Certificates/ThirdParty/cacert.pem" 1105
"../../../Engine/Config/ConsoleVariables.ini" 1106
"../../../Engine/Binaries/Win64/Android/UnrealEditor.modules" 1107
"../../../Engine/Binaries/Win64/IOS/UnrealEditor.modules" 1108
"../../../Engine/Binaries/Win64/Linux/UnrealEditor.modules" 1109
"../../../Engine/Content/Localization/Editor/en/Editor.locres" 1110
"../../../Engine/Content/Localization/Keywords/en/Keywords.locres" 1111
"../../../Engine/Content/Localization/Category/en/Category.locres" 1112
"../../../Engine/Content/Localization/ToolTips/en/ToolTips.locres" 1113
"../../../Engine/Content/Localization/PropertyNames/en/PropertyNames.locres" 1114
"../../../Engine/Content/Localization/Engine/en/Engine.locres" 1115
"../../../Engine/Plugins/MetaHuman/MetaHumanSDK/Content/Localization/MetaHumanSDK/en/MetaHumanSDK.locres" 1116
"../../../Engine/Plugins/MetaHuman/MetaHumanSDK/Content/Localization/MetaHumanSDK_Properties/en/MetaHumanSDK_Properties.locres" 1117
"../../../Engine/Plugins/MetaHuman/MetaHumanSDK/Content/Localization/MetaHumanSDK_Tooltips/en/MetaHumanSDK_Tooltips.locres" 1118
"../../../Engine/Plugins/Online/OnlineSubsystem/Content/Localization/OnlineSubsystem/en/OnlineSubsystem.locres" 1119
"../../../Engine/Plugins/Online/OnlineSubsystemUtils/Content/Localization/OnlineSubsystemUtils/en/OnlineSubsystemUtils.locres" 1120
"../../../Engine/Plugins/Online/IOS/OnlineSubsystemIOS/Content/Localization/OnlineSubsystemIOS/en/OnlineSubsystemIOS.locres" 1121
"../../../Engine/Plugins/Online/Android/OnlineSubsystemGooglePlay/Content/Localization/OnlineSubsystemGooglePlay/en/OnlineSubsystemGooglePlay.locres" 1122
"../../../Engine/Content/Internationalization/icudt64l/numberingSystems.res" 1123
"../../../Engine/Content/Internationalization/icudt64l/curr/supplementalData.res" 1124
"../../../Engine/Content/Internationalization/icudt64l/curr/it.res" 1125
"../../../Engine/Content/Internationalization/icudt64l/curr/pool.res" 1126
"../../../Engine/Content/Internationalization/icudt64l/curr/root.res" 1127
"../../../Engine/Content/Internationalization/icudt64l/lang/af.res" 1128
"../../../Engine/Content/Internationalization/icudt64l/region/af.res" 1129
"../../../Engine/Content/Internationalization/icudt64l/lang/agq.res" 1130
"../../../Engine/Content/Internationalization/icudt64l/region/agq.res" 1131
"../../../Engine/Content/Internationalization/icudt64l/lang/ak.res" 1132
"../../../Engine/Content/Internationalization/icudt64l/region/ak.res" 1133
"../../../Engine/Content/Internationalization/icudt64l/lang/am.res" 1134
"../../../Engine/Content/Internationalization/icudt64l/region/am.res" 1135
"../../../Engine/Content/Internationalization/icudt64l/lang/ar.res" 1136
"../../../Engine/Content/Internationalization/icudt64l/region/ar.res" 1137
"../../../Engine/Content/Internationalization/icudt64l/region/ar_AE.res" 1138
"../../../Engine/Content/Internationalization/icudt64l/lang/ar_EG.res" 1139
"../../../Engine/Content/Internationalization/icudt64l/lang/ar_LY.res" 1140
"../../../Engine/Content/Internationalization/icudt64l/region/ar_LY.res" 1141
"../../../Engine/Content/Internationalization/icudt64l/lang/ar_SA.res" 1142
"../../../Engine/Content/Internationalization/icudt64l/region/ar_SA.res" 1143
"../../../Engine/Content/Internationalization/icudt64l/lang/as.res" 1144
"../../../Engine/Content/Internationalization/icudt64l/region/as.res" 1145
"../../../Engine/Content/Internationalization/icudt64l/lang/asa.res" 1146
"../../../Engine/Content/Internationalization/icudt64l/region/asa.res" 1147
"../../../Engine/Content/Internationalization/icudt64l/lang/ast.res" 1148
"../../../Engine/Content/Internationalization/icudt64l/region/ast.res" 1149
"../../../Engine/Content/Internationalization/icudt64l/lang/az.res" 1150
"../../../Engine/Content/Internationalization/icudt64l/lang/az_Cyrl.res" 1151
"../../../Engine/Content/Internationalization/icudt64l/lang/az_AZ.res" 1152
"../../../Engine/Content/Internationalization/icudt64l/lang/az_Latn_AZ.res" 1153
"../../../Engine/Content/Internationalization/icudt64l/lang/az_Latn.res" 1154
"../../../Engine/Content/Internationalization/icudt64l/region/az_AZ.res" 1155
"../../../Engine/Content/Internationalization/icudt64l/region/az_Latn_AZ.res" 1156
"../../../Engine/Content/Internationalization/icudt64l/region/az_Latn.res" 1157
"../../../Engine/Content/Internationalization/icudt64l/region/az.res" 1158
"../../../Engine/Content/Internationalization/icudt64l/region/az_Cyrl.res" 1159
"../../../Engine/Content/Internationalization/icudt64l/lang/bas.res" 1160
"../../../Engine/Content/Internationalization/icudt64l/region/bas.res" 1161
"../../../Engine/Content/Internationalization/icudt64l/lang/be.res" 1162
"../../../Engine/Content/Internationalization/icudt64l/region/be.res" 1163
"../../../Engine/Content/Internationalization/icudt64l/lang/bem.res" 1164
"../../../Engine/Content/Internationalization/icudt64l/region/bem.res" 1165
"../../../Engine/Content/Internationalization/icudt64l/lang/bez.res" 1166
"../../../Engine/Content/Internationalization/icudt64l/region/bez.res" 1167
"../../../Engine/Content/Internationalization/icudt64l/lang/bg.res" 1168
"../../../Engine/Content/Internationalization/icudt64l/region/bg.res" 1169
"../../../Engine/Content/Internationalization/icudt64l/lang/bm.res" 1170
"../../../Engine/Content/Internationalization/icudt64l/region/bm.res" 1171
"../../../Engine/Content/Internationalization/icudt64l/lang/bn.res" 1172
"../../../Engine/Content/Internationalization/icudt64l/region/bn.res" 1173
"../../../Engine/Content/Internationalization/icudt64l/lang/bn_IN.res" 1174
"../../../Engine/Content/Internationalization/icudt64l/region/bn_IN.res" 1175
"../../../Engine/Content/Internationalization/icudt64l/lang/bo.res" 1176
"../../../Engine/Content/Internationalization/icudt64l/region/bo.res" 1177
"../../../Engine/Content/Internationalization/icudt64l/region/bo_IN.res" 1178
"../../../Engine/Content/Internationalization/icudt64l/lang/br.res" 1179
"../../../Engine/Content/Internationalization/icudt64l/region/br.res" 1180
"../../../Engine/Content/Internationalization/icudt64l/lang/brx.res" 1181
"../../../Engine/Content/Internationalization/icudt64l/region/brx.res" 1182
"../../../Engine/Content/Internationalization/icudt64l/lang/bs.res" 1183
"../../../Engine/Content/Internationalization/icudt64l/lang/bs_Cyrl.res" 1184
"../../../Engine/Content/Internationalization/icudt64l/lang/bs_BA.res" 1185
"../../../Engine/Content/Internationalization/icudt64l/lang/bs_Latn_BA.res" 1186
"../../../Engine/Content/Internationalization/icudt64l/lang/bs_Latn.res" 1187
"../../../Engine/Content/Internationalization/icudt64l/region/bs_BA.res" 1188
"../../../Engine/Content/Internationalization/icudt64l/region/bs_Latn_BA.res" 1189
"../../../Engine/Content/Internationalization/icudt64l/region/bs_Latn.res" 1190
"../../../Engine/Content/Internationalization/icudt64l/region/bs.res" 1191
"../../../Engine/Content/Internationalization/icudt64l/region/bs_Cyrl.res" 1192
"../../../Engine/Content/Internationalization/icudt64l/lang/ca.res" 1193
"../../../Engine/Content/Internationalization/icudt64l/region/ca.res" 1194
"../../../Engine/Content/Internationalization/icudt64l/lang/ccp.res" 1195
"../../../Engine/Content/Internationalization/icudt64l/region/ccp.res" 1196
"../../../Engine/Content/Internationalization/icudt64l/lang/ce.res" 1197
"../../../Engine/Content/Internationalization/icudt64l/region/ce.res" 1198
"../../../Engine/Content/Internationalization/icudt64l/lang/ceb.res" 1199
"../../../Engine/Content/Internationalization/icudt64l/region/ceb.res" 1200
"../../../Engine/Content/Internationalization/icudt64l/lang/cgg.res" 1201
"../../../Engine/Content/Internationalization/icudt64l/region/cgg.res" 1202
"../../../Engine/Content/Internationalization/icudt64l/lang/chr.res" 1203
"../../../Engine/Content/Internationalization/icudt64l/region/chr.res" 1204
"../../../Engine/Content/Internationalization/icudt64l/lang/ckb.res" 1205
"../../../Engine/Content/Internationalization/icudt64l/region/ckb.res" 1206
"../../../Engine/Content/Internationalization/icudt64l/lang/cs.res" 1207
"../../../Engine/Content/Internationalization/icudt64l/region/cs.res" 1208
"../../../Engine/Content/Internationalization/icudt64l/lang/cy.res" 1209
"../../../Engine/Content/Internationalization/icudt64l/region/cy.res" 1210
"../../../Engine/Content/Internationalization/icudt64l/lang/da.res" 1211
"../../../Engine/Content/Internationalization/icudt64l/region/da.res" 1212
"../../../Engine/Content/Internationalization/icudt64l/lang/dav.res" 1213
"../../../Engine/Content/Internationalization/icudt64l/region/dav.res" 1214
"../../../Engine/Content/Internationalization/icudt64l/lang/de.res" 1215
"../../../Engine/Content/Internationalization/icudt64l/lang/de_AT.res" 1216
"../../../Engine/Content/Internationalization/icudt64l/region/de_AT.res" 1217
"../../../Engine/Content/Internationalization/icudt64l/region/de.res" 1218
"../../../Engine/Content/Internationalization/icudt64l/lang/de_CH.res" 1219
"../../../Engine/Content/Internationalization/icudt64l/region/de_CH.res" 1220
"../../../Engine/Content/Internationalization/icudt64l/lang/de_LU.res" 1221
"../../../Engine/Content/Internationalization/icudt64l/lang/dje.res" 1222
"../../../Engine/Content/Internationalization/icudt64l/region/dje.res" 1223
"../../../Engine/Content/Internationalization/icudt64l/lang/dsb.res" 1224
"../../../Engine/Content/Internationalization/icudt64l/region/dsb.res" 1225
"../../../Engine/Content/Internationalization/icudt64l/lang/dua.res" 1226
"../../../Engine/Content/Internationalization/icudt64l/region/dua.res" 1227
"../../../Engine/Content/Internationalization/icudt64l/lang/dyo.res" 1228
"../../../Engine/Content/Internationalization/icudt64l/region/dyo.res" 1229
"../../../Engine/Content/Internationalization/icudt64l/lang/dz.res" 1230
"../../../Engine/Content/Internationalization/icudt64l/region/dz.res" 1231
"../../../Engine/Content/Internationalization/icudt64l/lang/ebu.res" 1232
"../../../Engine/Content/Internationalization/icudt64l/region/ebu.res" 1233
"../../../Engine/Content/Internationalization/icudt64l/lang/ee.res" 1234
"../../../Engine/Content/Internationalization/icudt64l/region/ee.res" 1235
"../../../Engine/Content/Internationalization/icudt64l/lang/el.res" 1236
"../../../Engine/Content/Internationalization/icudt64l/region/el.res" 1237
"../../../Engine/Content/Internationalization/icudt64l/lang/en_001.res" 1238
"../../../Engine/Content/Internationalization/icudt64l/lang/en_150.res" 1239
"../../../Engine/Content/Internationalization/icudt64l/region/en_150.res" 1240
"../../../Engine/Content/Internationalization/icudt64l/lang/en_AG.res" 1241
"../../../Engine/Content/Internationalization/icudt64l/region/en_AG.res" 1242
"../../../Engine/Content/Internationalization/icudt64l/lang/en_AI.res" 1243
"../../../Engine/Content/Internationalization/icudt64l/region/en_AI.res" 1244
"../../../Engine/Content/Internationalization/icudt64l/lang/en_AT.res" 1245
"../../../Engine/Content/Internationalization/icudt64l/region/en_AT.res" 1246
"../../../Engine/Content/Internationalization/icudt64l/lang/en_AU.res" 1247
"../../../Engine/Content/Internationalization/icudt64l/region/en_AU.res" 1248
"../../../Engine/Content/Internationalization/icudt64l/lang/en_BB.res" 1249
"../../../Engine/Content/Internationalization/icudt64l/region/en_BB.res" 1250
"../../../Engine/Content/Internationalization/icudt64l/lang/en_BE.res" 1251
"../../../Engine/Content/Internationalization/icudt64l/region/en_BE.res" 1252
"../../../Engine/Content/Internationalization/icudt64l/lang/en_BM.res" 1253
"../../../Engine/Content/Internationalization/icudt64l/region/en_BM.res" 1254
"../../../Engine/Content/Internationalization/icudt64l/lang/en_BS.res" 1255
"../../../Engine/Content/Internationalization/icudt64l/region/en_BS.res" 1256
"../../../Engine/Content/Internationalization/icudt64l/lang/en_BW.res" 1257
"../../../Engine/Content/Internationalization/icudt64l/region/en_BW.res" 1258
"../../../Engine/Content/Internationalization/icudt64l/lang/en_BZ.res" 1259
"../../../Engine/Content/Internationalization/icudt64l/region/en_BZ.res" 1260
"../../../Engine/Content/Internationalization/icudt64l/lang/en_CA.res" 1261
"../../../Engine/Content/Internationalization/icudt64l/region/en_CA.res" 1262
"../../../Engine/Content/Internationalization/icudt64l/lang/en_CC.res" 1263
"../../../Engine/Content/Internationalization/icudt64l/region/en_CC.res" 1264
"../../../Engine/Content/Internationalization/icudt64l/lang/en_CH.res" 1265
"../../../Engine/Content/Internationalization/icudt64l/region/en_CH.res" 1266
"../../../Engine/Content/Internationalization/icudt64l/lang/en_CK.res" 1267
"../../../Engine/Content/Internationalization/icudt64l/region/en_CK.res" 1268
"../../../Engine/Content/Internationalization/icudt64l/lang/en_CM.res" 1269
"../../../Engine/Content/Internationalization/icudt64l/region/en_CM.res" 1270
"../../../Engine/Content/Internationalization/icudt64l/lang/en_CX.res" 1271
"../../../Engine/Content/Internationalization/icudt64l/region/en_CX.res" 1272
"../../../Engine/Content/Internationalization/icudt64l/lang/en_CY.res" 1273
"../../../Engine/Content/Internationalization/icudt64l/region/en_CY.res" 1274
"../../../Engine/Content/Internationalization/icudt64l/lang/en_DE.res" 1275
"../../../Engine/Content/Internationalization/icudt64l/region/en_DE.res" 1276
"../../../Engine/Content/Internationalization/icudt64l/lang/en_DG.res" 1277
"../../../Engine/Content/Internationalization/icudt64l/region/en_DG.res" 1278
"../../../Engine/Content/Internationalization/icudt64l/lang/en_DK.res" 1279
"../../../Engine/Content/Internationalization/icudt64l/region/en_DK.res" 1280
"../../../Engine/Content/Internationalization/icudt64l/lang/en_DM.res" 1281
"../../../Engine/Content/Internationalization/icudt64l/region/en_DM.res" 1282
"../../../Engine/Content/Internationalization/icudt64l/lang/en_ER.res" 1283
"../../../Engine/Content/Internationalization/icudt64l/region/en_ER.res" 1284
"../../../Engine/Content/Internationalization/icudt64l/lang/en_FI.res" 1285
"../../../Engine/Content/Internationalization/icudt64l/region/en_FI.res" 1286
"../../../Engine/Content/Internationalization/icudt64l/lang/en_FJ.res" 1287
"../../../Engine/Content/Internationalization/icudt64l/region/en_FJ.res" 1288
"../../../Engine/Content/Internationalization/icudt64l/lang/en_FK.res" 1289
"../../../Engine/Content/Internationalization/icudt64l/region/en_FK.res" 1290
"../../../Engine/Content/Internationalization/icudt64l/lang/en_FM.res" 1291
"../../../Engine/Content/Internationalization/icudt64l/region/en_FM.res" 1292
"../../../Engine/Content/Internationalization/icudt64l/lang/en_GB.res" 1293
"../../../Engine/Content/Internationalization/icudt64l/region/en_GB.res" 1294
"../../../Engine/Content/Internationalization/icudt64l/lang/en_GD.res" 1295
"../../../Engine/Content/Internationalization/icudt64l/region/en_GD.res" 1296
"../../../Engine/Content/Internationalization/icudt64l/lang/en_GG.res" 1297
"../../../Engine/Content/Internationalization/icudt64l/region/en_GG.res" 1298
"../../../Engine/Content/Internationalization/icudt64l/lang/en_GH.res" 1299
"../../../Engine/Content/Internationalization/icudt64l/region/en_GH.res" 1300
"../../../Engine/Content/Internationalization/icudt64l/lang/en_GI.res" 1301
"../../../Engine/Content/Internationalization/icudt64l/region/en_GI.res" 1302
"../../../Engine/Content/Internationalization/icudt64l/lang/en_GM.res" 1303
"../../../Engine/Content/Internationalization/icudt64l/region/en_GM.res" 1304
"../../../Engine/Content/Internationalization/icudt64l/lang/en_GY.res" 1305
"../../../Engine/Content/Internationalization/icudt64l/region/en_GY.res" 1306
"../../../Engine/Content/Internationalization/icudt64l/lang/en_HK.res" 1307
"../../../Engine/Content/Internationalization/icudt64l/region/en_HK.res" 1308
"../../../Engine/Content/Internationalization/icudt64l/lang/en_IE.res" 1309
"../../../Engine/Content/Internationalization/icudt64l/region/en_IE.res" 1310
"../../../Engine/Content/Internationalization/icudt64l/lang/en_IL.res" 1311
"../../../Engine/Content/Internationalization/icudt64l/region/en_IL.res" 1312
"../../../Engine/Content/Internationalization/icudt64l/lang/en_IM.res" 1313
"../../../Engine/Content/Internationalization/icudt64l/region/en_IM.res" 1314
"../../../Engine/Content/Internationalization/icudt64l/lang/en_IN.res" 1315
"../../../Engine/Content/Internationalization/icudt64l/region/en_IN.res" 1316
"../../../Engine/Content/Internationalization/icudt64l/lang/en_IO.res" 1317
"../../../Engine/Content/Internationalization/icudt64l/region/en_IO.res" 1318
"../../../Engine/Content/Internationalization/icudt64l/lang/en_JE.res" 1319
"../../../Engine/Content/Internationalization/icudt64l/region/en_JE.res" 1320
"../../../Engine/Content/Internationalization/icudt64l/lang/en_JM.res" 1321
"../../../Engine/Content/Internationalization/icudt64l/region/en_JM.res" 1322
"../../../Engine/Content/Internationalization/icudt64l/lang/en_KE.res" 1323
"../../../Engine/Content/Internationalization/icudt64l/region/en_KE.res" 1324
"../../../Engine/Content/Internationalization/icudt64l/lang/en_KI.res" 1325
"../../../Engine/Content/Internationalization/icudt64l/region/en_KI.res" 1326
"../../../Engine/Content/Internationalization/icudt64l/lang/en_KN.res" 1327
"../../../Engine/Content/Internationalization/icudt64l/region/en_KN.res" 1328
"../../../Engine/Content/Internationalization/icudt64l/lang/en_KY.res" 1329
"../../../Engine/Content/Internationalization/icudt64l/region/en_KY.res" 1330
"../../../Engine/Content/Internationalization/icudt64l/lang/en_LC.res" 1331
"../../../Engine/Content/Internationalization/icudt64l/region/en_LC.res" 1332
"../../../Engine/Content/Internationalization/icudt64l/lang/en_LR.res" 1333
"../../../Engine/Content/Internationalization/icudt64l/region/en_LR.res" 1334
"../../../Engine/Content/Internationalization/icudt64l/lang/en_LS.res" 1335
"../../../Engine/Content/Internationalization/icudt64l/region/en_LS.res" 1336
"../../../Engine/Content/Internationalization/icudt64l/lang/en_MG.res" 1337
"../../../Engine/Content/Internationalization/icudt64l/region/en_MG.res" 1338
"../../../Engine/Content/Internationalization/icudt64l/lang/en_MO.res" 1339
"../../../Engine/Content/Internationalization/icudt64l/region/en_MO.res" 1340
"../../../Engine/Content/Internationalization/icudt64l/lang/en_MS.res" 1341
"../../../Engine/Content/Internationalization/icudt64l/region/en_MS.res" 1342
"../../../Engine/Content/Internationalization/icudt64l/lang/en_MT.res" 1343
"../../../Engine/Content/Internationalization/icudt64l/region/en_MT.res" 1344
"../../../Engine/Content/Internationalization/icudt64l/lang/en_MU.res" 1345
"../../../Engine/Content/Internationalization/icudt64l/region/en_MU.res" 1346
"../../../Engine/Content/Internationalization/icudt64l/lang/en_MW.res" 1347
"../../../Engine/Content/Internationalization/icudt64l/region/en_MW.res" 1348
"../../../Engine/Content/Internationalization/icudt64l/lang/en_MY.res" 1349
"../../../Engine/Content/Internationalization/icudt64l/region/en_MY.res" 1350
"../../../Engine/Content/Internationalization/icudt64l/lang/en_NA.res" 1351
"../../../Engine/Content/Internationalization/icudt64l/region/en_NA.res" 1352
"../../../Engine/Content/Internationalization/icudt64l/lang/en_NF.res" 1353
"../../../Engine/Content/Internationalization/icudt64l/region/en_NF.res" 1354
"../../../Engine/Content/Internationalization/icudt64l/lang/en_NG.res" 1355
"../../../Engine/Content/Internationalization/icudt64l/region/en_NG.res" 1356
"../../../Engine/Content/Internationalization/icudt64l/lang/en_NL.res" 1357
"../../../Engine/Content/Internationalization/icudt64l/region/en_NL.res" 1358
"../../../Engine/Content/Internationalization/icudt64l/lang/en_NR.res" 1359
"../../../Engine/Content/Internationalization/icudt64l/region/en_NR.res" 1360
"../../../Engine/Content/Internationalization/icudt64l/lang/en_NU.res" 1361
"../../../Engine/Content/Internationalization/icudt64l/region/en_NU.res" 1362
"../../../Engine/Content/Internationalization/icudt64l/lang/en_NZ.res" 1363
"../../../Engine/Content/Internationalization/icudt64l/region/en_NZ.res" 1364
"../../../Engine/Content/Internationalization/icudt64l/lang/en_PG.res" 1365
"../../../Engine/Content/Internationalization/icudt64l/region/en_PG.res" 1366
"../../../Engine/Content/Internationalization/icudt64l/lang/en_PH.res" 1367
"../../../Engine/Content/Internationalization/icudt64l/region/en_PH.res" 1368
"../../../Engine/Content/Internationalization/icudt64l/lang/en_PK.res" 1369
"../../../Engine/Content/Internationalization/icudt64l/region/en_PK.res" 1370
"../../../Engine/Content/Internationalization/icudt64l/lang/en_PN.res" 1371
"../../../Engine/Content/Internationalization/icudt64l/region/en_PN.res" 1372
"../../../Engine/Content/Internationalization/icudt64l/lang/en_PW.res" 1373
"../../../Engine/Content/Internationalization/icudt64l/region/en_PW.res" 1374
"../../../Engine/Content/Internationalization/icudt64l/lang/en_RW.res" 1375
"../../../Engine/Content/Internationalization/icudt64l/region/en_RW.res" 1376
"../../../Engine/Content/Internationalization/icudt64l/lang/en_SB.res" 1377
"../../../Engine/Content/Internationalization/icudt64l/region/en_SB.res" 1378
"../../../Engine/Content/Internationalization/icudt64l/lang/en_SC.res" 1379
"../../../Engine/Content/Internationalization/icudt64l/region/en_SC.res" 1380
"../../../Engine/Content/Internationalization/icudt64l/lang/en_SD.res" 1381
"../../../Engine/Content/Internationalization/icudt64l/region/en_SD.res" 1382
"../../../Engine/Content/Internationalization/icudt64l/lang/en_SE.res" 1383
"../../../Engine/Content/Internationalization/icudt64l/region/en_SE.res" 1384
"../../../Engine/Content/Internationalization/icudt64l/lang/en_SG.res" 1385
"../../../Engine/Content/Internationalization/icudt64l/region/en_SG.res" 1386
"../../../Engine/Content/Internationalization/icudt64l/lang/en_SH.res" 1387
"../../../Engine/Content/Internationalization/icudt64l/region/en_SH.res" 1388
"../../../Engine/Content/Internationalization/icudt64l/lang/en_SI.res" 1389
"../../../Engine/Content/Internationalization/icudt64l/region/en_SI.res" 1390
"../../../Engine/Content/Internationalization/icudt64l/lang/en_SL.res" 1391
"../../../Engine/Content/Internationalization/icudt64l/region/en_SL.res" 1392
"../../../Engine/Content/Internationalization/icudt64l/lang/en_SS.res" 1393
"../../../Engine/Content/Internationalization/icudt64l/region/en_SS.res" 1394
"../../../Engine/Content/Internationalization/icudt64l/lang/en_SX.res" 1395
"../../../Engine/Content/Internationalization/icudt64l/region/en_SX.res" 1396
"../../../Engine/Content/Internationalization/icudt64l/lang/en_SZ.res" 1397
"../../../Engine/Content/Internationalization/icudt64l/region/en_SZ.res" 1398
"../../../Engine/Content/Internationalization/icudt64l/lang/en_TC.res" 1399
"../../../Engine/Content/Internationalization/icudt64l/region/en_TC.res" 1400
"../../../Engine/Content/Internationalization/icudt64l/lang/en_TK.res" 1401
"../../../Engine/Content/Internationalization/icudt64l/region/en_TK.res" 1402
"../../../Engine/Content/Internationalization/icudt64l/lang/en_TO.res" 1403
"../../../Engine/Content/Internationalization/icudt64l/region/en_TO.res" 1404
"../../../Engine/Content/Internationalization/icudt64l/lang/en_TT.res" 1405
"../../../Engine/Content/Internationalization/icudt64l/region/en_TT.res" 1406
"../../../Engine/Content/Internationalization/icudt64l/lang/en_TV.res" 1407
"../../../Engine/Content/Internationalization/icudt64l/region/en_TV.res" 1408
"../../../Engine/Content/Internationalization/icudt64l/lang/en_TZ.res" 1409
"../../../Engine/Content/Internationalization/icudt64l/region/en_TZ.res" 1410
"../../../Engine/Content/Internationalization/icudt64l/lang/en_UG.res" 1411
"../../../Engine/Content/Internationalization/icudt64l/region/en_UG.res" 1412
"../../../Engine/Content/Internationalization/icudt64l/lang/en_VC.res" 1413
"../../../Engine/Content/Internationalization/icudt64l/region/en_VC.res" 1414
"../../../Engine/Content/Internationalization/icudt64l/lang/en_VG.res" 1415
"../../../Engine/Content/Internationalization/icudt64l/region/en_VG.res" 1416
"../../../Engine/Content/Internationalization/icudt64l/lang/en_VU.res" 1417
"../../../Engine/Content/Internationalization/icudt64l/region/en_VU.res" 1418
"../../../Engine/Content/Internationalization/icudt64l/lang/en_WS.res" 1419
"../../../Engine/Content/Internationalization/icudt64l/region/en_WS.res" 1420
"../../../Engine/Content/Internationalization/icudt64l/lang/en_ZA.res" 1421
"../../../Engine/Content/Internationalization/icudt64l/region/en_ZA.res" 1422
"../../../Engine/Content/Internationalization/icudt64l/lang/en_ZM.res" 1423
"../../../Engine/Content/Internationalization/icudt64l/region/en_ZM.res" 1424
"../../../Engine/Content/Internationalization/icudt64l/lang/en_ZW.res" 1425
"../../../Engine/Content/Internationalization/icudt64l/region/en_ZW.res" 1426
"../../../Engine/Content/Internationalization/icudt64l/lang/eo.res" 1427
"../../../Engine/Content/Internationalization/icudt64l/region/eo.res" 1428
"../../../Engine/Content/Internationalization/icudt64l/lang/es.res" 1429
"../../../Engine/Content/Internationalization/icudt64l/lang/es_419.res" 1430
"../../../Engine/Content/Internationalization/icudt64l/region/es_419.res" 1431
"../../../Engine/Content/Internationalization/icudt64l/region/es.res" 1432
"../../../Engine/Content/Internationalization/icudt64l/lang/es_AR.res" 1433
"../../../Engine/Content/Internationalization/icudt64l/region/es_AR.res" 1434
"../../../Engine/Content/Internationalization/icudt64l/lang/es_BO.res" 1435
"../../../Engine/Content/Internationalization/icudt64l/region/es_BO.res" 1436
"../../../Engine/Content/Internationalization/icudt64l/lang/es_BR.res" 1437
"../../../Engine/Content/Internationalization/icudt64l/region/es_BR.res" 1438
"../../../Engine/Content/Internationalization/icudt64l/lang/es_BZ.res" 1439
"../../../Engine/Content/Internationalization/icudt64l/region/es_BZ.res" 1440
"../../../Engine/Content/Internationalization/icudt64l/lang/es_CL.res" 1441
"../../../Engine/Content/Internationalization/icudt64l/region/es_CL.res" 1442
"../../../Engine/Content/Internationalization/icudt64l/lang/es_CO.res" 1443
"../../../Engine/Content/Internationalization/icudt64l/region/es_CO.res" 1444
"../../../Engine/Content/Internationalization/icudt64l/lang/es_CR.res" 1445
"../../../Engine/Content/Internationalization/icudt64l/region/es_CR.res" 1446
"../../../Engine/Content/Internationalization/icudt64l/lang/es_CU.res" 1447
"../../../Engine/Content/Internationalization/icudt64l/region/es_CU.res" 1448
"../../../Engine/Content/Internationalization/icudt64l/lang/es_DO.res" 1449
"../../../Engine/Content/Internationalization/icudt64l/region/es_DO.res" 1450
"../../../Engine/Content/Internationalization/icudt64l/lang/es_EC.res" 1451
"../../../Engine/Content/Internationalization/icudt64l/region/es_EC.res" 1452
"../../../Engine/Content/Internationalization/icudt64l/lang/es_GT.res" 1453
"../../../Engine/Content/Internationalization/icudt64l/region/es_GT.res" 1454
"../../../Engine/Content/Internationalization/icudt64l/lang/es_HN.res" 1455
"../../../Engine/Content/Internationalization/icudt64l/region/es_HN.res" 1456
"../../../Engine/Content/Internationalization/icudt64l/lang/es_MX.res" 1457
"../../../Engine/Content/Internationalization/icudt64l/region/es_MX.res" 1458
"../../../Engine/Content/Internationalization/icudt64l/lang/es_NI.res" 1459
"../../../Engine/Content/Internationalization/icudt64l/region/es_NI.res" 1460
"../../../Engine/Content/Internationalization/icudt64l/lang/es_PA.res" 1461
"../../../Engine/Content/Internationalization/icudt64l/region/es_PA.res" 1462
"../../../Engine/Content/Internationalization/icudt64l/lang/es_PE.res" 1463
"../../../Engine/Content/Internationalization/icudt64l/region/es_PE.res" 1464
"../../../Engine/Content/Internationalization/icudt64l/lang/es_PR.res" 1465
"../../../Engine/Content/Internationalization/icudt64l/region/es_PR.res" 1466
"../../../Engine/Content/Internationalization/icudt64l/lang/es_PY.res" 1467
"../../../Engine/Content/Internationalization/icudt64l/region/es_PY.res" 1468
"../../../Engine/Content/Internationalization/icudt64l/lang/es_SV.res" 1469
"../../../Engine/Content/Internationalization/icudt64l/region/es_SV.res" 1470
"../../../Engine/Content/Internationalization/icudt64l/lang/es_US.res" 1471
"../../../Engine/Content/Internationalization/icudt64l/region/es_US.res" 1472
"../../../Engine/Content/Internationalization/icudt64l/lang/es_UY.res" 1473
"../../../Engine/Content/Internationalization/icudt64l/region/es_UY.res" 1474
"../../../Engine/Content/Internationalization/icudt64l/lang/es_VE.res" 1475
"../../../Engine/Content/Internationalization/icudt64l/region/es_VE.res" 1476
"../../../Engine/Content/Internationalization/icudt64l/lang/et.res" 1477
"../../../Engine/Content/Internationalization/icudt64l/region/et.res" 1478
"../../../Engine/Content/Internationalization/icudt64l/lang/eu.res" 1479
"../../../Engine/Content/Internationalization/icudt64l/region/eu.res" 1480
"../../../Engine/Content/Internationalization/icudt64l/lang/ewo.res" 1481
"../../../Engine/Content/Internationalization/icudt64l/region/ewo.res" 1482
"../../../Engine/Content/Internationalization/icudt64l/lang/fa.res" 1483
"../../../Engine/Content/Internationalization/icudt64l/lang/fa_AF.res" 1484
"../../../Engine/Content/Internationalization/icudt64l/region/fa_AF.res" 1485
"../../../Engine/Content/Internationalization/icudt64l/region/fa.res" 1486
"../../../Engine/Content/Internationalization/icudt64l/lang/ff.res" 1487
"../../../Engine/Content/Internationalization/icudt64l/lang/ff_Latn.res" 1488
"../../../Engine/Content/Internationalization/icudt64l/region/ff.res" 1489
"../../../Engine/Content/Internationalization/icudt64l/region/ff_Latn.res" 1490
"../../../Engine/Content/Internationalization/icudt64l/lang/ff_CM.res" 1491
"../../../Engine/Content/Internationalization/icudt64l/lang/ff_Latn_CM.res" 1492
"../../../Engine/Content/Internationalization/icudt64l/region/ff_CM.res" 1493
"../../../Engine/Content/Internationalization/icudt64l/region/ff_Latn_CM.res" 1494
"../../../Engine/Content/Internationalization/icudt64l/lang/ff_GN.res" 1495
"../../../Engine/Content/Internationalization/icudt64l/lang/ff_Latn_GN.res" 1496
"../../../Engine/Content/Internationalization/icudt64l/region/ff_GN.res" 1497
"../../../Engine/Content/Internationalization/icudt64l/region/ff_Latn_GN.res" 1498
"../../../Engine/Content/Internationalization/icudt64l/lang/ff_MR.res" 1499
"../../../Engine/Content/Internationalization/icudt64l/lang/ff_Latn_MR.res" 1500
"../../../Engine/Content/Internationalization/icudt64l/region/ff_MR.res" 1501
"../../../Engine/Content/Internationalization/icudt64l/region/ff_Latn_MR.res" 1502
"../../../Engine/Content/Internationalization/icudt64l/lang/ff_SN.res" 1503
"../../../Engine/Content/Internationalization/icudt64l/lang/ff_Latn_SN.res" 1504
"../../../Engine/Content/Internationalization/icudt64l/region/ff_SN.res" 1505
"../../../Engine/Content/Internationalization/icudt64l/region/ff_Latn_SN.res" 1506
"../../../Engine/Content/Internationalization/icudt64l/lang/fi.res" 1507
"../../../Engine/Content/Internationalization/icudt64l/region/fi.res" 1508
"../../../Engine/Content/Internationalization/icudt64l/lang/fil.res" 1509
"../../../Engine/Content/Internationalization/icudt64l/lang/fil_PH.res" 1510
"../../../Engine/Content/Internationalization/icudt64l/region/fil_PH.res" 1511
"../../../Engine/Content/Internationalization/icudt64l/region/fil.res" 1512
"../../../Engine/Content/Internationalization/icudt64l/lang/fo.res" 1513
"../../../Engine/Content/Internationalization/icudt64l/region/fo.res" 1514
"../../../Engine/Content/Internationalization/icudt64l/lang/fr.res" 1515
"../../../Engine/Content/Internationalization/icudt64l/lang/fr_BE.res" 1516
"../../../Engine/Content/Internationalization/icudt64l/region/fr_BE.res" 1517
"../../../Engine/Content/Internationalization/icudt64l/region/fr.res" 1518
"../../../Engine/Content/Internationalization/icudt64l/lang/fr_CA.res" 1519
"../../../Engine/Content/Internationalization/icudt64l/region/fr_CA.res" 1520
"../../../Engine/Content/Internationalization/icudt64l/lang/fr_CH.res" 1521
"../../../Engine/Content/Internationalization/icudt64l/lang/fur.res" 1522
"../../../Engine/Content/Internationalization/icudt64l/region/fur.res" 1523
"../../../Engine/Content/Internationalization/icudt64l/lang/fy.res" 1524
"../../../Engine/Content/Internationalization/icudt64l/region/fy.res" 1525
"../../../Engine/Content/Internationalization/icudt64l/lang/ga.res" 1526
"../../../Engine/Content/Internationalization/icudt64l/region/ga.res" 1527
"../../../Engine/Content/Internationalization/icudt64l/lang/gd.res" 1528
"../../../Engine/Content/Internationalization/icudt64l/region/gd.res" 1529
"../../../Engine/Content/Internationalization/icudt64l/lang/gl.res" 1530
"../../../Engine/Content/Internationalization/icudt64l/region/gl.res" 1531
"../../../Engine/Content/Internationalization/icudt64l/lang/gsw.res" 1532
"../../../Engine/Content/Internationalization/icudt64l/region/gsw.res" 1533
"../../../Engine/Content/Internationalization/icudt64l/lang/gu.res" 1534
"../../../Engine/Content/Internationalization/icudt64l/region/gu.res" 1535
"../../../Engine/Content/Internationalization/icudt64l/lang/guz.res" 1536
"../../../Engine/Content/Internationalization/icudt64l/region/guz.res" 1537
"../../../Engine/Content/Internationalization/icudt64l/lang/gv.res" 1538
"../../../Engine/Content/Internationalization/icudt64l/region/gv.res" 1539
"../../../Engine/Content/Internationalization/icudt64l/lang/ha.res" 1540
"../../../Engine/Content/Internationalization/icudt64l/region/ha.res" 1541
"../../../Engine/Content/Internationalization/icudt64l/lang/ha_NE.res" 1542
"../../../Engine/Content/Internationalization/icudt64l/region/ha_NE.res" 1543
"../../../Engine/Content/Internationalization/icudt64l/lang/haw.res" 1544
"../../../Engine/Content/Internationalization/icudt64l/region/haw.res" 1545
"../../../Engine/Content/Internationalization/icudt64l/lang/he.res" 1546
"../../../Engine/Content/Internationalization/icudt64l/lang/he_IL.res" 1547
"../../../Engine/Content/Internationalization/icudt64l/region/he_IL.res" 1548
"../../../Engine/Content/Internationalization/icudt64l/region/he.res" 1549
"../../../Engine/Content/Internationalization/icudt64l/lang/hi.res" 1550
"../../../Engine/Content/Internationalization/icudt64l/region/hi.res" 1551
"../../../Engine/Content/Internationalization/icudt64l/lang/hr.res" 1552
"../../../Engine/Content/Internationalization/icudt64l/region/hr.res" 1553
"../../../Engine/Content/Internationalization/icudt64l/lang/hsb.res" 1554
"../../../Engine/Content/Internationalization/icudt64l/region/hsb.res" 1555
"../../../Engine/Content/Internationalization/icudt64l/lang/hu.res" 1556
"../../../Engine/Content/Internationalization/icudt64l/region/hu.res" 1557
"../../../Engine/Content/Internationalization/icudt64l/lang/hy.res" 1558
"../../../Engine/Content/Internationalization/icudt64l/region/hy.res" 1559
"../../../Engine/Content/Internationalization/icudt64l/lang/ia.res" 1560
"../../../Engine/Content/Internationalization/icudt64l/region/ia.res" 1561
"../../../Engine/Content/Internationalization/icudt64l/lang/id.res" 1562
"../../../Engine/Content/Internationalization/icudt64l/lang/id_ID.res" 1563
"../../../Engine/Content/Internationalization/icudt64l/region/id_ID.res" 1564
"../../../Engine/Content/Internationalization/icudt64l/region/id.res" 1565
"../../../Engine/Content/Internationalization/icudt64l/lang/ig.res" 1566
"../../../Engine/Content/Internationalization/icudt64l/region/ig.res" 1567
"../../../Engine/Content/Internationalization/icudt64l/lang/ii.res" 1568
"../../../Engine/Content/Internationalization/icudt64l/region/ii.res" 1569
"../../../Engine/Content/Internationalization/icudt64l/lang/is.res" 1570
"../../../Engine/Content/Internationalization/icudt64l/region/is.res" 1571
"../../../Engine/Content/Internationalization/icudt64l/lang/ja.res" 1572
"../../../Engine/Content/Internationalization/icudt64l/lang/ja_JP.res" 1573
"../../../Engine/Content/Internationalization/icudt64l/region/ja_JP.res" 1574
"../../../Engine/Content/Internationalization/icudt64l/region/ja.res" 1575
"../../../Engine/Content/Internationalization/icudt64l/lang/jgo.res" 1576
"../../../Engine/Content/Internationalization/icudt64l/region/jgo.res" 1577
"../../../Engine/Content/Internationalization/icudt64l/lang/jmc.res" 1578
"../../../Engine/Content/Internationalization/icudt64l/region/jmc.res" 1579
"../../../Engine/Content/Internationalization/icudt64l/lang/jv.res" 1580
"../../../Engine/Content/Internationalization/icudt64l/region/jv.res" 1581
"../../../Engine/Content/Internationalization/icudt64l/lang/ka.res" 1582
"../../../Engine/Content/Internationalization/icudt64l/region/ka.res" 1583
"../../../Engine/Content/Internationalization/icudt64l/lang/kab.res" 1584
"../../../Engine/Content/Internationalization/icudt64l/region/kab.res" 1585
"../../../Engine/Content/Internationalization/icudt64l/lang/kam.res" 1586
"../../../Engine/Content/Internationalization/icudt64l/region/kam.res" 1587
"../../../Engine/Content/Internationalization/icudt64l/lang/kde.res" 1588
"../../../Engine/Content/Internationalization/icudt64l/region/kde.res" 1589
"../../../Engine/Content/Internationalization/icudt64l/lang/kea.res" 1590
"../../../Engine/Content/Internationalization/icudt64l/region/kea.res" 1591
"../../../Engine/Content/Internationalization/icudt64l/lang/khq.res" 1592
"../../../Engine/Content/Internationalization/icudt64l/region/khq.res" 1593
"../../../Engine/Content/Internationalization/icudt64l/lang/ki.res" 1594
"../../../Engine/Content/Internationalization/icudt64l/region/ki.res" 1595
"../../../Engine/Content/Internationalization/icudt64l/lang/kk.res" 1596
"../../../Engine/Content/Internationalization/icudt64l/region/kk.res" 1597
"../../../Engine/Content/Internationalization/icudt64l/lang/kkj.res" 1598
"../../../Engine/Content/Internationalization/icudt64l/region/kkj.res" 1599
"../../../Engine/Content/Internationalization/icudt64l/lang/kl.res" 1600
"../../../Engine/Content/Internationalization/icudt64l/region/kl.res" 1601
"../../../Engine/Content/Internationalization/icudt64l/lang/kln.res" 1602
"../../../Engine/Content/Internationalization/icudt64l/region/kln.res" 1603
"../../../Engine/Content/Internationalization/icudt64l/lang/km.res" 1604
"../../../Engine/Content/Internationalization/icudt64l/region/km.res" 1605
"../../../Engine/Content/Internationalization/icudt64l/lang/kn.res" 1606
"../../../Engine/Content/Internationalization/icudt64l/region/kn.res" 1607
"../../../Engine/Content/Internationalization/icudt64l/lang/ko.res" 1608
"../../../Engine/Content/Internationalization/icudt64l/region/ko_KP.res" 1609
"../../../Engine/Content/Internationalization/icudt64l/region/ko.res" 1610
"../../../Engine/Content/Internationalization/icudt64l/lang/kok.res" 1611
"../../../Engine/Content/Internationalization/icudt64l/region/kok.res" 1612
"../../../Engine/Content/Internationalization/icudt64l/lang/ks.res" 1613
"../../../Engine/Content/Internationalization/icudt64l/region/ks.res" 1614
"../../../Engine/Content/Internationalization/icudt64l/lang/ksb.res" 1615
"../../../Engine/Content/Internationalization/icudt64l/region/ksb.res" 1616
"../../../Engine/Content/Internationalization/icudt64l/lang/ksf.res" 1617
"../../../Engine/Content/Internationalization/icudt64l/region/ksf.res" 1618
"../../../Engine/Content/Internationalization/icudt64l/lang/ksh.res" 1619
"../../../Engine/Content/Internationalization/icudt64l/region/ksh.res" 1620
"../../../Engine/Content/Internationalization/icudt64l/lang/ku.res" 1621
"../../../Engine/Content/Internationalization/icudt64l/region/ku.res" 1622
"../../../Engine/Content/Internationalization/icudt64l/lang/kw.res" 1623
"../../../Engine/Content/Internationalization/icudt64l/region/kw.res" 1624
"../../../Engine/Content/Internationalization/icudt64l/lang/ky.res" 1625
"../../../Engine/Content/Internationalization/icudt64l/region/ky.res" 1626
"../../../Engine/Content/Internationalization/icudt64l/lang/lag.res" 1627
"../../../Engine/Content/Internationalization/icudt64l/region/lag.res" 1628
"../../../Engine/Content/Internationalization/icudt64l/lang/lb.res" 1629
"../../../Engine/Content/Internationalization/icudt64l/region/lb.res" 1630
"../../../Engine/Content/Internationalization/icudt64l/lang/lg.res" 1631
"../../../Engine/Content/Internationalization/icudt64l/region/lg.res" 1632
"../../../Engine/Content/Internationalization/icudt64l/lang/lkt.res" 1633
"../../../Engine/Content/Internationalization/icudt64l/region/lkt.res" 1634
"../../../Engine/Content/Internationalization/icudt64l/lang/ln.res" 1635
"../../../Engine/Content/Internationalization/icudt64l/region/ln.res" 1636
"../../../Engine/Content/Internationalization/icudt64l/lang/lo.res" 1637
"../../../Engine/Content/Internationalization/icudt64l/region/lo.res" 1638
"../../../Engine/Content/Internationalization/icudt64l/lang/lrc.res" 1639
"../../../Engine/Content/Internationalization/icudt64l/region/lrc.res" 1640
"../../../Engine/Content/Internationalization/icudt64l/lang/lt.res" 1641
"../../../Engine/Content/Internationalization/icudt64l/region/lt.res" 1642
"../../../Engine/Content/Internationalization/icudt64l/lang/lu.res" 1643
"../../../Engine/Content/Internationalization/icudt64l/region/lu.res" 1644
"../../../Engine/Content/Internationalization/icudt64l/lang/luo.res" 1645
"../../../Engine/Content/Internationalization/icudt64l/region/luo.res" 1646
"../../../Engine/Content/Internationalization/icudt64l/lang/luy.res" 1647
"../../../Engine/Content/Internationalization/icudt64l/region/luy.res" 1648
"../../../Engine/Content/Internationalization/icudt64l/lang/lv.res" 1649
"../../../Engine/Content/Internationalization/icudt64l/region/lv.res" 1650
"../../../Engine/Content/Internationalization/icudt64l/lang/mas.res" 1651
"../../../Engine/Content/Internationalization/icudt64l/region/mas.res" 1652
"../../../Engine/Content/Internationalization/icudt64l/lang/mer.res" 1653
"../../../Engine/Content/Internationalization/icudt64l/region/mer.res" 1654
"../../../Engine/Content/Internationalization/icudt64l/lang/mfe.res" 1655
"../../../Engine/Content/Internationalization/icudt64l/region/mfe.res" 1656
"../../../Engine/Content/Internationalization/icudt64l/lang/mg.res" 1657
"../../../Engine/Content/Internationalization/icudt64l/region/mg.res" 1658
"../../../Engine/Content/Internationalization/icudt64l/lang/mgh.res" 1659
"../../../Engine/Content/Internationalization/icudt64l/region/mgh.res" 1660
"../../../Engine/Content/Internationalization/icudt64l/lang/mgo.res" 1661
"../../../Engine/Content/Internationalization/icudt64l/region/mgo.res" 1662
"../../../Engine/Content/Internationalization/icudt64l/lang/mi.res" 1663
"../../../Engine/Content/Internationalization/icudt64l/region/mi.res" 1664
"../../../Engine/Content/Internationalization/icudt64l/lang/mk.res" 1665
"../../../Engine/Content/Internationalization/icudt64l/region/mk.res" 1666
"../../../Engine/Content/Internationalization/icudt64l/lang/ml.res" 1667
"../../../Engine/Content/Internationalization/icudt64l/region/ml.res" 1668
"../../../Engine/Content/Internationalization/icudt64l/lang/mn.res" 1669
"../../../Engine/Content/Internationalization/icudt64l/region/mn.res" 1670
"../../../Engine/Content/Internationalization/icudt64l/lang/mr.res" 1671
"../../../Engine/Content/Internationalization/icudt64l/region/mr.res" 1672
"../../../Engine/Content/Internationalization/icudt64l/lang/ms.res" 1673
"../../../Engine/Content/Internationalization/icudt64l/region/ms.res" 1674
"../../../Engine/Content/Internationalization/icudt64l/lang/mt.res" 1675
"../../../Engine/Content/Internationalization/icudt64l/region/mt.res" 1676
"../../../Engine/Content/Internationalization/icudt64l/lang/mua.res" 1677
"../../../Engine/Content/Internationalization/icudt64l/region/mua.res" 1678
"../../../Engine/Content/Internationalization/icudt64l/lang/my.res" 1679
"../../../Engine/Content/Internationalization/icudt64l/region/my.res" 1680
"../../../Engine/Content/Internationalization/icudt64l/lang/mzn.res" 1681
"../../../Engine/Content/Internationalization/icudt64l/region/mzn.res" 1682
"../../../Engine/Content/Internationalization/icudt64l/lang/naq.res" 1683
"../../../Engine/Content/Internationalization/icudt64l/region/naq.res" 1684
"../../../Engine/Content/Internationalization/icudt64l/lang/nb.res" 1685
"../../../Engine/Content/Internationalization/icudt64l/lang/nb_NO.res" 1686
"../../../Engine/Content/Internationalization/icudt64l/region/nb_NO.res" 1687
"../../../Engine/Content/Internationalization/icudt64l/region/nb.res" 1688
"../../../Engine/Content/Internationalization/icudt64l/lang/nd.res" 1689
"../../../Engine/Content/Internationalization/icudt64l/region/nd.res" 1690
"../../../Engine/Content/Internationalization/icudt64l/lang/nds.res" 1691
"../../../Engine/Content/Internationalization/icudt64l/region/nds.res" 1692
"../../../Engine/Content/Internationalization/icudt64l/lang/ne.res" 1693
"../../../Engine/Content/Internationalization/icudt64l/region/ne.res" 1694
"../../../Engine/Content/Internationalization/icudt64l/lang/nl.res" 1695
"../../../Engine/Content/Internationalization/icudt64l/region/nl.res" 1696
"../../../Engine/Content/Internationalization/icudt64l/lang/nmg.res" 1697
"../../../Engine/Content/Internationalization/icudt64l/region/nmg.res" 1698
"../../../Engine/Content/Internationalization/icudt64l/lang/nn.res" 1699
"../../../Engine/Content/Internationalization/icudt64l/lang/nn_NO.res" 1700
"../../../Engine/Content/Internationalization/icudt64l/region/nn_NO.res" 1701
"../../../Engine/Content/Internationalization/icudt64l/region/nn.res" 1702
"../../../Engine/Content/Internationalization/icudt64l/lang/nnh.res" 1703
"../../../Engine/Content/Internationalization/icudt64l/region/nnh.res" 1704
"../../../Engine/Content/Internationalization/icudt64l/lang/nus.res" 1705
"../../../Engine/Content/Internationalization/icudt64l/region/nus.res" 1706
"../../../Engine/Content/Internationalization/icudt64l/lang/nyn.res" 1707
"../../../Engine/Content/Internationalization/icudt64l/region/nyn.res" 1708
"../../../Engine/Content/Internationalization/icudt64l/lang/om.res" 1709
"../../../Engine/Content/Internationalization/icudt64l/region/om.res" 1710
"../../../Engine/Content/Internationalization/icudt64l/lang/or.res" 1711
"../../../Engine/Content/Internationalization/icudt64l/region/or.res" 1712
"../../../Engine/Content/Internationalization/icudt64l/lang/os.res" 1713
"../../../Engine/Content/Internationalization/icudt64l/region/os.res" 1714
"../../../Engine/Content/Internationalization/icudt64l/lang/pa.res" 1715
"../../../Engine/Content/Internationalization/icudt64l/lang/pa_Arab.res" 1716
"../../../Engine/Content/Internationalization/icudt64l/lang/pa_PK.res" 1717
"../../../Engine/Content/Internationalization/icudt64l/lang/pa_Arab_PK.res" 1718
"../../../Engine/Content/Internationalization/icudt64l/region/pa_PK.res" 1719
"../../../Engine/Content/Internationalization/icudt64l/region/pa_Arab_PK.res" 1720
"../../../Engine/Content/Internationalization/icudt64l/region/pa_Arab.res" 1721
"../../../Engine/Content/Internationalization/icudt64l/lang/pa_Guru.res" 1722
"../../../Engine/Content/Internationalization/icudt64l/lang/pa_IN.res" 1723
"../../../Engine/Content/Internationalization/icudt64l/lang/pa_Guru_IN.res" 1724
"../../../Engine/Content/Internationalization/icudt64l/region/pa_IN.res" 1725
"../../../Engine/Content/Internationalization/icudt64l/region/pa_Guru_IN.res" 1726
"../../../Engine/Content/Internationalization/icudt64l/region/pa_Guru.res" 1727
"../../../Engine/Content/Internationalization/icudt64l/region/pa.res" 1728
"../../../Engine/Content/Internationalization/icudt64l/lang/pl.res" 1729
"../../../Engine/Content/Internationalization/icudt64l/region/pl.res" 1730
"../../../Engine/Content/Internationalization/icudt64l/lang/ps.res" 1731
"../../../Engine/Content/Internationalization/icudt64l/region/ps.res" 1732
"../../../Engine/Content/Internationalization/icudt64l/lang/ps_PK.res" 1733
"../../../Engine/Content/Internationalization/icudt64l/region/ps_PK.res" 1734
"../../../Engine/Content/Internationalization/icudt64l/lang/pt.res" 1735
"../../../Engine/Content/Internationalization/icudt64l/lang/pt_AO.res" 1736
"../../../Engine/Content/Internationalization/icudt64l/lang/pt_PT.res" 1737
"../../../Engine/Content/Internationalization/icudt64l/region/pt_AO.res" 1738
"../../../Engine/Content/Internationalization/icudt64l/region/pt_PT.res" 1739
"../../../Engine/Content/Internationalization/icudt64l/region/pt.res" 1740
"../../../Engine/Content/Internationalization/icudt64l/lang/pt_CH.res" 1741
"../../../Engine/Content/Internationalization/icudt64l/region/pt_CH.res" 1742
"../../../Engine/Content/Internationalization/icudt64l/lang/pt_CV.res" 1743
"../../../Engine/Content/Internationalization/icudt64l/region/pt_CV.res" 1744
"../../../Engine/Content/Internationalization/icudt64l/lang/pt_GQ.res" 1745
"../../../Engine/Content/Internationalization/icudt64l/region/pt_GQ.res" 1746
"../../../Engine/Content/Internationalization/icudt64l/lang/pt_GW.res" 1747
"../../../Engine/Content/Internationalization/icudt64l/region/pt_GW.res" 1748
"../../../Engine/Content/Internationalization/icudt64l/lang/pt_LU.res" 1749
"../../../Engine/Content/Internationalization/icudt64l/region/pt_LU.res" 1750
"../../../Engine/Content/Internationalization/icudt64l/lang/pt_MO.res" 1751
"../../../Engine/Content/Internationalization/icudt64l/region/pt_MO.res" 1752
"../../../Engine/Content/Internationalization/icudt64l/lang/pt_MZ.res" 1753
"../../../Engine/Content/Internationalization/icudt64l/region/pt_MZ.res" 1754
"../../../Engine/Content/Internationalization/icudt64l/lang/pt_ST.res" 1755
"../../../Engine/Content/Internationalization/icudt64l/region/pt_ST.res" 1756
"../../../Engine/Content/Internationalization/icudt64l/lang/pt_TL.res" 1757
"../../../Engine/Content/Internationalization/icudt64l/region/pt_TL.res" 1758
"../../../Engine/Content/Internationalization/icudt64l/lang/qu.res" 1759
"../../../Engine/Content/Internationalization/icudt64l/region/qu.res" 1760
"../../../Engine/Content/Internationalization/icudt64l/lang/rm.res" 1761
"../../../Engine/Content/Internationalization/icudt64l/region/rm.res" 1762
"../../../Engine/Content/Internationalization/icudt64l/lang/rn.res" 1763
"../../../Engine/Content/Internationalization/icudt64l/region/rn.res" 1764
"../../../Engine/Content/Internationalization/icudt64l/lang/ro.res" 1765
"../../../Engine/Content/Internationalization/icudt64l/lang/ro_MD.res" 1766
"../../../Engine/Content/Internationalization/icudt64l/region/ro_MD.res" 1767
"../../../Engine/Content/Internationalization/icudt64l/region/ro.res" 1768
"../../../Engine/Content/Internationalization/icudt64l/lang/rof.res" 1769
"../../../Engine/Content/Internationalization/icudt64l/region/rof.res" 1770
"../../../Engine/Content/Internationalization/icudt64l/lang/ru.res" 1771
"../../../Engine/Content/Internationalization/icudt64l/region/ru.res" 1772
"../../../Engine/Content/Internationalization/icudt64l/region/ru_UA.res" 1773
"../../../Engine/Content/Internationalization/icudt64l/lang/rw.res" 1774
"../../../Engine/Content/Internationalization/icudt64l/region/rw.res" 1775
"../../../Engine/Content/Internationalization/icudt64l/lang/rwk.res" 1776
"../../../Engine/Content/Internationalization/icudt64l/region/rwk.res" 1777
"../../../Engine/Content/Internationalization/icudt64l/lang/sah.res" 1778
"../../../Engine/Content/Internationalization/icudt64l/region/sah.res" 1779
"../../../Engine/Content/Internationalization/icudt64l/lang/saq.res" 1780
"../../../Engine/Content/Internationalization/icudt64l/region/saq.res" 1781
"../../../Engine/Content/Internationalization/icudt64l/lang/sbp.res" 1782
"../../../Engine/Content/Internationalization/icudt64l/region/sbp.res" 1783
"../../../Engine/Content/Internationalization/icudt64l/lang/sd.res" 1784
"../../../Engine/Content/Internationalization/icudt64l/region/sd.res" 1785
"../../../Engine/Content/Internationalization/icudt64l/lang/se.res" 1786
"../../../Engine/Content/Internationalization/icudt64l/lang/se_FI.res" 1787
"../../../Engine/Content/Internationalization/icudt64l/region/se_FI.res" 1788
"../../../Engine/Content/Internationalization/icudt64l/region/se.res" 1789
"../../../Engine/Content/Internationalization/icudt64l/lang/seh.res" 1790
"../../../Engine/Content/Internationalization/icudt64l/region/seh.res" 1791
"../../../Engine/Content/Internationalization/icudt64l/lang/ses.res" 1792
"../../../Engine/Content/Internationalization/icudt64l/region/ses.res" 1793
"../../../Engine/Content/Internationalization/icudt64l/lang/sg.res" 1794
"../../../Engine/Content/Internationalization/icudt64l/region/sg.res" 1795
"../../../Engine/Content/Internationalization/icudt64l/lang/shi.res" 1796
"../../../Engine/Content/Internationalization/icudt64l/lang/shi_Latn.res" 1797
"../../../Engine/Content/Internationalization/icudt64l/lang/shi_MA.res" 1798
"../../../Engine/Content/Internationalization/icudt64l/lang/shi_Tfng_MA.res" 1799
"../../../Engine/Content/Internationalization/icudt64l/lang/shi_Tfng.res" 1800
"../../../Engine/Content/Internationalization/icudt64l/region/shi_MA.res" 1801
"../../../Engine/Content/Internationalization/icudt64l/region/shi_Tfng_MA.res" 1802
"../../../Engine/Content/Internationalization/icudt64l/region/shi_Tfng.res" 1803
"../../../Engine/Content/Internationalization/icudt64l/region/shi.res" 1804
"../../../Engine/Content/Internationalization/icudt64l/region/shi_Latn.res" 1805
"../../../Engine/Content/Internationalization/icudt64l/lang/si.res" 1806
"../../../Engine/Content/Internationalization/icudt64l/region/si.res" 1807
"../../../Engine/Content/Internationalization/icudt64l/lang/sk.res" 1808
"../../../Engine/Content/Internationalization/icudt64l/region/sk.res" 1809
"../../../Engine/Content/Internationalization/icudt64l/lang/sl.res" 1810
"../../../Engine/Content/Internationalization/icudt64l/region/sl.res" 1811
"../../../Engine/Content/Internationalization/icudt64l/lang/smn.res" 1812
"../../../Engine/Content/Internationalization/icudt64l/region/smn.res" 1813
"../../../Engine/Content/Internationalization/icudt64l/lang/sn.res" 1814
"../../../Engine/Content/Internationalization/icudt64l/region/sn.res" 1815
"../../../Engine/Content/Internationalization/icudt64l/lang/so.res" 1816
"../../../Engine/Content/Internationalization/icudt64l/region/so.res" 1817
"../../../Engine/Content/Internationalization/icudt64l/lang/sq.res" 1818
"../../../Engine/Content/Internationalization/icudt64l/region/sq.res" 1819
"../../../Engine/Content/Internationalization/icudt64l/lang/sr.res" 1820
"../../../Engine/Content/Internationalization/icudt64l/lang/sr_Cyrl.res" 1821
"../../../Engine/Content/Internationalization/icudt64l/lang/sr_BA.res" 1822
"../../../Engine/Content/Internationalization/icudt64l/lang/sr_Cyrl_BA.res" 1823
"../../../Engine/Content/Internationalization/icudt64l/region/sr_BA.res" 1824
"../../../Engine/Content/Internationalization/icudt64l/region/sr_Cyrl_BA.res" 1825
"../../../Engine/Content/Internationalization/icudt64l/region/sr_Cyrl.res" 1826
"../../../Engine/Content/Internationalization/icudt64l/region/sr.res" 1827
"../../../Engine/Content/Internationalization/icudt64l/lang/sr_ME.res" 1828
"../../../Engine/Content/Internationalization/icudt64l/lang/sr_Latn_ME.res" 1829
"../../../Engine/Content/Internationalization/icudt64l/lang/sr_Latn.res" 1830
"../../../Engine/Content/Internationalization/icudt64l/region/sr_ME.res" 1831
"../../../Engine/Content/Internationalization/icudt64l/region/sr_Latn_ME.res" 1832
"../../../Engine/Content/Internationalization/icudt64l/region/sr_Latn.res" 1833
"../../../Engine/Content/Internationalization/icudt64l/lang/sr_Cyrl_ME.res" 1834
"../../../Engine/Content/Internationalization/icudt64l/region/sr_Cyrl_ME.res" 1835
"../../../Engine/Content/Internationalization/icudt64l/lang/sr_RS.res" 1836
"../../../Engine/Content/Internationalization/icudt64l/lang/sr_Cyrl_RS.res" 1837
"../../../Engine/Content/Internationalization/icudt64l/region/sr_RS.res" 1838
"../../../Engine/Content/Internationalization/icudt64l/region/sr_Cyrl_RS.res" 1839
"../../../Engine/Content/Internationalization/icudt64l/lang/sr_XK.res" 1840
"../../../Engine/Content/Internationalization/icudt64l/lang/sr_Cyrl_XK.res" 1841
"../../../Engine/Content/Internationalization/icudt64l/region/sr_XK.res" 1842
"../../../Engine/Content/Internationalization/icudt64l/region/sr_Cyrl_XK.res" 1843
"../../../Engine/Content/Internationalization/icudt64l/lang/sr_Latn_BA.res" 1844
"../../../Engine/Content/Internationalization/icudt64l/region/sr_Latn_BA.res" 1845
"../../../Engine/Content/Internationalization/icudt64l/lang/sr_Latn_RS.res" 1846
"../../../Engine/Content/Internationalization/icudt64l/region/sr_Latn_RS.res" 1847
"../../../Engine/Content/Internationalization/icudt64l/lang/sr_Latn_XK.res" 1848
"../../../Engine/Content/Internationalization/icudt64l/region/sr_Latn_XK.res" 1849
"../../../Engine/Content/Internationalization/icudt64l/lang/sv.res" 1850
"../../../Engine/Content/Internationalization/icudt64l/region/sv.res" 1851
"../../../Engine/Content/Internationalization/icudt64l/lang/sv_FI.res" 1852
"../../../Engine/Content/Internationalization/icudt64l/lang/sw.res" 1853
"../../../Engine/Content/Internationalization/icudt64l/lang/sw_CD.res" 1854
"../../../Engine/Content/Internationalization/icudt64l/region/sw_CD.res" 1855
"../../../Engine/Content/Internationalization/icudt64l/region/sw.res" 1856
"../../../Engine/Content/Internationalization/icudt64l/lang/sw_KE.res" 1857
"../../../Engine/Content/Internationalization/icudt64l/region/sw_KE.res" 1858
"../../../Engine/Content/Internationalization/icudt64l/lang/ta.res" 1859
"../../../Engine/Content/Internationalization/icudt64l/region/ta.res" 1860
"../../../Engine/Content/Internationalization/icudt64l/lang/te.res" 1861
"../../../Engine/Content/Internationalization/icudt64l/region/te.res" 1862
"../../../Engine/Content/Internationalization/icudt64l/lang/teo.res" 1863
"../../../Engine/Content/Internationalization/icudt64l/region/teo.res" 1864
"../../../Engine/Content/Internationalization/icudt64l/lang/tg.res" 1865
"../../../Engine/Content/Internationalization/icudt64l/region/tg.res" 1866
"../../../Engine/Content/Internationalization/icudt64l/lang/th.res" 1867
"../../../Engine/Content/Internationalization/icudt64l/lang/th_TH.res" 1868
"../../../Engine/Content/Internationalization/icudt64l/region/th_TH.res" 1869
"../../../Engine/Content/Internationalization/icudt64l/region/th.res" 1870
"../../../Engine/Content/Internationalization/icudt64l/lang/ti.res" 1871
"../../../Engine/Content/Internationalization/icudt64l/region/ti.res" 1872
"../../../Engine/Content/Internationalization/icudt64l/lang/tk.res" 1873
"../../../Engine/Content/Internationalization/icudt64l/region/tk.res" 1874
"../../../Engine/Content/Internationalization/icudt64l/lang/to.res" 1875
"../../../Engine/Content/Internationalization/icudt64l/region/to.res" 1876
"../../../Engine/Content/Internationalization/icudt64l/lang/tr.res" 1877
"../../../Engine/Content/Internationalization/icudt64l/region/tr.res" 1878
"../../../Engine/Content/Internationalization/icudt64l/lang/tt.res" 1879
"../../../Engine/Content/Internationalization/icudt64l/region/tt.res" 1880
"../../../Engine/Content/Internationalization/icudt64l/lang/twq.res" 1881
"../../../Engine/Content/Internationalization/icudt64l/region/twq.res" 1882
"../../../Engine/Content/Internationalization/icudt64l/lang/tzm.res" 1883
"../../../Engine/Content/Internationalization/icudt64l/region/tzm.res" 1884
"../../../Engine/Content/Internationalization/icudt64l/lang/ug.res" 1885
"../../../Engine/Content/Internationalization/icudt64l/region/ug.res" 1886
"../../../Engine/Content/Internationalization/icudt64l/lang/uk.res" 1887
"../../../Engine/Content/Internationalization/icudt64l/region/uk.res" 1888
"../../../Engine/Content/Internationalization/icudt64l/lang/ur.res" 1889
"../../../Engine/Content/Internationalization/icudt64l/lang/ur_IN.res" 1890
"../../../Engine/Content/Internationalization/icudt64l/region/ur_IN.res" 1891
"../../../Engine/Content/Internationalization/icudt64l/region/ur.res" 1892
"../../../Engine/Content/Internationalization/icudt64l/lang/uz.res" 1893
"../../../Engine/Content/Internationalization/icudt64l/lang/uz_Arab.res" 1894
"../../../Engine/Content/Internationalization/icudt64l/lang/uz_AF.res" 1895
"../../../Engine/Content/Internationalization/icudt64l/lang/uz_Arab_AF.res" 1896
"../../../Engine/Content/Internationalization/icudt64l/region/uz_AF.res" 1897
"../../../Engine/Content/Internationalization/icudt64l/region/uz_Arab_AF.res" 1898
"../../../Engine/Content/Internationalization/icudt64l/region/uz_Arab.res" 1899
"../../../Engine/Content/Internationalization/icudt64l/lang/uz_Cyrl.res" 1900
"../../../Engine/Content/Internationalization/icudt64l/lang/uz_UZ.res" 1901
"../../../Engine/Content/Internationalization/icudt64l/lang/uz_Latn_UZ.res" 1902
"../../../Engine/Content/Internationalization/icudt64l/lang/uz_Latn.res" 1903
"../../../Engine/Content/Internationalization/icudt64l/region/uz_UZ.res" 1904
"../../../Engine/Content/Internationalization/icudt64l/region/uz_Latn_UZ.res" 1905
"../../../Engine/Content/Internationalization/icudt64l/region/uz_Latn.res" 1906
"../../../Engine/Content/Internationalization/icudt64l/region/uz.res" 1907
"../../../Engine/Content/Internationalization/icudt64l/region/uz_Cyrl.res" 1908
"../../../Engine/Content/Internationalization/icudt64l/lang/vai.res" 1909
"../../../Engine/Content/Internationalization/icudt64l/lang/vai_Latn.res" 1910
"../../../Engine/Content/Internationalization/icudt64l/lang/vai_LR.res" 1911
"../../../Engine/Content/Internationalization/icudt64l/lang/vai_Vaii_LR.res" 1912
"../../../Engine/Content/Internationalization/icudt64l/lang/vai_Vaii.res" 1913
"../../../Engine/Content/Internationalization/icudt64l/region/vai_LR.res" 1914
"../../../Engine/Content/Internationalization/icudt64l/region/vai_Vaii_LR.res" 1915
"../../../Engine/Content/Internationalization/icudt64l/region/vai_Vaii.res" 1916
"../../../Engine/Content/Internationalization/icudt64l/region/vai.res" 1917
"../../../Engine/Content/Internationalization/icudt64l/region/vai_Latn.res" 1918
"../../../Engine/Content/Internationalization/icudt64l/lang/vi.res" 1919
"../../../Engine/Content/Internationalization/icudt64l/region/vi.res" 1920
"../../../Engine/Content/Internationalization/icudt64l/lang/vun.res" 1921
"../../../Engine/Content/Internationalization/icudt64l/region/vun.res" 1922
"../../../Engine/Content/Internationalization/icudt64l/lang/wae.res" 1923
"../../../Engine/Content/Internationalization/icudt64l/region/wae.res" 1924
"../../../Engine/Content/Internationalization/icudt64l/lang/wo.res" 1925
"../../../Engine/Content/Internationalization/icudt64l/region/wo.res" 1926
"../../../Engine/Content/Internationalization/icudt64l/lang/xh.res" 1927
"../../../Engine/Content/Internationalization/icudt64l/region/xh.res" 1928
"../../../Engine/Content/Internationalization/icudt64l/lang/xog.res" 1929
"../../../Engine/Content/Internationalization/icudt64l/region/xog.res" 1930
"../../../Engine/Content/Internationalization/icudt64l/lang/yav.res" 1931
"../../../Engine/Content/Internationalization/icudt64l/region/yav.res" 1932
"../../../Engine/Content/Internationalization/icudt64l/lang/yi.res" 1933
"../../../Engine/Content/Internationalization/icudt64l/region/yi.res" 1934
"../../../Engine/Content/Internationalization/icudt64l/lang/yo.res" 1935
"../../../Engine/Content/Internationalization/icudt64l/lang/yo_BJ.res" 1936
"../../../Engine/Content/Internationalization/icudt64l/region/yo_BJ.res" 1937
"../../../Engine/Content/Internationalization/icudt64l/region/yo.res" 1938
"../../../Engine/Content/Internationalization/icudt64l/lang/yue.res" 1939
"../../../Engine/Content/Internationalization/icudt64l/lang/yue_Hans.res" 1940
"../../../Engine/Content/Internationalization/icudt64l/lang/yue_CN.res" 1941
"../../../Engine/Content/Internationalization/icudt64l/lang/yue_Hans_CN.res" 1942
"../../../Engine/Content/Internationalization/icudt64l/region/yue_CN.res" 1943
"../../../Engine/Content/Internationalization/icudt64l/region/yue_Hans_CN.res" 1944
"../../../Engine/Content/Internationalization/icudt64l/region/yue_Hans.res" 1945
"../../../Engine/Content/Internationalization/icudt64l/lang/yue_Hant.res" 1946
"../../../Engine/Content/Internationalization/icudt64l/lang/yue_HK.res" 1947
"../../../Engine/Content/Internationalization/icudt64l/lang/yue_Hant_HK.res" 1948
"../../../Engine/Content/Internationalization/icudt64l/region/yue_HK.res" 1949
"../../../Engine/Content/Internationalization/icudt64l/region/yue_Hant_HK.res" 1950
"../../../Engine/Content/Internationalization/icudt64l/region/yue_Hant.res" 1951
"../../../Engine/Content/Internationalization/icudt64l/region/yue.res" 1952
"../../../Engine/Content/Internationalization/icudt64l/lang/zgh.res" 1953
"../../../Engine/Content/Internationalization/icudt64l/region/zgh.res" 1954
"../../../Engine/Content/Internationalization/icudt64l/lang/zh.res" 1955
"../../../Engine/Content/Internationalization/icudt64l/lang/zh_Hans.res" 1956
"../../../Engine/Content/Internationalization/icudt64l/lang/zh_CN.res" 1957
"../../../Engine/Content/Internationalization/icudt64l/lang/zh_Hans_CN.res" 1958
"../../../Engine/Content/Internationalization/icudt64l/region/zh_CN.res" 1959
"../../../Engine/Content/Internationalization/icudt64l/region/zh_Hans_CN.res" 1960
"../../../Engine/Content/Internationalization/icudt64l/region/zh_Hans.res" 1961
"../../../Engine/Content/Internationalization/icudt64l/region/zh.res" 1962
"../../../Engine/Content/Internationalization/icudt64l/lang/zh_HK.res" 1963
"../../../Engine/Content/Internationalization/icudt64l/lang/zh_Hant_HK.res" 1964
"../../../Engine/Content/Internationalization/icudt64l/lang/zh_Hant.res" 1965
"../../../Engine/Content/Internationalization/icudt64l/region/zh_HK.res" 1966
"../../../Engine/Content/Internationalization/icudt64l/region/zh_Hant_HK.res" 1967
"../../../Engine/Content/Internationalization/icudt64l/region/zh_Hant.res" 1968
"../../../Engine/Content/Internationalization/icudt64l/lang/zh_MO.res" 1969
"../../../Engine/Content/Internationalization/icudt64l/lang/zh_Hant_MO.res" 1970
"../../../Engine/Content/Internationalization/icudt64l/region/zh_MO.res" 1971
"../../../Engine/Content/Internationalization/icudt64l/region/zh_Hant_MO.res" 1972
"../../../Engine/Content/Internationalization/icudt64l/lang/zh_SG.res" 1973
"../../../Engine/Content/Internationalization/icudt64l/lang/zh_Hans_SG.res" 1974
"../../../Engine/Content/Internationalization/icudt64l/region/zh_SG.res" 1975
"../../../Engine/Content/Internationalization/icudt64l/region/zh_Hans_SG.res" 1976
"../../../Engine/Content/Internationalization/icudt64l/lang/zh_TW.res" 1977
"../../../Engine/Content/Internationalization/icudt64l/lang/zh_Hant_TW.res" 1978
"../../../Engine/Content/Internationalization/icudt64l/region/zh_TW.res" 1979
"../../../Engine/Content/Internationalization/icudt64l/region/zh_Hant_TW.res" 1980
"../../../Engine/Content/Internationalization/icudt64l/lang/zu.res" 1981
"../../../Engine/Content/Internationalization/icudt64l/region/zu.res" 1982
"../../../Engine/Content/Internationalization/icudt64l/lang/no.res" 1983
"../../../Engine/Content/Internationalization/icudt64l/lang/tl.res" 1984
"../../../Engine/Config/Android/DataDrivenPlatformInfo.ini" 1985
"../../../Engine/Config/IOS/DataDrivenPlatformInfo.ini" 1986
"../../../Engine/Config/Linux/DataDrivenPlatformInfo.ini" 1987
"../../../Engine/Config/Mac/DataDrivenPlatformInfo.ini" 1988
"../../../Engine/Config/TVOS/DataDrivenPlatformInfo.ini" 1989
"../../../Engine/Config/Unix/DataDrivenPlatformInfo.ini" 1990
"../../../Engine/Config/VulkanPC/DataDrivenPlatformInfo.ini" 1991
"../../../Engine/Config/Windows/DataDrivenPlatformInfo.ini" 1992
"../../../Engine/Platforms/VisionOS/Config/DataDrivenPlatformInfo.ini" 1993
"../../../Engine/Content/Renderer/TessellationTable.bin" 1994
"../../../Engine/DerivedDataCache/Compressed.ddp" 1995
"C:/Users/Antonio/AppData/Local/UnrealEngine/5.7/Saved/Zen/zen.version" 1996
"C:/Users/Antonio/AppData/Local/UnrealEngine/Common/Zen/Install/zen.version" 1997
"C:/Users/Antonio/AppData/Local/UnrealEngine/Common/DerivedDataCache/TestData/0/TestData_4kb.dat" 1998
"C:/Users/Antonio/AppData/Local/UnrealEngine/Common/DerivedDataCache/TestData/1/TestData_4kb.dat" 1999
"C:/Users/Antonio/AppData/Local/UnrealEngine/Common/DerivedDataCache/TestData/0/TestData_8kb.dat" 2000
"C:/Users/Antonio/AppData/Local/UnrealEngine/Common/DerivedDataCache/TestData/1/TestData_8kb.dat" 2001
"C:/Users/Antonio/AppData/Local/UnrealEngine/Common/DerivedDataCache/TestData/0/TestData_16kb.dat" 2002
"C:/Users/Antonio/AppData/Local/UnrealEngine/Common/DerivedDataCache/TestData/1/TestData_16kb.dat" 2003
"C:/Users/Antonio/AppData/Local/UnrealEngine/Common/DerivedDataCache/TestData/0/TestData_64kb.dat" 2004
"C:/Users/Antonio/AppData/Local/UnrealEngine/Common/DerivedDataCache/TestData/1/TestData_64kb.dat" 2005
"C:/Users/Antonio/AppData/Local/UnrealEngine/Common/DerivedDataCache/TestData/0/TestData_128kb.dat" 2006
"C:/Users/Antonio/AppData/Local/UnrealEngine/Common/DerivedDataCache/TestData/1/TestData_128kb.dat" 2007
"C:/Users/Antonio/AppData/Local/UnrealEngine/Common/DerivedDataCache/TestData/0/TestData_256kb.dat" 2008
"C:/Users/Antonio/AppData/Local/UnrealEngine/Common/DerivedDataCache/TestData/1/TestData_256kb.dat" 2009
"C:/Users/Antonio/AppData/Roaming/Unreal Engine/UnrealBuildTool/BuildConfiguration.xml" 2010
"../../../../../Users/Antonio/Documents/Unreal Projects/MC/Intermediate/ShaderAutogen/PCD3D_SM6/AutogenShaderHeaders.ush" 2011
"../../../Engine/Shaders/Private/HairStrands/HairStrandsVertexFactory.ush" 2012
"../../../Engine/Shaders/Private/VertexFactoryCommon.ush" 2013
"../../../Engine/Shaders/Private/Common.ush" 2014
"../../../Engine/Shaders/Public/Platform.ush" 2015
"../../../Engine/Shaders/Public/FP16Math.ush" 2016
"../../../Engine/Shaders/Public/Platform/D3D/D3DCommon.ush" 2017
"../../../Engine/Shaders/Shared/HLSLReservedSpaces.h" 2018
"../../../Engine/Shaders/Public/BindlessResources.ush" 2019
"../../../Engine/Shaders/Public/Platform/D3D/PlatformBindlessResources.ush" 2020
"../../../Engine/Shaders/Shared/RayTracingBuiltInResources.h" 2021
"../../../Engine/Shaders/Shared/RayTracingDefinitions.h" 2022
"../../../Engine/Shaders/Shared/MaterialCacheDefinitions.h" 2023
"../../../Engine/Shaders/Shared/HLSLTypeAliases.h" 2024
"../../../Engine/Shaders/Public/IndirectVirtualTexture.ush" 2025
"../../../Engine/Shaders/Shared/IndirectVirtualTextureDefinitions.h" 2026
"../../../Engine/Shaders/Public/OverloadMacros.ush" 2027
"../../../Engine/Shaders/Public/ShaderVersion.ush" 2028
"../../../Engine/Shaders/Shared/ThirdParty/NVIDIA/nvHLSLExtns.h" 2029
"../../../Engine/Shaders/Shared/ThirdParty/NVIDIA/nvHLSLExtnsInternal.h" 2030
"../../../Engine/Shaders/Shared/ThirdParty/NVIDIA/nvShaderExtnEnums.h" 2031
"../../../Engine/Shaders/Private/PackUnpack.ush" 2032
"../../../Engine/Shaders/Private/GeneratedUniformBufferTypes.ush" 2033
"../../../Engine/Shaders/Private/Nanite/NanitePackedNaniteView.ush" 2034
"../../../Engine/Shaders/Private/HairStrands/HairStrandsVisibilityCommonStruct.ush" 2035
"../../../Engine/Shaders/Private/HairStrands/HairStrandsVoxelPageCommonStruct.ush" 2036
"../../../Engine/Shaders/Private/HairStrands/HairStrandsDeepShadowCommonStruct.ush" 2037
"../../../Engine/Shaders/Shared/LightSceneData.h" 2038
"../../../Engine/Shaders/Private/LargeWorldCoordinates.ush" 2039
"../../../Engine/Shaders/Private/DoubleFloat.ush" 2040
"../../../Engine/Shaders/Private/RandomPCG.ush" 2041
"../../../Engine/Shaders/Private/DoubleFloatOperations.ush" 2042
"../../../Engine/Shaders/Private/DoubleFloatVectorDefinition.ush" 2043
"../../../Engine/Shaders/Private/LWCOperations.ush" 2044
"../../../Engine/Shaders/Shared/LightViewData.h" 2045
"../../../Engine/Shaders/Shared/RayTracingTypes.h" 2046
"../../../Engine/Shaders/Shared/HLSLStaticAssert.h" 2047
"../../../Engine/Shaders/Private/CommonViewUniformBuffer.ush" 2048
"../../../Engine/Shaders/Private/InstancedStereo.ush" 2049
"../../../Engine/Shaders/Private/Definitions.usf" 2050
"../../../Engine/Shaders/Private/AssertionMacros.ush" 2051
"../../../Engine/Shaders/Private/FastMath.ush" 2052
"../../../Engine/Shaders/Private/FastMathThirdParty.ush" 2053
"../../../Engine/Shaders/Private/Random.ush" 2054
"../../../Engine/Shaders/Private/RandomInterleavedGradientNoise.ush" 2055
"../../../Engine/Shaders/Private/SceneData.ush" 2056
"../../../Engine/Shaders/Private/OctahedralCommon.ush" 2057
"../../../Engine/Shaders/Private/WaveOpUtil.ush" 2058
"../../../Engine/Shaders/Private/ByteBuffer.ush" 2059
"../../../Engine/Shaders/Shared/SceneDefinitions.h" 2060
"../../../Engine/Shaders/Private/SceneDataMobileLoader.ush" 2061
"../../../Engine/Shaders/Private/LocalVertexFactoryCommon.ush" 2062
"../../../Engine/Shaders/Private/HairStrands/HairStrandsVisibilityCommon.ush" 2063
"../../../Engine/Shaders/Shared/HairStrandsDefinitions.h" 2064
"../../../Engine/Shaders/Private/HairStrands/HairStrandsVertexFactoryCommon.ush" 2065
"../../../Engine/Shaders/Private/HairStrands/HairStrandsPack.ush" 2066
"../../../Engine/Shaders/Private/HairStrands/HairStrandsAttributeCommon.ush" 2067
"../../../Engine/Shaders/Private/HairStrands/HairStrandsAttributeTemplate.ush" 2068
"../../../Engine/Shaders/Private/VertexFactoryDefaultInterface.ush" 2069
"../../../Engine/Shaders/Private/HairStrands/HairCardsVertexFactory.ush" 2070
"../../../Engine/Shaders/Private/HairStrands/HairCardsAttributeCommon.ush" 2071
"../../../Engine/Shaders/Private/RayTracing/RayTracingCommon.ush" 2072
"../../../Engine/Shaders/Private/ShadingCommon.ush" 2073
"../../../Engine/Shaders/Shared/RayTracingPayloadType.h" 2074
"../../../Engine/Shaders/Private/RayTracing/RayTracingRayCone.ush" 2075
"../../../Engine/Shaders/Private/Substrate/Substrate.ush" 2076
"../../../Engine/Shaders/Private/ShadingEnergyConservation.ush" 2077
"../../../Engine/Shaders/Private/ShadingEnergyConservationTemplate.ush" 2078
"../../../Engine/Shaders/Private/BRDF.ush" 2079
"../../../Engine/Shaders/Private/ColorSpace.ush" 2080
"../../../Engine/Shaders/Private/DeferredShadingCommon.ush" 2081
"../../../Engine/Shaders/Private/LightAccumulator.ush" 2082
"../../../Engine/Shaders/Private/SceneTexturesCommon.ush" 2083
"../../../Engine/Shaders/Private/MonteCarlo.ush" 2084
"../../../Engine/Shaders/Private/GBufferHelpers.ush" 2085
"../../../Engine/Shaders/Private/SceneTextureParameters.ush" 2086
"C:/Users/Antonio/Documents/Unreal Projects/MC/Intermediate/ShaderAutogen/PCD3D_SM6/AutogenShaderHeaders.ush" 2087
"../../../Engine/Shaders/Private/ParticipatingMediaCommon.ush" 2088
"../../../Engine/Shaders/Private/ThinFilmBSDF.ush" 2089
"../../../Engine/Shaders/Private/MortonCode.ush" 2090
"../../../Engine/Shaders/Private/SubsurfaceProfileCommon.ush" 2091
"../../../Engine/Shaders/Private/BurleyNormalizedSSSCommon.ush" 2092
"../../../Engine/Shaders/Private/GammaCorrectionCommon.ush" 2093
"../../../Engine/Shaders/Shared/SubstrateDefinitions.h" 2094
"../../../Engine/Shaders/Private/Substrate/SubstrateStatisticalOperators.ush" 2095
"../../../Engine/Shaders/Private/Substrate/SubstrateSubsurface.ush" 2096
"../../../Engine/Shaders/Private/TransmissionCommon.ush" 2097
"../../../Engine/Shaders/Private/Substrate/SubstrateExportCommon.ush" 2098
"../../../Engine/Shaders/Private/SpecularProfileCommon.ush" 2099
"../../../Engine/Shaders/Private/RayTracing/RayTracingCommonMetal.ush" 2100
"../../../Engine/Shaders/Private/PositionReconstructionCommon.ush" 2101
"../../../Engine/Shaders/Private/RayTracing/TraceRayInline.ush" 2102
"../../../Engine/Shaders/Private/RayTracing/TraceRayInlineCommon.ush" 2103
"../../../Engine/Shaders/Private/RayTracing/TraceRayInlineVulkan.ush" 2104
"../../../Engine/Shaders/Private/RayTracing/TraceRayInlineMetal.ush" 2105
"../../../Engine/Shaders/Private/RayTracing/RayTracingHitGroupCommon.ush" 2106
"../../../Engine/Shaders/Private/Nanite/NaniteRayTrace.ush" 2107
"../../../Engine/Shaders/Private/Nanite/NaniteDataDecode.ush" 2108
"../../../Engine/Shaders/Private/BitPacking.ush" 2109
"../../../Engine/Shaders/Private/BitStreamReaderImplementation.ush" 2110
"../../../Engine/Shaders/Private/BoneTransform.ush" 2111
"../../../Engine/Shaders/Private/Quaternion.ush" 2112
"../../../Engine/Shaders/Private/Skinning/SkinningDataDecode.ush" 2113
"../../../Engine/Shaders/Private/GpuSkinCommon.ush" 2114
"../../../Engine/Shaders/Shared/SkinningDefinitions.h" 2115
"../../../Engine/Shaders/Shared/NaniteDefinitions.h" 2116
"../../../Engine/Shaders/Private/Nanite/NaniteAttributeDecode.ush" 2117
"../../../Engine/Shaders/Private/Barycentrics.ush" 2118
"../../../Engine/Shaders/Private/DualNumber.ush" 2119
"../../../Engine/Shaders/Shared/ThirdParty/RayTriangleIntersection.h" 2120
"../../../Engine/Shaders/Private/Nanite/NaniteVertexFetch.ush" 2121
"../../../Engine/Shaders/Private/ViewData.ush" 2122
"../../../Engine/Shaders/Shared/ViewDefinitions.h" 2123
"../../../Engine/Shaders/Private/Nanite/NaniteSceneCommon.ush" 2124
"../../../Engine/Shaders/Private/RayTracing/TraceRayInlineD3D12.ush" 2125
"../../../Engine/Plugins/FX/Niagara/Shaders/Private/NiagaraSpriteVertexFactory.ush" 2126
"../../../Engine/Shaders/Private/ParticleVertexFactoryCommon.ush" 2127
"../../../Engine/Plugins/FX/Niagara/Shaders/Private/NiagaraVFCommon.usf" 2128
"../../../Engine/Plugins/FX/Niagara/Shaders/Private/NiagaraVFParticleAccess.usf" 2129
"../../../Engine/Plugins/FX/Niagara/Shaders/Private/NiagaraParticleAccess.ush" 2130
"../../../Engine/Plugins/FX/Niagara/Shaders/Private/NiagaraRibbonVertexFactory.ush" 2131
"../../../Engine/Plugins/FX/Niagara/Shaders/Private/NiagaraMeshVertexFactory.ush" 2132
"../../../Engine/Plugins/FX/Niagara/Shaders/Private/NiagaraCommon.ush" 2133
"../../../Engine/Plugins/FX/Niagara/Shaders/Private/NiagaraMeshParticleUtils.ush" 2134
"../../../Engine/Shaders/Private/VectorFieldVisualizationVertexFactory.ush" 2135
"../../../Engine/Shaders/Private/Nanite/NaniteVertexFactory.ush" 2136
"../../../Engine/Shaders/Private/LightmapData.ush" 2137
"../../../Engine/Shaders/Private/SplineMeshCommon.ush" 2138
"../../../Engine/Shaders/Shared/SplineMeshShaderParams.h" 2139
"../../../Engine/Shaders/Private/ShaderPrint.ush" 2140
"../../../Engine/Shaders/Private/ShaderPrintCommon.ush" 2141
"../../../Engine/Shaders/Private/MiniFontCommon.ush" 2142
"../../../Engine/Shaders/Private/SGGX.ush" 2143
"../../../Engine/Shaders/Private/MaterialCache/MaterialCacheCommon.ush" 2144
"../../../Engine/Shaders/Private/Nanite/NaniteVertexDeformation.ush" 2145
"../../../Engine/Shaders/Private/Matrices.ush" 2146
"../../../Engine/Shaders/Private/ParticleSpriteVertexFactory.ush" 2147
"../../../Engine/Shaders/Private/ParticleGPUSpriteVertexFactory.ush" 2148
"../../../Engine/Shaders/Private/ParticleSimulationCommon.ush" 2149
"../../../Engine/Shaders/Private/ParticleBeamTrailVertexFactory.ush" 2150
"../../../Engine/Shaders/Private/MeshParticleVertexFactory.ush" 2151
"../../../Engine/Shaders/Private/LocalVertexFactory.ush" 2152
"../../../Engine/Shaders/Private/GpuSkinVertexFactory.ush" 2153
"../../../Engine/Shaders/Private/GeometryCollectionVertexFactory.ush" 2154
"../../../Engine/Shaders/Private/GeometryCacheVertexFactory.ush" 2155
"../../../Engine/Shaders/Private/LandscapeVertexFactory.ush" 2156
"../../../Engine/Plugins/Media/WmfMedia/Shaders/Private/MediaHardwareVideoDecoding.usf" 2157
"../../../Engine/Shaders/Private/ColorUtils.ush" 2158
"../../../Engine/Plugins/Media/ImgMedia/Shaders/Private/ExrSwizzler.usf" 2159
"../../../Engine/Plugins/Enterprise/GLTFExporter/Shaders/Private/SimpleTexture2DPS.usf" 2160
"../../../Engine/Shaders/Private/SimpleElementNormalMapPixelShader.usf" 2161
"../../../Engine/Plugins/Runtime/HairStrands/Shaders/Private/NiagaraCopyVelocityGrid.usf" 2162
"../../../Engine/Plugins/Runtime/HairStrands/Shaders/Private/NiagaraClearVelocityGrid.usf" 2163
"../../../Engine/Plugins/Runtime/HairStrands/Shaders/Private/NiagaraClearPressureGrid.usf" 2164
"../../../Engine/Plugins/Runtime/HairStrands/Shaders/Private/NiagaraInterpolateGroomGuides.usf" 2165
"../../../Engine/Plugins/Runtime/HairStrands/Shaders/Private/NiagaraGroomInterpolationUtils.ush" 2166
"../../../Engine/Plugins/FX/Niagara/Shaders/Private/NiagaraQuaternionUtils.ush" 2167
"../../../Engine/Shaders/Private/HairStrands/HairStrandsMesh.usf" 2168
"../../../Engine/Shaders/Private/HairStrands/HairStrandsBindingCommon.ush" 2169
"../../../Engine/Shaders/Private/HairStrands/HairStrandsFollicleMask.usf" 2170
"../../../Engine/Shaders/Private/HairStrands/HairStrandsSkinUpdate.usf" 2171
"../../../Engine/Shaders/Private/HairStrands/HairStrandsClusterCulling.usf" 2172
"../../../Engine/Shaders/Private/ColorMap.ush" 2173
"../../../Engine/Shaders/Private/HairStrands/HairStrandsAABBCommon.ush" 2174
"../../../Engine/Shaders/Private/HairStrands/HairStrandsClusterCommon.ush" 2175
"../../../Engine/Shaders/Private/ThreadGroupPrefixSum.ush" 2176
"../../../Engine/Shaders/Private/HairStrands/HairStrandsRaytracingGeometry.usf" 2177
"../../../Engine/Shaders/Private/HairStrands/HairStrandsTangent.usf" 2178
"../../../Engine/Shaders/Private/HairStrands/HairCardsDeformation.usf" 2179
"../../../Engine/Shaders/Private/HairStrands/HairStrandsInterpolation.usf" 2180
"../../../Engine/Shaders/Private/HairStrands/HairStrandsGuideDeform.usf" 2181
"../../../Engine/Shaders/Private/HairStrands/HairStrandsTexturesGeneration.usf" 2182
"../../../Engine/Shaders/Private/HairStrands/HairCardsTextureCommon.ush" 2183
"../../../Engine/Shaders/Private/HairStrands/HairStrandsTranscode.usf" 2184
"../../../Engine/Shaders/Private/HairStrands/HairStrandsDebug.usf" 2185
"../../../Engine/Shaders/Private/HairShadingCommon.ush" 2186
"../../../Engine/Shaders/Private/PostProcessCommon.ush" 2187
"../../../Engine/Shaders/Private/ShadingModels.ush" 2188
"../../../Engine/Shaders/Private/CapsuleLight.ush" 2189
"../../../Engine/Shaders/Private/RectLight.ush" 2190
"../../../Engine/Shaders/Private/LightData.ush" 2191
"../../../Engine/Shaders/Shared/LightDefinitions.h" 2192
"../../../Engine/Shaders/Private/AreaLightCommon.ush" 2193
"../../../Engine/Shaders/Private/HairBsdf.ush" 2194
"../../../Engine/Shaders/Private/PathTracing/Utilities/PathTracingRandomSequence.ush" 2195
"../../../Engine/Shaders/Private/MobileGGX.ush" 2196
"../../../Engine/Shaders/Private/HairStrands/HairStrandsCommon.ush" 2197
"../../../Engine/Shaders/Private/HairStrands/HairStrandsEnvironmentLightingCommon.ush" 2198
"../../../Engine/Shaders/Private/HairStrands/HairStrandsDeepTransmittanceCommon.ush" 2199
"../../../Engine/Shaders/Private/HairStrands/HairStrandsDeepTransmittanceDualScattering.ush" 2200
"../../../Engine/Shaders/Private/HairStrands/HairStrandsDeepShadowCommon.ush" 2201
"../../../Engine/Shaders/Private/HairStrands/HairStrandsDebugCommonStruct.ush" 2202
"../../../Engine/Plugins/FX/Niagara/Shaders/Private/NiagaraVertexFactoryExport.usf" 2203
"../../../Engine/Shaders/Private/ComputeShaderUtils.ush" 2204
"../../../Engine/Shaders/Private/MaterialTemplate.ush" 2205
"../../../Engine/Shaders/Private/WorldSpaceMath.ush" 2206
"../../../Engine/Shaders/Private/EyeAdaptationCommon.ush" 2207
"../../../Engine/Shaders/Private/SobolRandom.ush" 2208
"../../../Engine/Shaders/Private/DepthOfFieldCommon.ush" 2209
"../../../Engine/Shaders/Private/CircleDOFCommon.ush" 2210
"../../../Engine/Shaders/Private/DistanceField/GlobalDistanceFieldShared.ush" 2211
"../../../Engine/Shaders/Private/PhysicsFieldSampler.ush" 2212
"../../../Engine/Shaders/Private/PhysicsFieldShared.ush" 2213
"../../../Engine/Shaders/Private/SparseVolumeTexture/SparseVolumeTextureCommon.ush" 2214
"../../../Engine/Shaders/Shared/EnvironmentComponentsFlags.h" 2215
"../../../Engine/Shaders/Private/MeshPaintTextureCommon.ush" 2216
"../../../Engine/Shaders/Private/VirtualTextureMaterial.ush" 2217
"../../../Engine/Shaders/Private/MaterialCache/MaterialCacheMaterialCommon.ush" 2218
"../../../Engine/Shaders/Private/Quantization.ush" 2219
"../../../Engine/Shaders/Private/SpeedTreeCommon.ush" 2220
"../../../Engine/Shaders/Private/VirtualTextureCommon.ush" 2221
"../../../Engine/Shaders/Public/IndirectVirtualTextureCommon.ush" 2222
"../../../Engine/Shaders/Private/MaterialTexture.ush" 2223
"../../../Engine/Shaders/Private/MinMaterialTexCoords.ush" 2224
"../../../Engine/Shaders/Private/SkyAtmosphereCommon.ush" 2225
"../../../Engine/Shaders/Private/SingleLayerWaterCommon.ush" 2226
"../../../Engine/Shaders/Private/TextureSampling.ush" 2227
"../../../Engine/Shaders/Private/PaniniProjection.ush" 2228
"../../../Engine/Shaders/Private/DBufferNormalReprojection.ush" 2229
"../../../Engine/Shaders/Public/SubstratePublic.ush" 2230
"../../../Engine/Shaders/Private/Substrate/SubstrateRead.ush" 2231
"../../../Engine/Shaders/Private/Substrate/SubstrateTree.ush" 2232
"../../../Engine/Shaders/Private/Substrate/SubstrateEvaluation.ush" 2233
"../../../Engine/Shaders/Private/Substrate/Glint/GlintThirdParty.ush" 2234
"../../../Engine/Shaders/Private/BlueNoise.ush" 2235
"../../../Engine/Shaders/Private/SHCommon.ush" 2236
"../../../Engine/Shaders/Private/ShadingModelsSampling.ush" 2237
"../../../Engine/Shaders/Private/HairStrands/HairBsdfSample.ush" 2238
"../../../Engine/Shaders/Private/Substrate/SubstrateLegacyConversion.ush" 2239
"../../../Engine/Shaders/Private/DBufferDecalShared.ush" 2240
"../../../Engine/Plugins/FX/Niagara/Shaders/Private/NiagaraSortKeyGen.usf" 2241
"../../../Engine/Plugins/FX/Niagara/Shaders/Private/NiagaraGPURayTracingTransforms.usf" 2242
"../../../Engine/Plugins/FX/Niagara/Shaders/Private/NiagaraDrawIndirectArgsGen.usf" 2243
"../../../Engine/Plugins/FX/Niagara/Shaders/Private/NiagaraDispatchIndirectArgsGen.usf" 2244
"../../../Engine/Plugins/FX/Niagara/Shaders/Private/Stateless/NiagaraStatelessSimulationDefault.usf" 2245
"../../../Engine/Plugins/FX/Niagara/Shaders/Private/Stateless/NiagaraStatelessCommon.ush" 2246
"../../../Engine/Plugins/FX/Niagara/Shaders/Shared/NiagaraStatelessDefinitions.h" 2247
"../../../Engine/Plugins/FX/Niagara/Shaders/Shared/NiagaraStatelessBuiltDistribution.h" 2248
"../../../Engine/Plugins/FX/Niagara/Shaders/Private/Stateless/NiagaraStatelessDistribution.ush" 2249
"../../../Engine/Plugins/FX/Niagara/Shaders/Private/Stateless/Template/GenerateCS_PreModules.ush" 2250
"../../../Engine/Plugins/FX/Niagara/Shaders/Private/Stateless/Modules/NiagaraStatelessModule_CalculateAccurateVelocity.ush" 2251
"../../../Engine/Plugins/FX/Niagara/Shaders/Private/Stateless/Modules/NiagaraStatelessModule_CameraOffset.ush" 2252
"../../../Engine/Plugins/FX/Niagara/Shaders/Private/Stateless/Modules/NiagaraStatelessModule_DynamicMaterialParameters.ush" 2253
"../../../Engine/Plugins/FX/Niagara/Shaders/Private/Stateless/Modules/NiagaraStatelessModule_InitializeParticle.ush" 2254
"../../../Engine/Plugins/FX/Niagara/Shaders/Private/Stateless/Modules/NiagaraStatelessModule_InitialMeshOrientation.ush" 2255
"../../../Engine/Plugins/FX/Niagara/Shaders/Private/Stateless/Modules/NiagaraStatelessModule_MeshIndex.ush" 2256
"../../../Engine/Plugins/FX/Niagara/Shaders/Private/Stateless/Modules/NiagaraStatelessModule_MeshRotationRate.ush" 2257
"../../../Engine/Plugins/FX/Niagara/Shaders/Private/Stateless/Modules/NiagaraStatelessModule_RotateAroundPoint.ush" 2258
"../../../Engine/Plugins/FX/Niagara/Shaders/Private/Stateless/Modules/NiagaraStatelessModule_ShapeLocation.ush" 2259
"../../../Engine/Plugins/FX/Niagara/Shaders/Private/Stateless/Modules/NiagaraStatelessModule_ScaleColor.ush" 2260
"../../../Engine/Plugins/FX/Niagara/Shaders/Private/Stateless/Modules/NiagaraStatelessModule_ScaleRibbonWidth.ush" 2261
"../../../Engine/Plugins/FX/Niagara/Shaders/Private/Stateless/Modules/NiagaraStatelessModule_ScaleSpriteSize.ush" 2262
"../../../Engine/Plugins/FX/Niagara/Shaders/Private/Stateless/Modules/NiagaraStatelessModule_ScaleSpriteSizeBySpeed.ush" 2263
"../../../Engine/Plugins/FX/Niagara/Shaders/Private/Stateless/Modules/NiagaraStatelessModule_ScaleMeshSize.ush" 2264
"../../../Engine/Plugins/FX/Niagara/Shaders/Private/Stateless/Modules/NiagaraStatelessModule_ScaleMeshSizebySpeed.ush" 2265
"../../../Engine/Plugins/FX/Niagara/Shaders/Private/Stateless/Modules/NiagaraStatelessModule_SolveVelocitiesAndForces.ush" 2266
"../../../Engine/Plugins/FX/Niagara/Shaders/Private/Stateless/Modules/NiagaraStatelessModule_SpriteFacingAndAlignment.ush" 2267
"../../../Engine/Plugins/FX/Niagara/Shaders/Private/Stateless/Modules/NiagaraStatelessModule_SpriteRotationRate.ush" 2268
"../../../Engine/Plugins/FX/Niagara/Shaders/Private/Stateless/Modules/NiagaraStatelessModule_SubUVAnimation.ush" 2269
"../../../Engine/Plugins/FX/Niagara/Shaders/Private/Stateless/Template/GenerateCS_PostModules.ush" 2270
"../../../Engine/Plugins/FX/Niagara/Shaders/Private/NiagaraBlendSVTsToDenseBuffer.usf" 2271
"../../../Engine/Plugins/FX/Niagara/Shaders/Private/NiagaraSVTToDenseBuffer.usf" 2272
"../../../Engine/Plugins/FX/Niagara/Shaders/Private/NiagaraFillIntBuffer.usf" 2273
"../../../Engine/Plugins/FX/Niagara/Shaders/Private/NiagaraComputeFreeIDs.usf" 2274
"../../../Engine/Plugins/FX/Niagara/Shaders/Private/NiagaraInitFreeIDBuffer.usf" 2275
"../../../Engine/Plugins/FX/Niagara/Shaders/Private/NiagaraEmitterInstanceShader.usf" 2276
"../../../Engine/Plugins/FX/Niagara/Shaders/Private/NiagaraShaderVersion.ush" 2277
"../../../Engine/Plugins/FX/Niagara/Shaders/Private/NiagaraPhysicsCommon.ush" 2278
"../../../Engine/Plugins/FX/Niagara/Shaders/Private/Ribbons/NiagaraRibbonAggregationApply.usf" 2279
"../../../Engine/Plugins/FX/Niagara/Shaders/Private/Ribbons/NiagaraRibbonCommon.ush" 2280
"../../../Engine/Plugins/FX/Niagara/Shaders/Shared/NiagaraRibbonShared.h" 2281
"../../../Engine/Plugins/FX/Niagara/Shaders/Private/Ribbons/NiagaraRibbonAggregationStep.usf" 2282
"../../../Engine/Plugins/FX/Niagara/Shaders/Private/Ribbons/NiagaraRibbonGenerateIndices.usf" 2283
"../../../Engine/Plugins/FX/Niagara/Shaders/Private/Ribbons/NiagaraRibbonInitializeIndices.usf" 2284
"../../../Engine/Plugins/FX/Niagara/Shaders/Private/Ribbons/NiagaraRibbonRibbonUVParamCalculation.usf" 2285
"../../../Engine/Plugins/FX/Niagara/Shaders/Private/Ribbons/NiagaraRibbonVertexReductionFinalization.usf" 2286
"../../../Engine/Plugins/FX/Niagara/Shaders/Private/Ribbons/NiagaraRibbonVertexReductionInitialization.usf" 2287
"../../../Engine/Plugins/FX/Niagara/Shaders/Private/Ribbons/NiagaraRibbonSortParticles.usf" 2288
"../../../Engine/Plugins/FX/Niagara/Shaders/Private/NiagaraLWCHelper.usf" 2289
"../../../Engine/Plugins/FX/Niagara/Shaders/Private/NiagaraUpdateMeshGPUSceneInstances.usf" 2290
"../../../Engine/Shaders/Private/GPUScene/GPUSceneWriter.ush" 2291
"../../../Engine/Plugins/FX/Niagara/Shaders/Private/NiagaraGenerateMips.usf" 2292
"../../../Engine/Plugins/FX/Niagara/Shaders/Private/NiagaraDebugDraw.usf" 2293
"../../../Engine/Plugins/FX/Niagara/Shaders/Private/NiagaraDebugDraw.ush" 2294
"../../../Engine/Plugins/FX/Niagara/Shaders/Private/NiagaraVisualizeTexture.usf" 2295
"../../../Engine/Plugins/FX/Niagara/Shaders/Private/NiagaraClearCounts.usf" 2296
"../../../Engine/Plugins/FX/Niagara/Shaders/Private/NiagaraBatchedElements.usf" 2297
"../../../Engine/Plugins/FX/Niagara/Shaders/Private/NiagaraRayTracingShaders.usf" 2298
"../../../Engine/Plugins/FX/Niagara/Shaders/Private/NiagaraAsyncGpuTraceCommon.ush" 2299
"../../../Engine/Shaders/Private/HashTable.ush" 2300
"../../../Engine/Shaders/Private/Hash.ush" 2301
"../../../Engine/Shaders/Private/RayTracing/VFXTraceRay.ush" 2302
"../../../Engine/Plugins/FX/Niagara/Shaders/Private/NiagaraRayMarchingShaders.usf" 2303
"../../../Engine/Plugins/FX/Niagara/Shaders/Private/NiagaraRayTraceCollisionGroupShaders.usf" 2304
"../../../Engine/Plugins/FX/Niagara/Shaders/Private/NiagaraAsyncGpuTraceUtils.usf" 2305
"../../../Engine/Plugins/Compositing/CompositeCore/Shaders/Private/CompositeCoreMerge.usf" 2306
"../../../Engine/Shaders/Private/ScreenPass.ush" 2307
"../../../Engine/Shaders/Private/LensDistortion.ush" 2308
"../../../Engine/Plugins/Compositing/CompositeCore/Shaders/Private/CompositeCoreBlending.ush" 2309
"../../../Engine/Plugins/Compositing/CompositeCore/Shaders/Private/CompositeCoreDisplayTransform.usf" 2310
"../../../Engine/Plugins/Compositing/CompositeCore/Shaders/Private/CompositeCoreDilate.usf" 2311
"../../../Engine/Plugins/Runtime/ComputeFramework/Shaders/Private/ComputeKernel.usf" 2312
"../../../Engine/Plugins/Runtime/ComputeFramework/Shaders/Private/ComputeKernelCommon.ush" 2313
"../../../Engine/Plugins/NNE/NNEDenoiser/Shaders/NNEDenoiserShadersTransferFunctionOidn.usf" 2314
"../../../Engine/Plugins/NNE/NNEDenoiser/Shaders/NNEDenoiserShadersMappedCopy.usf" 2315
"../../../Engine/Plugins/NNE/NNEDenoiser/Shaders/NNEDenoiserShadersDefaultIOProcess.usf" 2316
"../../../Engine/Plugins/NNE/NNEDenoiser/Shaders/NNEDenoiserShadersAutoExposureReduceFinal.usf" 2317
"../../../Engine/Plugins/NNE/NNEDenoiser/Shaders/NNEDenoiserShadersAutoExposureReduce.usf" 2318
"../../../Engine/Plugins/NNE/NNEDenoiser/Shaders/NNEDenoiserShadersAutoExposureDownsample.usf" 2319
"../../../Engine/Plugins/Experimental/NFORDenoise/Shaders/NFORDenoise.usf" 2320
"../../../Engine/Plugins/Experimental/NFORDenoise/Shaders/NFORRegressionCommon.ush" 2321
"../../../Engine/Plugins/Experimental/NFORDenoise/Shaders/NFORRegression.ush" 2322
"../../../Engine/Shaders/Private/VirtualTextureAdapter.usf" 2323
"../../../Engine/Shaders/Private/BlockCompressionCommon.ush" 2324
"../../../Engine/Shaders/Private/BCCompressionCommon.ush" 2325
"../../../Engine/Shaders/Private/TranslucentLightingShaders.usf" 2326
"../../../Engine/Shaders/Private/TranslucencyVolumeInjectionCommon.ush" 2327
"../../../Engine/Shaders/Private/CubemapCommon.ush" 2328
"../../../Engine/Shaders/Private/VectorFieldCompositeShaders.usf" 2329
"../../../Engine/Shaders/Private/UpdateTextureShaders.usf" 2330
"../../../Engine/Shaders/Private/StereoLayerShader.usf" 2331
"../../../Engine/Shaders/Private/SparseVolumeTexture/UpdateSparseVolumeTexture.usf" 2332
"../../../Engine/Shaders/Private/MorphTargets.usf" 2333
"../../../Engine/Shaders/Private/SimpleElementColorChannelMaskPixelShader.usf" 2334
"../../../Engine/Shaders/Private/SimpleElementHitProxyPixelShader.usf" 2335
"../../../Engine/Shaders/Private/SimpleElementPixelShader.usf" 2336
"../../../Engine/Shaders/Private/IESLightProfilesCommon.ush" 2337
"../../../Engine/Shaders/Private/SimpleElementVertexShader.usf" 2338
"../../../Engine/Shaders/Private/ScreenPixelShaderOES.usf" 2339
"../../../Engine/Shaders/Private/ScreenVertexShader.usf" 2340
"../../../Engine/Shaders/Private/ScreenPixelShader.usf" 2341
"../../../Engine/Shaders/Private/SSProfilePreIntegratedMobile.usf" 2342
"../../../Engine/Shaders/Private/SpecularProfile.usf" 2343
"../../../Engine/Shaders/Private/Nanite/NaniteStreaming.usf" 2344
"../../../Engine/Shaders/Private/Nanite/NaniteStreaming.ush" 2345
"../../../Engine/Shaders/Private/VolumetricLightmapStreaming.usf" 2346
"../../../Engine/Shaders/Private/PhysicsFieldReset.usf" 2347
"../../../Engine/Shaders/Private/PhysicsFieldBuilder.usf" 2348
"../../../Engine/Shaders/Private/PhysicsFieldEval.ush" 2349
"../../../Engine/Shaders/Private/ParticleSortKeyGen.usf" 2350
"../../../Engine/Shaders/Private/ParticleBoundsShader.usf" 2351
"../../../Engine/Shaders/Private/ParticleSimVisualizeShader.usf" 2352
"../../../Engine/Shaders/Private/ParticleInjectionShader.usf" 2353
"../../../Engine/Shaders/Private/ParticleSimulationShader.usf" 2354
"../../../Engine/Shaders/Private/ParticleCurveInjectionShader.usf" 2355
"../../../Engine/Shaders/Private/Nanite/NaniteTranscode.usf" 2356
"../../../Engine/Shaders/Private/Nanite/NaniteScatterUpdates.usf" 2357
"../../../Engine/Shaders/Private/CopyUIntBuffer.usf" 2358
"../../../Engine/Shaders/Private/RadixSortShaders.usf" 2359
"../../../Engine/Shaders/Private/RecomputeTangentsPerVertexPass.usf" 2360
"../../../Engine/Shaders/Private/RecomputeTangentsCommon.ush" 2361
"../../../Engine/Shaders/Private/RecomputeTangentsPerTrianglePass.usf" 2362
"../../../Engine/Shaders/Private/DynamicMeshBounds.usf" 2363
"../../../Engine/Shaders/Private/GpuSkinCacheComputeShader.usf" 2364
"../../../Engine/Shaders/Private/DynamicMeshBounds.ush" 2365
"../../../Engine/Shaders/Private/HeightFieldAtlasManagement.usf" 2366
"../../../Engine/Shaders/Private/Landscape/LandscapeEditLayersUtils.usf" 2367
"../../../Engine/Shaders/Private/Landscape/LandscapeCommon.ush" 2368
"../../../Engine/Shaders/Private/Landscape/LandscapeEditLayersWeightmaps.usf" 2369
"../../../Engine/Shaders/Private/Landscape/LandscapeEditLayersHeightmaps.usf" 2370
"../../../Engine/Shaders/Private/LandscapeLayersPS.usf" 2371
"../../../Engine/Shaders/Private/LandscapePhysicalMaterial.usf" 2372
"../../../Engine/Shaders/Private/LandscapeGrassWeight.usf" 2373
"../../../Engine/Shaders/Private/Landscape/LandscapeCulling.usf" 2374
"../../../Engine/Shaders/Private/Nanite/NaniteHZBCull.ush" 2375
"../../../Engine/Shaders/Private/HZB.ush" 2376
"../../../Engine/Shaders/Private/Landscape/LandscapeMergeTexturesPS.usf" 2377
"../../../Engine/Shaders/Private/WideCustomResolveShaders.usf" 2378
"../../../Engine/Shaders/Private/WideCustomResolve_Wide.ush" 2379
"../../../Engine/Shaders/Private/WideCustomResolve_Wider.ush" 2380
"../../../Engine/Shaders/Private/WideCustomResolve_Widest.ush" 2381
"../../../Engine/Shaders/Private/WaterInfoTextureBlur.usf" 2382
"../../../Engine/Shaders/Private/WaterInfoTextureMerge.usf" 2383
"../../../Engine/Shaders/Private/PageTableUpdate.usf" 2384
"../../../Engine/Shaders/Private/VirtualTextureCompress.usf" 2385
"../../../Engine/Shaders/Private/ASTCCompressionCommon.ush" 2386
"../../../Engine/Shaders/Private/IntegerSequenceEncoding.ush" 2387
"../../../Engine/Shaders/Private/ETCCompressionCommon.ush" 2388
"../../../Engine/Shaders/Private/VirtualTextureMaterial.usf" 2389
"../../../Engine/Shaders/Private/PixelShaderOutputCommon.ush" 2390
"../../../Engine/Shaders/Private/ShaderOutputCommon.ush" 2391
"../../../Engine/Shaders/Private/VolumetricRenderTarget.usf" 2392
"../../../Engine/Shaders/Private/HeightFogCommon.ush" 2393
"../../../Engine/Shaders/Private/LocalFogVolumes/LocalFogVolumeCommon.ush" 2394
"../../../Engine/Shaders/Private/ReflectionEnvironmentShared.ush" 2395
"../../../Engine/Shaders/Private/VolumetricFogVoxelization.usf" 2396
"../../../Engine/Shaders/Private/VolumetricCloudMaterialPixelCommon.ush" 2397
"../../../Engine/Shaders/Private/VolumetricFogLightFunction.usf" 2398
"../../../Engine/Shaders/Private/LightFunctionCommon.ush" 2399
"../../../Engine/Shaders/Private/VolumetricFog.usf" 2400
"../../../Engine/Shaders/Private/DeferredLightingCommon.ush" 2401
"../../../Engine/Shaders/Private/DynamicLightingCommon.ush" 2402
"../../../Engine/Shaders/Private/CapsuleLightIntegrate.ush" 2403
"../../../Engine/Shaders/Private/CapsuleLightSampling.ush" 2404
"../../../Engine/Shaders/Private/RectLightIntegrate.ush" 2405
"../../../Engine/Shaders/Private/ScreenSpaceShadowRayCast.ush" 2406
"../../../Engine/Shaders/Private/LightFunctionAtlas/LightFunctionAtlasCommon.usf" 2407
"../../../Engine/Shaders/Private/LightGridCommon.ush" 2408
"../../../Engine/Shaders/Private/DistanceFieldAOShared.ush" 2409
"../../../Engine/Shaders/Private/IntersectionUtils.ush" 2410
"../../../Engine/Shaders/Private/VolumeLightingCommon.ush" 2411
"../../../Engine/Shaders/Private/ShadowProjectionCommon.ush" 2412
"../../../Engine/Shaders/Private/ShadowFilteringCommon.ush" 2413
"../../../Engine/Shaders/Private/PixelQuadMessagePassing.ush" 2414
"../../../Engine/Shaders/Private/VolumeLightingCommonSampling.ush" 2415
"../../../Engine/Shaders/Private/VolumetricLightmapShared.ush" 2416
"../../../Engine/Shaders/Private/ForwardShadowingCommon.ush" 2417
"../../../Engine/Shaders/Private/LightDataUniforms.ush" 2418
"../../../Engine/Shaders/Private/Lumen/LumenTranslucencyVolumeShared.ush" 2419
"../../../Engine/Shaders/Private/Lumen/LumenRadianceCacheInterpolation.ush" 2420
"../../../Engine/Shaders/Private/VirtualShadowMaps/VirtualShadowMapProjectionCommon.ush" 2421
"../../../Engine/Shaders/Private/VirtualShadowMaps/VirtualShadowMapPageAccessCommon.ush" 2422
"../../../Engine/Shaders/Shared/VirtualShadowMapDefinitions.h" 2423
"../../../Engine/Shaders/Shared/HLSLMathAliases.h" 2424
"../../../Engine/Shaders/Private/VirtualShadowMaps/VirtualShadowMapHandle.ush" 2425
"../../../Engine/Shaders/Private/VirtualShadowMaps/VirtualShadowMapProjectionStructs.ush" 2426
"../../../Engine/Shaders/Private/DiaphragmDOF/DOFCommon.ush" 2427
"../../../Engine/Shaders/Private/VolumetricCloudCommon.ush" 2428
"../../../Engine/Shaders/Private/VolumetricCloud.usf" 2429
"../../../Engine/Shaders/Private/VisualizeVolumetricLightmap.usf" 2430
"../../../Engine/Shaders/Private/VirtualShadowMaps/VirtualShadowMapProjectionComposite.usf" 2431
"../../../Engine/Shaders/Private/LightShaderParameters.ush" 2432
"../../../Engine/Shaders/Private/VirtualShadowMaps/VirtualShadowMapMaskBitsCommon.ush" 2433
"../../../Engine/Shaders/Private/VirtualShadowMaps/VirtualShadowMapLightGrid.ush" 2434
"../../../Engine/Shaders/Private/VirtualShadowMaps/VirtualShadowMapProjection.usf" 2435
"../../../Engine/Shaders/Private/Visualization.ush" 2436
"../../../Engine/Shaders/Private/VirtualShadowMaps/VirtualShadowMapProjectionFilter.ush" 2437
"../../../Engine/Shaders/Private/VirtualShadowMaps/VirtualShadowMapProjectionDirectional.ush" 2438
"../../../Engine/Shaders/Private/VirtualShadowMaps/VirtualShadowMapSMRTCommon.ush" 2439
"../../../Engine/Shaders/Private/VirtualShadowMaps/VirtualShadowMapSMRTTemplate.ush" 2440
"../../../Engine/Shaders/Private/VirtualShadowMaps/VirtualShadowMapProjectionSpot.ush" 2441
"../../../Engine/Shaders/Private/VirtualShadowMaps/VirtualShadowMapTransmissionCommon.ush" 2442
"../../../Engine/Shaders/Private/VirtualShadowMaps/VirtualShadowMapScreenRayTrace.ush" 2443
"../../../Engine/Shaders/Private/VirtualShadowMaps/VirtualShadowMapStats.ush" 2444
"../../../Engine/Shaders/Private/HairStrands/HairStrandsVoxelPageCommon.ush" 2445
"../../../Engine/Shaders/Private/HairStrands/HairStrandsVoxelPageTraversal.ush" 2446
"../../../Engine/Shaders/Private/VirtualShadowMaps/VirtualShadowMapCacheGPUInvalidation.usf" 2447
"../../../Engine/Shaders/Private/VirtualShadowMaps/VirtualShadowMapPageCacheCommon.ush" 2448
"../../../Engine/Shaders/Private/VirtualShadowMaps/VirtualShadowMapCacheInvalidation.ush" 2449
"../../../Engine/Shaders/Private/VirtualShadowMaps/VirtualShadowMapPageOverlap.ush" 2450
"../../../Engine/Shaders/Private/ScreenSpaceDenoise/SSDDefinitions.ush" 2451
"../../../Engine/Shaders/Private/InstanceCulling/InstanceCullingLoadBalancer.ush" 2452
"../../../Engine/Shaders/Private/VirtualShadowMaps/VirtualShadowMapCacheLoadBalancer.usf" 2453
"../../../Engine/Shaders/Private/VirtualShadowMaps/VirtualShadowMapCopyStats.usf" 2454
"../../../Engine/Shaders/Private/VirtualShadowMaps/VirtualShadowMapShadowCasterBounds.usf" 2455
"../../../Engine/Shaders/Private/VirtualShadowMaps/VirtualShadowMapVisualize.ush" 2456
"../../../Engine/Shaders/Private/VirtualShadowMaps/VirtualShadowMapShadowCasterColor.usf" 2457
"../../../Engine/Shaders/Private/VirtualShadowMaps/VirtualShadowMapDebug.usf" 2458
"../../../Engine/Shaders/Private/VirtualShadowMaps/Desaturate.usf" 2459
"../../../Engine/Shaders/Private/VirtualShadowMaps/VirtualShadowMapPhysicalPageManagement.usf" 2460
"../../../Engine/Shaders/Private/ReductionCommon.ush" 2461
"../../../Engine/Shaders/Private/GPUMessaging.ush" 2462
"../../../Engine/Shaders/Private/VirtualShadowMaps/VirtualShadowMapPerPageDispatch.ush" 2463
"../../../Engine/Shaders/Private/VirtualShadowMaps/VirtualShadowMapComputeExplicitChunkDrawsViewMask.usf" 2464
"../../../Engine/Shaders/Shared/SceneCullingDefinitions.h" 2465
"../../../Engine/Shaders/Private/VirtualShadowMaps/VirtualShadowMapCompactViews.usf" 2466
"../../../Engine/Shaders/Private/VirtualShadowMaps/VirtualShadowMapBuildPerPageDrawCommands.usf" 2467
"../../../Engine/Shaders/Private/Nanite/NaniteCullingCommon.ush" 2468
"../../../Engine/Shaders/Private/Nanite/NaniteCulling.ush" 2469
"../../../Engine/Shaders/Private/Nanite/NaniteHierarchyTraversalCommon.ush" 2470
"../../../Engine/Shaders/Private/InstanceCulling/InstanceCullingCommon.ush" 2471
"../../../Engine/Shaders/Shared/InstanceCullingDefinitions.h" 2472
"../../../Engine/Shaders/Private/VirtualShadowMaps/VirtualShadowMapPrintStats.usf" 2473
"../../../Engine/Shaders/Private/VirtualShadowMaps/VirtualShadowMapPageManagement.usf" 2474
"../../../Engine/Shaders/Private/VirtualShadowMaps/VirtualShadowMapPageMarking.usf" 2475
"../../../Engine/Shaders/Private/VirtualShadowMaps/VirtualShadowMapPageMarking.ush" 2476
"../../../Engine/Shaders/Shared/SingleLayerWaterDefinitions.h" 2477
"../../../Engine/Shaders/Private/HairStrands/HairStrandsTileCommon.ush" 2478
"../../../Engine/Shaders/Private/Froxel/Froxel.ush" 2479
"../../../Engine/Shaders/Shared/FroxelDefinitions.h" 2480
"../../../Engine/Shaders/Private/VirtualShadowMaps/VirtualShadowMapThrottle.usf" 2481
"../../../Engine/Shaders/Private/VelocityUpdate.usf" 2482
"../../../Engine/Shaders/Private/VelocityCommon.ush" 2483
"../../../Engine/Shaders/Private/VelocityShader.usf" 2484
"../../../Engine/Shaders/Private/VariableRateShading/VRSShadingRatePreview.usf" 2485
"../../../Engine/Shaders/Private/VariableRateShading/VRSShadingRateCommon.ush" 2486
"../../../Engine/Shaders/Private/VariableRateShading/VRSShadingRateCombine.usf" 2487
"../../../Engine/Shaders/Private/VariableRateShading/VRSShadingRateFoveated.usf" 2488
"../../../Engine/Shaders/Private/VariableRateShading/VRSShadingRateReproject.usf" 2489
"../../../Engine/Shaders/Private/VariableRateShading/VRSShadingRateCalculate.usf" 2490
"../../../Engine/Shaders/Private/TranslucencyUpsampling.usf" 2491
"../../../Engine/Shaders/Private/ComposeSeparateTranslucency.usf" 2492
"../../../Engine/Shaders/Private/SeparateTranslucency.ush" 2493
"../../../Engine/Shaders/Private/TranslucencyVolumeVisualize.usf" 2494
"../../../Engine/Shaders/Private/TranslucencyVolumeCommon.ush" 2495
"../../../Engine/Shaders/Private/TranslucentLightInjectionShaders.usf" 2496
"../../../Engine/Shaders/Private/HeterogeneousVolumes/HeterogeneousVolumesAdaptiveVolumetricShadowMapSampling.ush" 2497
"../../../Engine/Shaders/Private/HeterogeneousVolumes/HeterogeneousVolumesAdaptiveVolumetricShadowMapUtils.ush" 2498
"../../../Engine/Shaders/Private/HeterogeneousVolumes/HeterogeneousVolumesBeerShadowMapUtils.ush" 2499
"../../../Engine/Shaders/Private/TranslucentShadowDepthShaders.usf" 2500
"../../../Engine/Shaders/Private/ShadowDepthCommon.ush" 2501
"../../../Engine/Shaders/Private/RayTracing/RayTracingTest.usf" 2502
"../../../Engine/Shaders/Private/PostprocessSubsurfaceTile.usf" 2503
"../../../Engine/Shaders/Private/PostProcessSubsurfaceCommon.ush" 2504
"../../../Engine/Shaders/Private/Substrate/SubstrateVisualize.usf" 2505
"../../../Engine/Shaders/Private/Substrate/SubstrateTile.ush" 2506
"../../../Engine/Shaders/Shared/SubstrateVisualizeDefinitions.h" 2507
"../../../Engine/Shaders/Private/Substrate/SubstrateVisualizeCommon.ush" 2508
"../../../Engine/Shaders/Private/SkyLightingDiffuseShared.ush" 2509
"../../../Engine/Shaders/Private/SkyLightingShared.ush" 2510
"../../../Engine/Shaders/Private/ClearCoatCommon.ush" 2511
"../../../Engine/Shaders/Private/ReflectionEnvironmentComposite.ush" 2512
"../../../Engine/Shaders/Private/Substrate/SubstrateLightingCommon.ush" 2513
"../../../Engine/Shaders/Private/Substrate/SubstrateRoughRefraction.usf" 2514
"../../../Engine/Shaders/Private/PathTracing/Material/PathTracingFresnel.ush" 2515
"../../../Engine/Shaders/Private/PathTracing/Material/PathTracingGlossy.ush" 2516
"../../../Engine/Shaders/Private/Substrate/SubstrateMaterialSampling.usf" 2517
"../../../Engine/Shaders/Private/Substrate/SubstrateMaterialSampling.ush" 2518
"../../../Engine/Shaders/Private/Lumen/LumenPosition.ush" 2519
"../../../Engine/Shaders/Private/Substrate/SubstrateTile.usf" 2520
"../../../Engine/Shaders/Private/Substrate/SubstrateMaterialClassification.usf" 2521
"../../../Engine/Shaders/Private/Substrate/SubstrateDBuffer.usf" 2522
"../../../Engine/Shaders/Private/StochasticLighting/StochasticLightingTileClassification.usf" 2523
"../../../Engine/Shaders/Private/Lumen/LumenMaterial.ush" 2524
"../../../Engine/Shaders/Private/HairStrands/HairStrandsVisibilityUtils.ush" 2525
"../../../Engine/Shaders/Private/Lumen/LumenReflectionCommon.ush" 2526
"../../../Engine/Shaders/Private/Lumen/LumenReflectionsCombine.ush" 2527
"../../../Engine/Shaders/Private/Lumen/LumenScreenProbeTileClassication.ush" 2528
"../../../Engine/Shaders/Private/MegaLights/MegaLightsTileClassification.ush" 2529
"../../../Engine/Shaders/Private/StochasticLighting/StochasticLightingUpsample.ush" 2530
"../../../Engine/Shaders/Private/StochasticLighting/StochasticLightingCommon.ush" 2531
"../../../Engine/Shaders/Private/SplineMeshSceneTexture.usf" 2532
"../../../Engine/Shaders/Private/SparseVolumeTexture/VisualizeSparseVolumeTexture.usf" 2533
"../../../Engine/Shaders/Private/SkyAtmosphere.usf" 2534
"../../../Engine/Shaders/Private/Nanite/NaniteSkinningUpdateViewData.usf" 2535
"../../../Engine/Shaders/Private/SceneCulling/SceneCulling.ush" 2536
"../../../Engine/Shaders/Private/Skinning/TransformProviders.usf" 2537
"../../../Engine/Shaders/Private/Skinning/SkinnedMeshDebug.usf" 2538
"../../../Engine/Shaders/Private/Skinning/AnimBankEval.usf" 2539
"../../../Engine/Shaders/Private/SingleLayerWaterComposite.usf" 2540
"../../../Engine/Shaders/Private/Froxel/FroxelBuild.ush" 2541
"../../../Engine/Shaders/Private/SingleLayerWaterRefractionCulling.usf" 2542
"../../../Engine/Shaders/Private/ScreenSpaceShadows.usf" 2543
"../../../Engine/Shaders/Private/bend_sss_gpu.ush" 2544
"../../../Engine/Shaders/Private/ShadowFactorsUpsampleCommon.ush" 2545
"../../../Engine/Shaders/Private/FirstPersonSelfShadow.usf" 2546
"../../../Engine/Shaders/Private/HZBTracing.ush" 2547
"../../../Engine/Shaders/Private/LateZDummyPS.usf" 2548
"../../../Engine/Shaders/Private/ShadowProjectionVertexShader.usf" 2549
"../../../Engine/Shaders/Private/ShadowProjectionPixelShader.usf" 2550
"../../../Engine/Shaders/Private/MobileLightingCommon.ush" 2551
"../../../Engine/Shaders/Private/PlanarReflectionShared.ush" 2552
"../../../Engine/Shaders/Private/MobileSSR.ush" 2553
"../../../Engine/Shaders/Private/SSRT/SSRTRayCast.ush" 2554
"../../../Engine/Shaders/Private/ShadowPercentageCloserFiltering.ush" 2555
"../../../Engine/Shaders/Private/TransmissionThickness.ush" 2556
"../../../Engine/Shaders/Private/CopyShadowMaps.usf" 2557
"../../../Engine/Shaders/Private/ShadowDepthPixelShader.usf" 2558
"../../../Engine/Shaders/Private/ShadowDepthVertexShader.usf" 2559
"../../../Engine/Shaders/Private/ShadingEnergyConservationTable.usf" 2560
"../../../Engine/Shaders/Shared/PathTracingDefinitions.h" 2561
"../../../Engine/Shaders/Private/ShadingFurnaceTest.usf" 2562
"../../../Engine/Shaders/Private/Substrate/SubstrateDeferredLighting.ush" 2563
"../../../Engine/Shaders/Private/ShaderPrintDraw.usf" 2564
"../../../Engine/Shaders/Private/ShaderPrintDrawPrimitive.usf" 2565
"../../../Engine/Shaders/Private/DefaultSSRTiles.usf" 2566
"../../../Engine/Shaders/Private/ScreenSpaceReflectionTileCommons.ush" 2567
"../../../Engine/Shaders/Private/SSRT/SSRTDiffuseIndirect.usf" 2568
"../../../Engine/Shaders/Private/SSRT/SSRTTileClassificationBuffer.ush" 2569
"../../../Engine/Shaders/Private/SSRT/SSRTReflections.usf" 2570
"../../../Engine/Shaders/Private/ScreenSpaceDenoise/SSDPublic.ush" 2571
"../../../Engine/Shaders/Private/SSRT/SSRTTileClassification.usf" 2572
"../../../Engine/Shaders/Private/SSRT/SSRTPrevFrameReduction.usf" 2573
"../../../Engine/Shaders/Private/ScreenSpaceDenoise/SSDComposeHarmonics.usf" 2574
"../../../Engine/Shaders/Private/ScreenSpaceDenoise/SSDPublicHarmonics.ush" 2575
"../../../Engine/Shaders/Private/ScreenSpaceDenoise/SSDSignalFramework.ush" 2576
"../../../Engine/Shaders/Private/ScreenSpaceDenoise/SSDCommon.ush" 2577
"../../../Engine/Shaders/Private/SphericalGaussian.ush" 2578
"../../../Engine/Shaders/Public/WaveBroadcastIntrinsics.ush" 2579
"../../../Engine/Shaders/Private/ScreenSpaceDenoise/SSDMetadata.ush" 2580
"../../../Engine/Shaders/Private/ScreenSpaceDenoise/SSDSignalCore.ush" 2581
"../../../Engine/Shaders/Private/ScreenSpaceDenoise/DenoisingCommon.ush" 2582
"../../../Engine/Shaders/Private/ScreenSpaceDenoise/SSDSignalArray.ush" 2583
"../../../Engine/Shaders/Private/ScreenSpaceDenoise/SSDSignalBufferEncoding.ush" 2584
"../../../Engine/Shaders/Private/ScreenSpaceDenoise/SSDPublicBufferEncoding.ush" 2585
"../../../Engine/Shaders/Private/Lumen/LumenBufferEncoding.ush" 2586
"../../../Engine/Shaders/Private/ScreenSpaceDenoise/SSDTemporalAccumulation.usf" 2587
"../../../Engine/Shaders/Private/ScreenSpaceDenoise/SSDSpatialKernel.ush" 2588
"../../../Engine/Shaders/Private/ScreenSpaceDenoise/SSDSignalAccumulatorArray.ush" 2589
"../../../Engine/Shaders/Private/ScreenSpaceDenoise/SSDSignalAccumulator.ush" 2590
"../../../Engine/Shaders/Private/ScreenSpaceDenoise/SSDSignalCompression.ush" 2591
"../../../Engine/Shaders/Private/ScreenSpaceDenoise/SSDSpatialAccumulation.usf" 2592
"../../../Engine/Shaders/Private/ScreenSpaceDenoise/SSDInjest.usf" 2593
"../../../Engine/Shaders/Private/ScreenSpaceDenoise/SSDCompressMetadata.usf" 2594
"../../../Engine/Shaders/Private/DownsampleDepthPixelShader.usf" 2595
"../../../Engine/Shaders/Private/ScreenPass.usf" 2596
"../../../Engine/Shaders/Private/HZB.usf" 2597
"../../../Engine/Shaders/Private/OcclusionFeedbackShaders.usf" 2598
"../../../Engine/Shaders/Private/HZBOcclusion.usf" 2599
"../../../Engine/Shaders/Private/OcclusionQueryPixelShader.usf" 2600
"../../../Engine/Shaders/Private/OcclusionQueryVertexShader.usf" 2601
"../../../Engine/Shaders/Private/HitProxyCopy.usf" 2602
"../../../Engine/Shaders/Private/HitProxyPixelShader.usf" 2603
"../../../Engine/Shaders/Private/HitProxyVertexShader.usf" 2604
"../../../Engine/Shaders/Private/SceneCulling/SceneCullingDebugRender.usf" 2605
"../../../Engine/Shaders/Private/SceneCulling/SceneCullingBuildExplicitBounds.usf" 2606
"../../../Engine/Shaders/Private/SceneCapturePixelShader.usf" 2607
"../../../Engine/Shaders/Private/RendererUtils.usf" 2608
"../../../Engine/Shaders/Private/RTWriteMaskDecode.usf" 2609
"../../../Engine/Shaders/Private/ReflectionEnvironmentShaders.usf" 2610
"../../../Engine/Shaders/Private/RectLightAtlas.usf" 2611
"../../../Engine/Shaders/Private/RayTracing/TraceRayInlineStatistics.usf" 2612
"../../../Engine/Shaders/Private/RayTracing/CompositeSkyLightPS.usf" 2613
"../../../Engine/Shaders/Private/RayTracing/GenerateSkyLightVisibilityRaysCS.usf" 2614
"../../../Engine/Shaders/Private/RayTracing/RayTracingSkyLightCommon.ush" 2615
"../../../Engine/Shaders/Private/RayTracing/SkyLightVisibilityRaysData.ush" 2616
"../../../Engine/Shaders/Private/Raytracing/RaytracingSkylightRGS.usf" 2617
"../../../Engine/Shaders/Private/HairStrands/HairStrandsRaytracing.ush" 2618
"../../../Engine/Shaders/Private/Raytracing/RayTracingSkyLightEvaluation.ush" 2619
"../../../Engine/Shaders/Private/Raytracing/RayTracingDeferredShadingCommon.ush" 2620
"../../../Engine/Shaders/Private/RayTracing/RayTracingOcclusionRGS.usf" 2621
"../../../Engine/Shaders/Private/RayTracing/RayTracingDirectionalLight.ush" 2622
"../../../Engine/Shaders/Private/RayTracing/RayTracingRectLight.ush" 2623
"../../../Engine/Shaders/Private/RayTracing/RayTracingSphereLight.ush" 2624
"../../../Engine/Shaders/Private/RayTracing/RayTracingCapsuleLight.ush" 2625
"../../../Engine/Shaders/Private/Raytracing/RayTracingFeedback.usf" 2626
"../../../Engine/Shaders/Shared/RayTracingDebugTypes.h" 2627
"../../../Engine/Shaders/Private/RayTracing/RayTracingPrimaryRays.usf" 2628
"../../../Engine/Shaders/Private/RayTracing/RayTracingLightingCommon.ush" 2629
"../../../Engine/Shaders/Private/RayTracing/RayTracingLightCullingCommon.ush" 2630
"../../../Engine/Shaders/Private/RayTracing/RayTracingMaterialDefaultHitShaders.usf" 2631
"../../../Engine/Shaders/Private/RayTracing/RayTracingMaterialHitShaders.usf" 2632
"../../../Engine/Shaders/Private/RayTracing/RayTracingShaderUtils.ush" 2633
"../../../Engine/Shaders/Private/RayTracing/RayTracingCalcInterpolants.ush" 2634
"../../../Engine/Shaders/Private/LightmapCommon.ush" 2635
"../../../Engine/Shaders/Private/Lumen/LumenHardwareRayTracingPayloadCommon.ush" 2636
"../../../Engine/Shaders/Shared/LumenDefinitions.h" 2637
"../../../Engine/Shaders/Private/Substrate/SubstrateExport.ush" 2638
"../../../Engine/Shaders/Private/RayTracing/RayTracingLightingMS.usf" 2639
"../../../Engine/Shaders/Private/Lumen/LumenDiffuseColorBoost.ush" 2640
"../../../Engine/Shaders/Private/RayTracing/RayTracingLightFunctionCommon.ush" 2641
"../../../Engine/Shaders/Private/RayTracing/RayTracingBuildLightGrid.usf" 2642
"../../../Engine/Shaders/Private/Raytracing/RayTracingInstanceBufferUtil.usf" 2643
"../../../Engine/Shaders/Private/RayTracing/RayTracingDynamicMesh.usf" 2644
"../../../Engine/Shaders/Private/RayTracing/RayTracingDefaultDecalHitShader.usf" 2645
"../../../Engine/Shaders/Private/RayTracing/RayTracingDecalMaterialShader.usf" 2646
"../../../Engine/Shaders/Private/PathTracing/PathTracingShaderUtils.ush" 2647
"../../../Engine/Shaders/Private/PathTracing/PathTracingCommon.ush" 2648
"../../../Engine/Shaders/Private/PathTracing/Material/PathTracingMaterialCommon.ush" 2649
"../../../Engine/Shaders/Private/PathTracing/Utilities/PathTracingRIS.ush" 2650
"../../../Engine/Shaders/Private/RayTracing/RayTracingBuildDecalGrid.usf" 2651
"../../../Engine/Shaders/Private/RayTracing/RayTracingDebugHitStatsUtils.usf" 2652
"../../../Engine/Shaders/Private/RayTracing/RayTracingDebugInstanceOverlap.usf" 2653
"../../../Engine/Shaders/Private/RayTracing/RayTracingDebugPicking.usf" 2654
"../../../Engine/Shaders/Private/RayTracing/RayTracingDebugUtils.ush" 2655
"../../../Engine/Shaders/Private/RayTracing/RayTracingDebugTraversal.usf" 2656
"../../../Engine/Shaders/Private/RayTracing/RayTracingDeferredMaterials.ush" 2657
"../../../Engine/Shaders/Shared/ThirdParty/AMD/ags_shader_intrinsics_dx12.h" 2658
"../../../Engine/Shaders/Shared/RayTracingDebugDefinitions.h" 2659
"../../../Engine/Shaders/Private/RayTracing/RayTracingDebugHitStatsCHS.usf" 2660
"../../../Engine/Shaders/Private/RayTracing/RayTracingDebugHitStats.usf" 2661
"../../../Engine/Shaders/Private/RayTracing/RayTracingDebugMS.usf" 2662
"../../../Engine/Shaders/Private/RayTracing/RayTracingDebugCHS.usf" 2663
"../../../Engine/Shaders/Private/RayTracing/RayTracingDebug.usf" 2664
"../../../Engine/Shaders/Private/RayTracing/RayTracingBuiltInShaders.usf" 2665
"../../../Engine/Shaders/Private/RayTracing/RayTracingBarycentrics.usf" 2666
"../../../Engine/Shaders/Private/RayTracing/RayTracingAmbientOcclusionRGS.usf" 2667
"../../../Engine/Shaders/Private/VisualizeShadingModels.usf" 2668
"../../../Engine/Shaders/Private/MotionBlur/VisualizeMotionVectors.usf" 2669
"../../../Engine/Shaders/Private/TemporalSuperResolution/TSRVisualize.usf" 2670
"../../../Engine/Shaders/Private/TemporalSuperResolution/TSRColorSpace.ush" 2671
"../../../Engine/Shaders/Private/TemporalSuperResolution/TSRCommon.ush" 2672
"../../../Engine/Shaders/Public/DualPixelVectorization.ush" 2673
"../../../Engine/Shaders/Private/TemporalSuperResolution/TSRReprojectionField.ush" 2674
"../../../Engine/Shaders/Private/TemporalSuperResolution/TSRResolveHistory.usf" 2675
"../../../Engine/Shaders/Private/TemporalSuperResolution/TSRConvolutionNetwork.ush" 2676
"../../../Engine/Shaders/Private/TemporalSuperResolution/TSRKernels.ush" 2677
"../../../Engine/Shaders/Public/LaneVectorization.ush" 2678
"../../../Engine/Shaders/Private/TemporalSuperResolution/TSRUpdateHistory.usf" 2679
"../../../Engine/Shaders/Private/TemporalSuperResolution/TSRSpatialAntiAliasing.ush" 2680
"../../../Engine/Shaders/Private/TemporalSuperResolution/TSRSpatialAntiAliasing.usf" 2681
"../../../Engine/Shaders/Private/TemporalSuperResolution/TSRRejectShading.usf" 2682
"../../../Engine/Shaders/Private/TemporalSuperResolution/TSRShadingAnalysis.ush" 2683
"../../../Engine/Shaders/Private/TemporalSuperResolution/TSRConvolutionNetworkPass.ush" 2684
"../../../Engine/Shaders/Private/TemporalSuperResolution/TSRDecimateHistory.usf" 2685
"../../../Engine/Shaders/Private/TemporalSuperResolution/TSRDepthVelocityAnalysis.ush" 2686
"../../../Engine/Shaders/Private/TemporalSuperResolution/TSRClosestOccluder.ush" 2687
"../../../Engine/Shaders/Private/TemporalSuperResolution/TSRWeightRelaxation.usf" 2688
"../../../Engine/Shaders/Private/TemporalSuperResolution/TSRThinGeometryCommon.ush" 2689
"../../../Engine/Shaders/Private/TemporalSuperResolution/TSRDetectThinGeometry.usf" 2690
"../../../Engine/Shaders/Private/TemporalSuperResolution/TSRDilateVelocity.usf" 2691
"../../../Engine/Shaders/Private/MotionBlur/MotionBlurVelocityFlatten.ush" 2692
"../../../Engine/Shaders/Private/MotionBlur/MotionBlurCommon.ush" 2693
"../../../Engine/Shaders/Private/TemporalSuperResolution/TSRClearPrevTextures.usf" 2694
"../../../Engine/Shaders/Private/TemporalSuperResolution/TSRMeasureCoverage.usf" 2695
"../../../Engine/Shaders/Private/TemporalSuperResolution/TSRMeasureFlickeringLuma.usf" 2696
"../../../Engine/Shaders/Private/TemporalAA.usf" 2697
"../../../Engine/Shaders/Private/SMAA/SMAADebugVisualization.usf" 2698
"../../../Engine/Shaders/Private/SMAA/SMAACommon.ush" 2699
"../../../Engine/Shaders/Private/SMAA/SMAA.ush" 2700
"../../../Engine/Shaders/Private/SMAA/SMAANeighborhoodBlendingShader.usf" 2701
"../../../Engine/Shaders/Private/SMAA/SMAABlendingWeightCalculationShader.usf" 2702
"../../../Engine/Shaders/Private/SMAA/SMAAEdgeDetectionShader.usf" 2703
"../../../Engine/Shaders/Private/FilterPixelShader.usf" 2704
"../../../Engine/Shaders/Private/FilterVertexShader.usf" 2705
"../../../Engine/Shaders/Private/VisualizeVirtualTexture.usf" 2706
"../../../Engine/Shaders/Private/PostProcessVisualizeBuffer.usf" 2707
"../../../Engine/Shaders/Private/PostProcessVisualizeLocalExposure.usf" 2708
"../../../Engine/Shaders/Private/PostProcessHistogramCommon.ush" 2709
"../../../Engine/Shaders/Private/TonemapCommon.ush" 2710
"../../../Engine/Shaders/Private/ACES/ACESCommon.ush" 2711
"../../../Engine/Shaders/Private/ACES/ACESOutputTransform.ush" 2712
"../../../Engine/Shaders/Private/ACES/ACESUtilities.ush" 2713
"../../../Engine/Shaders/Private/ACES/ACESTonescale.ush" 2714
"../../../Engine/Shaders/Private/ACES/ACESDisplayEncoding.ush" 2715
"../../../Engine/Shaders/Private/ACES/ACES_v1.3.ush" 2716
"../../../Engine/Shaders/Private/PostProcessVisualizeLevelInstance.usf" 2717
"../../../Engine/Shaders/Private/PostProcessVisualizeHDR.usf" 2718
"../../../Engine/Shaders/Private/ShaderComplexityApplyPixelShader.usf" 2719
"../../../Engine/Shaders/Private/QuadOverdraw.ush" 2720
"../../../Engine/Shaders/Private/PostProcessUpscale.usf" 2721
"../../../Engine/Shaders/Private/PostProcessTonemap.usf" 2722
"../../../Engine/Shaders/Private/PostProcessing/FilmGrainPackConstants.usf" 2723
"../../../Engine/Shaders/Private/PostProcessing/FilmGrainReduce.usf" 2724
"../../../Engine/Shaders/Private/PostProcessTestImage.usf" 2725
"../../../Engine/Shaders/Private/PostProcessSubsurface.usf" 2726
"../../../Engine/Shaders/Private/SeparableSSS.ush" 2727
"../../../Engine/Shaders/Private/SubsurfaceBurleyNormalized.ush" 2728
"../../../Engine/Shaders/Private/PostProcessSelectionOutline.usf" 2729
"../../../Engine/Shaders/Private/MotionBlur/MotionBlurVisualize.usf" 2730
"../../../Engine/Shaders/Private/MotionBlur/MotionBlurApply.usf" 2731
"../../../Engine/Shaders/Private/MotionBlur/MotionBlurFilterTileClassify.usf" 2732
"../../../Engine/Shaders/Private/MotionBlur/MotionBlurTileScatter.usf" 2733
"../../../Engine/Shaders/Private/MotionBlur/MotionBlurTileGather.usf" 2734
"../../../Engine/Shaders/Private/MotionBlur/MotionBlurVelocityFlatten.usf" 2735
"../../../Engine/Shaders/Private/PostProcessMobile.usf" 2736
"../../../Engine/Shaders/Private/PostProcessMitchellNetravali.usf" 2737
"../../../Engine/Shaders/Private/PostProcessMaterialShaders.usf" 2738
"../../../Engine/Shaders/Private/NeuralPostProcessCommon.usf" 2739
"../../../Engine/Shaders/Private/PostProcessLocalExposure.usf" 2740
"../../../Engine/Shaders/Private/PostProcessLensFlares.usf" 2741
"../../../Engine/Shaders/Private/PostProcessGBufferHints.usf" 2742
"../../../Engine/Shaders/Private/PostProcessHMD.usf" 2743
"../../../Engine/Shaders/Private/Histogram.usf" 2744
"../../../Engine/Shaders/Private/PostProcessExposureMaterial.ush" 2745
"../../../Engine/Shaders/Private/PostProcessHistogramReduce.usf" 2746
"../../../Engine/Shaders/Private/PostProcessHistogram.usf" 2747
"../../../Engine/Shaders/Private/Bloom/BloomFinalizeApplyConstants.usf" 2748
"../../../Engine/Shaders/Private/Bloom/BloomCommon.ush" 2749
"../../../Engine/Shaders/Private/Bloom/BloomResizeKernel.usf" 2750
"../../../Engine/Shaders/Private/Bloom/BloomDownsampleKernel.usf" 2751
"../../../Engine/Shaders/Private/Bloom/BloomClampKernel.usf" 2752
"../../../Engine/Shaders/Private/Bloom/BloomPackKernelConstants.usf" 2753
"../../../Engine/Shaders/Private/Bloom/BloomSumScatterDispersionEnergy.usf" 2754
"../../../Engine/Shaders/Private/Bloom/BloomReduceKernelSurvey.usf" 2755
"../../../Engine/Shaders/Private/Bloom/BloomSurveyKernelCenterEnergy.usf" 2756
"../../../Engine/Shaders/Private/Bloom/BloomSurveyMaxScatterDispersion.usf" 2757
"../../../Engine/Shaders/Private/Bloom/BloomFindKernelCenter.usf" 2758
"../../../Engine/Shaders/Private/PostProcessEyeAdaptation.usf" 2759
"../../../Engine/Shaders/Private/PostProcessEyeAdaptationUtils.usf" 2760
"../../../Engine/Shaders/Private/PostProcessDownsample.usf" 2761
"../../../Engine/Shaders/Private/PostProcessDOF.usf" 2762
"../../../Engine/Shaders/Private/PostProcessDeviceEncodingOnly.usf" 2763
"../../../Engine/Shaders/Private/PostProcessCompositePrimitives.usf" 2764
"../../../Engine/Shaders/Private/PostProcessCombineLUTs.usf" 2765
"../../../Engine/Shaders/Private/PostProcessVisualizeDOF.usf" 2766
"../../../Engine/Shaders/Private/PostProcessBloom.usf" 2767
"../../../Engine/Shaders/Private/PostProcessAmbientOcclusionMobile.usf" 2768
"../../../Engine/Shaders/Private/PostProcessAmbientOcclusionCommon.ush" 2769
"../../../Engine/Shaders/Private/FXAAShader.usf" 2770
"../../../Engine/Shaders/Private/Fxaa3_11.ush" 2771
"../../../Engine/Shaders/Private/PaniniProjection.usf" 2772
"../../../Engine/Shaders/Private/DiaphragmDOF/DOFRecombine.usf" 2773
"../../../Engine/Shaders/Private/DiaphragmDOF/DOFHybridScatterPixelShader.usf" 2774
"../../../Engine/Shaders/Private/DiaphragmDOF/DOFHybridScatterCommon.ush" 2775
"../../../Engine/Shaders/Private/DiaphragmDOF/DOFVignetteCommon.ush" 2776
"../../../Engine/Shaders/Private/DiaphragmDOF/DOFHybridScatterVertexShader.usf" 2777
"../../../Engine/Shaders/Private/DiaphragmDOF/DOFPostfiltering.usf" 2778
"../../../Engine/Shaders/Private/DiaphragmDOF/DOFGatherTileSuggest.ush" 2779
"../../../Engine/Shaders/Private/DiaphragmDOF/DOFCocTileCommon.ush" 2780
"../../../Engine/Shaders/Private/DiaphragmDOF/DOFGatherPass.usf" 2781
"../../../Engine/Shaders/Private/DiaphragmDOF/DOFGatherCommon.ush" 2782
"../../../Engine/Shaders/Private/DiaphragmDOF/DOFGatherAccumulator.ush" 2783
"../../../Engine/Shaders/Private/DiaphragmDOF/DOFGatherKernel.ush" 2784
"../../../Engine/Shaders/Private/DiaphragmDOF/DOFBokehLUT.usf" 2785
"../../../Engine/Shaders/Private/DiaphragmDOF/DOFHybridScatterCompilation.usf" 2786
"../../../Engine/Shaders/Private/DiaphragmDOF/DOFReduce.usf" 2787
"../../../Engine/Shaders/Private/DiaphragmDOF/DOFDownsample.ush" 2788
"../../../Engine/Shaders/Private/DiaphragmDOF/DOFHybridScatterCompilation.ush" 2789
"../../../Engine/Shaders/Private/DiaphragmDOF/DOFDownsample.usf" 2790
"../../../Engine/Shaders/Private/DiaphragmDOF/DOFCocTileDilate.usf" 2791
"../../../Engine/Shaders/Private/DiaphragmDOF/DOFCocTileFlatten.usf" 2792
"../../../Engine/Shaders/Private/DiaphragmDOF/DOFSetup.usf" 2793
"../../../Engine/Shaders/Private/Tools/DebugAlphaChannel.usf" 2794
"../../../Engine/Shaders/Private/PostProcessAlphaInvert.usf" 2795
"../../../Engine/Shaders/Private/PlanarReflectionShaders.usf" 2796
"../../../Engine/Shaders/Private/PhysicsFieldVisualizer.usf" 2797
"../../../Engine/Shaders/Private/PathTracing/PathTracingSpatialTemporalDenoising.usf" 2798
"../../../Engine/Shaders/Private/ColorDifference.ush" 2799
"../../../Engine/Shaders/Private/PathTracing/PathTracingCompositingPixelShader.usf" 2800
"../../../Engine/Shaders/Private/PathTracing/PathTracingAdaptiveUtils.ush" 2801
"../../../Engine/Shaders/Private/PathTracing/PathTracingDefaultHitShader.usf" 2802
"../../../Engine/Shaders/Private/PathTracing/PathTracingGPULightmassMaterialHitShader.usf" 2803
"../../../Engine/Shaders/Private/PathTracing/PathTracingMaterialHitShader.usf" 2804
"../../../Engine/Shaders/Private/PathTracing/Material/PathTracingSubstrateCommon.ush" 2805
"../../../Engine/Shaders/Private/PathTracing/PathTracingLightingMissShader.usf" 2806
"../../../Engine/Shaders/Private/PathTracing/PathTracingMissShader.usf" 2807
"../../../Engine/Shaders/Private/PathTracing/PathTracingAdaptiveStart.usf" 2808
"../../../Engine/Shaders/Private/PathTracing/PathTracingBuildAdaptiveError.usf" 2809
"../../../Engine/Shaders/Private/PathTracing/PathTracingVolumetricCloudMaterialShader.usf" 2810
"../../../Engine/Shaders/Private/PathTracing/Volume/PathTracingCloudsMaterialCommon.ush" 2811
"../../../Engine/Shaders/Private/PathTracing/Volume/PathTracingVolumeCommon.ush" 2812
"../../../Engine/Shaders/Private/PathTracing/Volume/PathTracingCloudsCommon.ush" 2813
"../../../Engine/Shaders/Private/PathTracing/Volume/PathTracingFog.ush" 2814
"../../../Engine/Shaders/Private/PathTracing/Volume/PathTracingAtmosphere.ush" 2815
"../../../Engine/Shaders/Private/PathTracing/Volume/PathTracingAtmosphereCommon.ush" 2816
"../../../Engine/Shaders/Private/PathTracing/Volume/PathTracingVolumeSampling.ush" 2817
"../../../Engine/Shaders/Private/PathTracing/PathTracingBuildCloudAccelerationMap.usf" 2818
"../../../Engine/Shaders/Private/PathTracing/PathTracingBuildAtmosphereLUT.usf" 2819
"../../../Engine/Shaders/Private/PathTracing/PathTracingSwizzleScanlines.usf" 2820
"../../../Engine/Shaders/Private/PathTracing/PathTracingInitExtinctionCoefficient.usf" 2821
"../../../Engine/Shaders/Private/PathTracing/PathTracingCopyDepth.usf" 2822
"../../../Engine/Shaders/Private/PathTracing/PathTracingDebug.usf" 2823
"../../../Engine/Shaders/Private/RayTracing/RayTracingDecalGrid.ush" 2824
"../../../Engine/Shaders/Private/PathTracing/Material/PathTracingMaterialSampling.ush" 2825
"../../../Engine/Shaders/Private/PathTracing/Material/PathTracingLambert.ush" 2826
"../../../Engine/Shaders/Private/PathTracing/Material/PathTracingSubstrate.ush" 2827
"../../../Engine/Shaders/Private/PathTracing/Material/PathTracingSubstrateFoliage.ush" 2828
"../../../Engine/Shaders/Private/PathTracing/Material/PathTracingSubstrateSolidGlass.ush" 2829
"../../../Engine/Shaders/Private/PathTracing/Material/PathTracingSubstrateThinGlass.ush" 2830
"../../../Engine/Shaders/Private/PathTracing/Material/PathTracingSolidGlass.ush" 2831
"../../../Engine/Shaders/Private/PathTracing/Material/PathTracingEnergyConservation.ush" 2832
"../../../Engine/Shaders/Private/PathTracing/Material/PathTracingThinGlass.ush" 2833
"../../../Engine/Shaders/Private/PathTracing/Material/PathTracingDefaultLit.ush" 2834
"../../../Engine/Shaders/Private/PathTracing/Material/PathTracingClearCoat.ush" 2835
"../../../Engine/Shaders/Private/PathTracing/Material/PathTracingTwoSidedFoliage.ush" 2836
"../../../Engine/Shaders/Private/PathTracing/Material/PathTracingCloth.ush" 2837
"../../../Engine/Shaders/Private/PathTracing/Material/PathTracingSubsurfaceProfile.ush" 2838
"../../../Engine/Shaders/Private/PathTracing/Material/PathTracingEye.ush" 2839
"../../../Engine/Shaders/Private/PathTracing/Material/PathTracingHair.ush" 2840
"../../../Engine/Shaders/Private/PathTracing/Material/PathTracingMedium.ush" 2841
"../../../Engine/Shaders/Private/PathTracing/Light/PathTracingLightSampling.ush" 2842
"../../../Engine/Shaders/Private/PathTracing/Light/PathTracingLightCommon.ush" 2843
"../../../Engine/Shaders/Private/PathTracing/Light/PathTracingDirectionalLight.ush" 2844
"../../../Engine/Shaders/Private/PathTracing/Light/PathTracingPointLight.ush" 2845
"../../../Engine/Shaders/Private/PathTracing/Light/PathTracingCapsuleLight.ush" 2846
"../../../Engine/Shaders/Private/PathTracing/Light/PathTracingRectLight.ush" 2847
"../../../Engine/Shaders/Private/PathTracing/Light/PathTracingSkyLight.ush" 2848
"../../../Engine/Shaders/Private/PathTracing/Light/PathTracingLightGrid.ush" 2849
"../../../Engine/Shaders/Private/PathTracing/PathTracing.usf" 2850
"../../../Engine/Shaders/Private/PathTracing/PathTracingCore.ush" 2851
"../../../Engine/Shaders/Private/HeterogeneousVolumes/HeterogeneousVolumesVoxelGridTypes.ush" 2852
"../../../Engine/Shaders/Private/PathTracing/Volume/PathTracingVolume.ush" 2853
"../../../Engine/Shaders/Private/PathTracing/Volume/PathTracingClouds.ush" 2854
"../../../Engine/Shaders/Private/PathTracing/Volume/PathTracingHeterogeneousVolumes.ush" 2855
"../../../Engine/Shaders/Private/HeterogeneousVolumes/HeterogeneousVolumesTracingUtils.ush" 2856
"../../../Engine/Shaders/Private/HeterogeneousVolumes/HeterogeneousVolumesVoxelGridTraversal.ush" 2857
"../../../Engine/Shaders/Private/HeterogeneousVolumes/HeterogeneousVolumesVoxelGridUtils.ush" 2858
"../../../Engine/Shaders/Private/HeterogeneousVolumes/HeterogeneousVolumesFrustumVoxelGridUtils.ush" 2859
"../../../Engine/Shaders/Private/PathTracing/PathTracingBuildLightGrid.usf" 2860
"../../../Engine/Shaders/Private/PathTracing/PathTracingSkylightMISCompensation.usf" 2861
"../../../Engine/Shaders/Private/PathTracing/PathTracingSkylightPrepare.usf" 2862
"../../../Engine/Shaders/Private/OIT/OITSorting.usf" 2863
"../../../Engine/Shaders/Private/OITCombine.usf" 2864
"../../../Engine/Shaders/Private/OITCommon.ush" 2865
"../../../Engine/Shaders/Private/Nanite/Voxel/RasterizeBricks.usf" 2866
"../../../Engine/Shaders/Private/Nanite/Voxel/Brick.ush" 2867
"../../../Engine/Shaders/Private/Nanite/Voxel/Voxel.ush" 2868
"../../../Engine/Shaders/Private/Nanite/Voxel/ScatterBricks.usf" 2869
"../../../Engine/Shaders/Private/Nanite/Voxel/TileBricks.usf" 2870
"../../../Engine/Shaders/Private/Nanite/Voxel/AutoVoxel.usf" 2871
"../../../Engine/Shaders/Private/Nanite/NaniteDebugViews.usf" 2872
"../../../Engine/Shaders/Private/Nanite/NaniteEditorCommon.ush" 2873
"../../../Engine/Shaders/Private/BinarySearch.ush" 2874
"../../../Engine/Shaders/Private/Nanite/NaniteDepthDecode.usf" 2875
"../../../Engine/Shaders/Private/HTileEncoding.ush" 2876
"../../../Engine/Shaders/Private/Nanite/NaniteVisualize.usf" 2877
"../../../Engine/Shaders/Private/Nanite/NaniteStreamOut.usf" 2878
"../../../Engine/Shaders/Private/Nanite/NaniteHierarchyTraversal.ush" 2879
"../../../Engine/Shaders/Private/Nanite/NaniteShadeBinning.usf" 2880
"../../../Engine/Shaders/Private/Nanite/NaniteShadeCommon.ush" 2881
"../../../Engine/Shaders/Private/Nanite/NaniteFastClear.usf" 2882
"../../../Engine/Shaders/Private/Nanite/NaniteRayTracing.usf" 2883
"../../../Engine/Shaders/Private/Nanite/NaniteExportGBuffer.usf" 2884
"../../../Engine/Shaders/Private/Nanite/NaniteClusterCulling.usf" 2885
"../../../Engine/Shaders/Private/Nanite/NanitePrintStats.usf" 2886
"../../../Engine/Shaders/Private/Nanite/NaniteRasterizer.usf" 2887
"../../../Engine/Shaders/Private/Nanite/NaniteRasterizationCommon.ush" 2888
"../../../Engine/Shaders/Private/Nanite/NaniteRasterizer.ush" 2889
"../../../Engine/Shaders/Private/Nanite/NaniteWritePixel.ush" 2890
"../../../Engine/Shaders/Private/Nanite/NaniteTessellation.ush" 2891
"../../../Engine/Shaders/Private/WorkDistribution.ush" 2892
"../../../Engine/Shaders/Private/Nanite/NaniteDice.ush" 2893
"../../../Engine/Shaders/Private/ShaderBundleWorkGraphCommon.ush" 2894
"../../../Engine/Shaders/Public/RootConstants.ush" 2895
"../../../Engine/Shaders/Public/Platform/D3D/D3DRootConstants.ush" 2896
"../../../Engine/Shaders/Private/Nanite/NaniteSplit.usf" 2897
"../../../Engine/Shaders/Private/Nanite/NaniteRasterBinning.usf" 2898
"../../../Engine/Shaders/Private/Nanite/NaniteInstanceCulling.usf" 2899
"../../../Engine/Shaders/Private/Nanite/NaniteImposter.ush" 2900
"../../../Engine/Shaders/Private/Nanite/NaniteInstanceHierarchyCulling.usf" 2901
"../../../Engine/Shaders/Private/WorkGroupLoadBalancer.ush" 2902
"../../../Engine/Shaders/Private/Nanite/NanitePrimitiveFilter.usf" 2903
"../../../Engine/Shaders/Private/Nanite/NaniteRasterClear.usf" 2904
"../../../Engine/Shaders/Private/Nanite/NaniteDepthExport.usf" 2905
"../../../Engine/Shaders/Private/Nanite/NaniteEmitShadow.usf" 2906
"../../../Engine/Shaders/Private/MobileDeferredUtils.usf" 2907
"../../../Engine/Shaders/Private/MobileLocalLightsBuffer.usf" 2908
"../../../Engine/Shaders/Private/MobileFog.usf" 2909
"../../../Engine/Shaders/Private/DistortApplyScreenPS.usf" 2910
"../../../Engine/Shaders/Private/MobileDeferredShading.usf" 2911
"../../../Engine/Shaders/Private/MobileBasePassPixelShader.usf" 2912
"../../../Engine/Shaders/Private/MobileBasePassCommon.ush" 2913
"../../../Engine/Shaders/Private/BasePassCommon.ush" 2914
"../../../Engine/Shaders/Private/ShadingModelsMaterial.ush" 2915
"../../../Engine/Shaders/Private/ThinTranslucentCommon.ush" 2916
"../../../Engine/Shaders/Private/SingleLayerWaterShading.ush" 2917
"../../../Engine/Shaders/Private/DistortionCommon.ush" 2918
"../../../Engine/Shaders/Private/Substrate/SubstrateMobileForwardLighting.ush" 2919
"../../../Engine/Shaders/Private/MobileBasePassVertexShader.usf" 2920
"../../../Engine/Shaders/Private/MeshEdges.usf" 2921
"../../../Engine/Shaders/Private/MegaLights/MegaLightsSampling.usf" 2922
"../../../Engine/Shaders/Shared/MegaLightsDefinitions.h" 2923
"../../../Engine/Shaders/Private/MegaLights/MegaLightsShading.ush" 2924
"../../../Engine/Shaders/Private/MegaLights/MegaLights.ush" 2925
"../../../Engine/Shaders/Private/MegaLights/MegaLightsMaterial.ush" 2926
"../../../Engine/Shaders/Private/MegaLights/MegaLightsRayTracing.ush" 2927
"../../../Engine/Shaders/Private/MegaLights/MegaLightsSampling.ush" 2928
"../../../Engine/Shaders/Private/MegaLights/MegaLightsVolumeSampling.usf" 2929
"../../../Engine/Shaders/Private/MegaLights/MegaLightsVolume.ush" 2930
"../../../Engine/Shaders/Private/MegaLights/MegaLights.usf" 2931
"../../../Engine/Shaders/Private/HairStrands/HairStrandsScreenTracing.ush" 2932
"../../../Engine/Shaders/Private/MegaLights/MegaLightsFilterVisibleLightHash.usf" 2933
"../../../Engine/Shaders/Private/MegaLights/MegaLightsShading.usf" 2934
"../../../Engine/Shaders/Private/Lumen/LumenReflectionDenoiserCommon.ush" 2935
"../../../Engine/Shaders/Private/MegaLights/MegaLightsVisibleLightHash.usf" 2936
"../../../Engine/Shaders/Private/MegaLights/MegaLightsVolumeShading.usf" 2937
"../../../Engine/Shaders/Private/MegaLights/MegaLightsVSMMarking.usf" 2938
"../../../Engine/Shaders/Private/MegaLights/MegaLightsVSMTracing.usf" 2939
"../../../Engine/Shaders/Private/MegaLights/MegaLightsRayTracing.usf" 2940
"../../../Engine/Shaders/Private/DistanceField/GlobalDistanceFieldUtils.ush" 2941
"../../../Engine/Shaders/Private/Lumen/LumenScreenTracing.ush" 2942
"../../../Engine/Shaders/Private/MegaLights/MegaLightsVolumeRayTracing.usf" 2943
"../../../Engine/Shaders/Private/MegaLights/MegaLightsVolumeHardwareRayTracing.usf" 2944
"../../../Engine/Shaders/Private/Lumen/LumenHardwareRayTracingCommon.ush" 2945
"../../../Engine/Shaders/Private/RayTracing/RayTracingReflectionEnvironment.ush" 2946
"../../../Engine/Shaders/Private/Lumen/LumenHardwareRayTracingPlatformCommon.ush" 2947
"../../../Engine/Shaders/Private/Lumen/LumenTracingCommon.ush" 2948
"../../../Engine/Shaders/Private/Lumen/SurfaceCache/LumenSurfaceCacheSampling.ush" 2949
"../../../Engine/Shaders/Private/Lumen/SurfaceCache/LumenSurfaceCache.ush" 2950
"../../../Engine/Shaders/Private/Lumen/LumenCardCommon.ush" 2951
"../../../Engine/Shaders/Private/Lumen/LumenCardTileShadowDownsampleFactor.ush" 2952
"../../../Engine/Shaders/Private/MegaLights/MegaLightsHardwareRayTracing.usf" 2953
"../../../Engine/Shaders/Private/MegaLights/MegaLightsDebug.usf" 2954
"../../../Engine/Shaders/Private/MegaLights/MegaLightsDenoiserSpatial.usf" 2955
"../../../Engine/Shaders/Private/MegaLights/MegaLightsDenoiserTemporal.usf" 2956
"../../../Engine/Shaders/Private/MaterialCache/MaterialCacheABufferPages.usf" 2957
"../../../Engine/Shaders/Private/MaterialCache/MaterialCacheShade.usf" 2958
"../../../Engine/Shaders/Private/MaterialCache/MaterialCacheShadeCommon.ush" 2959
"../../../Engine/Shaders/Private/MaterialCache/MaterialCacheUnwrapNaniteShade.usf" 2960
"../../../Engine/Shaders/Private/MaterialCache/MaterialCacheUnwrapPixelShader.usf" 2961
"../../../Engine/Shaders/Private/MaterialCache/MaterialCacheUnwrapVertexShader.usf" 2962
"../../../Engine/Shaders/Private/Lumen/LumenVisualizeRadianceCache.usf" 2963
"../../../Engine/Shaders/Private/Lumen/LumenRadianceCacheCommon.ush" 2964
"../../../Engine/Shaders/Private/Lumen/LumenVisualizeHardwareRayTracing.usf" 2965
"../../../Engine/Shaders/Private/Lumen/LumenVisualize.ush" 2966
"../../../Engine/Shaders/Private/Lumen/LumenHairTracing.ush" 2967
"../../../Engine/Shaders/Private/Lumen/LumenVisualize.usf" 2968
"../../../Engine/Shaders/Private/Lumen/LumenSoftwareRayTracing.ush" 2969
"../../../Engine/Shaders/Private/DistanceField/GlobalDistanceFieldObjectGrid.ush" 2970
"../../../Engine/Shaders/Private/DistanceFieldLightingShared.ush" 2971
"../../../Engine/Shaders/Private/Lumen/LumenVisualizeTraces.ush" 2972
"../../../Engine/Shaders/Private/Lumen/LumenTranslucencyVolumeLighting.usf" 2973
"../../../Engine/Shaders/Private/Lumen/LumenRadianceCacheMarkCommon.ush" 2974
"../../../Engine/Shaders/Private/Lumen/LumenTranslucencyVolumeLightingShared.ush" 2975
"../../../Engine/Shaders/Private/Lumen/LumenScreenProbeCommon.ush" 2976
"../../../Engine/Shaders/Private/RayTracing/RayGenUtils.ush" 2977
"../../../Engine/Shaders/Private/Lumen/LumenRadianceCacheTracingCommon.ush" 2978
"../../../Engine/Shaders/Private/Lumen/LumenTranslucencyVolumeHardwareRayTracing.usf" 2979
"../../../Engine/Shaders/Private/Lumen/LumenTranslucencyRadianceCacheMarkShaders.usf" 2980
"../../../Engine/Shaders/Private/Lumen/SurfaceCache/LumenSurfaceCache.usf" 2981
"../../../Engine/Shaders/Private/Lumen/LumenVirtualTextureCommon.ush" 2982
"../../../Engine/Shaders/Private/Lumen/LumenShortRangeAOHardwareRayTracing.usf" 2983
"../../../Engine/Shaders/Private/Lumen/LumenScreenSpaceBentNormal.ush" 2984
"../../../Engine/Shaders/Private/Lumen/LumenScreenSpaceBentNormal.usf" 2985
"../../../Engine/Shaders/Private/Lumen/LumenScreenProbeTracing.usf" 2986
"../../../Engine/Shaders/Private/Lumen/LumenScreenProbeTracingCommon.ush" 2987
"../../../Engine/Shaders/Private/Lumen/LumenFloatQuantization.ush" 2988
"../../../Engine/Shaders/Private/Lumen/LumenScreenProbeImportanceSampling.usf" 2989
"../../../Engine/Shaders/Private/Lumen/LumenScreenProbeImportanceSamplingShared.ush" 2990
"../../../Engine/Shaders/Private/Lumen/LumenScreenProbeHardwareRayTracing.usf" 2991
"../../../Engine/Shaders/Private/Lumen/LumenScreenProbeDebug.usf" 2992
"../../../Engine/Shaders/Private/Lumen/LumenScreenProbeGather.usf" 2993
"../../../Engine/Shaders/Private/Lumen/LumenScreenProbeGatherTemporal.usf" 2994
"../../../Engine/Shaders/Private/Lumen/LumenScreenProbeFiltering.usf" 2995
"../../../Engine/Shaders/Private/Lumen/LumenSceneLighting.usf" 2996
"../../../Engine/Shaders/Private/Lumen/LumenCardTile.ush" 2997
"../../../Engine/Shaders/Private/Lumen/LumenSceneLighting.ush" 2998
"../../../Engine/Shaders/Private/Lumen/Radiosity/LumenRadiosity.ush" 2999
"../../../Engine/Shaders/Private/Lumen/LumenSceneLightingDebug.usf" 3000
"../../../Engine/Shaders/Private/Lumen/LumenScene.usf" 3001
"../../../Engine/Shaders/Private/Lumen/LumenSceneDirectLightingHardwareRayTracing.usf" 3002
"../../../Engine/Shaders/Private/Lumen/LumenSceneDirectLightingStochastic.ush" 3003
"../../../Engine/Shaders/Private/Lumen/LumenSceneDirectLighting.ush" 3004
"../../../Engine/Shaders/Private/Lumen/LumenSceneDebugHardwareRayTracing.usf" 3005
"../../../Engine/Shaders/Private/Lumen/LumenSceneDirectLightingStochastic.usf" 3006
"../../../Engine/Shaders/Private/Lumen/LumenSceneDirectLightingSoftwareRayTracing.usf" 3007
"../../../Engine/Shaders/Private/DistanceFieldShadowingShared.ush" 3008
"../../../Engine/Shaders/Private/Lumen/LumenSceneDirectLightingPerLightShadowCommon.ush" 3009
"../../../Engine/Shaders/Private/Lumen/LumenSceneDirectLightingShadowMask.usf" 3010
"../../../Engine/Shaders/Private/Lumen/LumenSceneDirectLighting.usf" 3011
"../../../Engine/Shaders/Private/Lumen/LumenSceneDirectLightingCulling.usf" 3012
"../../../Engine/Shaders/Private/Lumen/LumenCardComputeShader.usf" 3013
"../../../Engine/Shaders/Private/Lumen/LumenCardBasePass.ush" 3014
"../../../Engine/Shaders/Private/Lumen/LumenCardPixelShader.usf" 3015
"../../../Engine/Shaders/Private/Lumen/LumenCardVertexShader.usf" 3016
"../../../Engine/Shaders/Private/Lumen/LumenReSTIRGather.usf" 3017
"../../../Engine/Shaders/Private/Lumen/LumenReflectionTracing.usf" 3018
"../../../Engine/Shaders/Private/Lumen/LumenReflectionDenoiserSpatial.usf" 3019
"../../../Engine/Shaders/Private/Lumen/LumenReflectionDenoiserClear.usf" 3020
"../../../Engine/Shaders/Private/Lumen/LumenReflectionDenoiserTemporal.usf" 3021
"../../../Engine/Shaders/Private/Lumen/LumenReflectionResolve.usf" 3022
"../../../Engine/Shaders/Private/Lumen/LumenReflections.usf" 3023
"../../../Engine/Shaders/Private/Lumen/RayTracedTranslucency.usf" 3024
"../../../Engine/Shaders/Private/Lumen/LumenReflectionHardwareRayTracing.usf" 3025
"../../../Engine/Shaders/Private/Lumen/Radiosity/LumenVisualizeRadiosityProbes.usf" 3026
"../../../Engine/Shaders/Private/Lumen/Radiosity/LumenRadiosity.usf" 3027
"../../../Engine/Shaders/Private/Lumen/Radiosity/LumenRadiosityHardwareRayTracing.usf" 3028
"../../../Engine/Shaders/Private/Lumen/Radiosity/LumenRadiosityCulling.usf" 3029
"../../../Engine/Shaders/Private/Lumen/LumenRadianceCacheHardwareRayTracing.usf" 3030
"../../../Engine/Shaders/Private/Lumen/LumenRadianceCache.usf" 3031
"../../../Engine/Shaders/Private/Lumen/LumenRadianceCacheUpdate.ush" 3032
"../../../Engine/Shaders/Private/Lumen/LumenRadianceCacheDebug.usf" 3033
"../../../Engine/Shaders/Private/Lumen/LumenRadianceCacheUpdate.usf" 3034
"../../../Engine/Shaders/Private/Lumen/LumenMeshSDFCulling.usf" 3035
"../../../Engine/Shaders/Private/HybridIndirectLighting.ush" 3036
"../../../Engine/Shaders/Private/MeshDistanceFieldCommon.ush" 3037
"../../../Engine/Shaders/Private/Lumen/LumenIrradianceFieldGather.usf" 3038
"../../../Engine/Shaders/Private/Lumen/LumenHardwareRayTracingMaterials.usf" 3039
"../../../Engine/Shaders/Private/Lumen/LumenFrontLayerTranslucency.usf" 3040
"../../../Engine/Shaders/Private/LocalFogVolumes/LocalFogVolumeSplat.usf" 3041
"../../../Engine/Shaders/Private/LocalFogVolumes/LocalFogVolumeTiledCulling.usf" 3042
"../../../Engine/Shaders/Private/LightShaftShader.usf" 3043
"../../../Engine/Shaders/Private/StationaryLightOverlapShaders.usf" 3044
"../../../Engine/Shaders/Private/DeferredLightPixelShaders.usf" 3045
"../../../Engine/Shaders/Private/DeferredLightVertexShaders.usf" 3046
"../../../Engine/Shaders/Private/LightMapDensityShader.usf" 3047
"../../../Engine/Shaders/Private/LightGridInjection.usf" 3048
"../../../Engine/Shaders/Shared/LightGridDefinitions.h" 3049
"../../../Engine/Shaders/Private/LightFunctionPixelShader.usf" 3050
"../../../Engine/Shaders/Private/LightFunctionVertexShader.usf" 3051
"../../../Engine/Shaders/Private/LightFunctionAtlas/LightFunctionAtlasRender.usf" 3052
"../../../Engine/Shaders/Private/InstanceCulling/InstanceCullingOcclusionQuery.usf" 3053
"../../../Engine/Shaders/Private/InstanceCulling/InstanceCullingSetup.ush" 3054
"../../../Engine/Shaders/Private/InstanceCulling/BuildInstanceDrawCommands.usf" 3055
"../../../Engine/Shaders/Private/InstanceCulling/InstanceCompactionCommon.ush" 3056
"../../../Engine/Shaders/Private/SceneDataMobileWriter.ush" 3057
"../../../Engine/Shaders/Private/InstanceCulling/CompactVisibleInstances.usf" 3058
"../../../Engine/Shaders/Private/ReflectionEnvironmentPixelShader.usf" 3059
"../../../Engine/Shaders/Private/AmbientCubemapComposite.usf" 3060
"../../../Engine/Shaders/Private/DiffuseIndirectComposite.usf" 3061
"../../../Engine/Shaders/Private/IESAtlas.usf" 3062
"../../../Engine/Shaders/Private/HeterogeneousVolumes/HeterogeneousVolumesVisualizeCascades.usf" 3063
"../../../Engine/Shaders/Private/HeterogeneousVolumes/HeterogeneousVolumesVoxelGridShadows.usf" 3064
"../../../Engine/Shaders/Private/HeterogeneousVolumes/HeterogeneousVolumesStochasticFiltering.ush" 3065
"../../../Engine/Shaders/Private/HeterogeneousVolumes/HeterogeneousVolumesVoxelGridRenderingUtils.ush" 3066
"../../../Engine/Shaders/Private/HeterogeneousVolumes/HeterogeneousVolumesLightingUtils.ush" 3067
"../../../Engine/Shaders/Private/HeterogeneousVolumes/HeterogeneousVolumesRayMarchingUtils.ush" 3068
"../../../Engine/Shaders/Private/HeterogeneousVolumes/HeterogeneousVolumesRayMarchingTypes.ush" 3069
"../../../Engine/Shaders/Private/HeterogeneousVolumes/HeterogeneousVolumesTransmittanceVolumeUtils.ush" 3070
"../../../Engine/Shaders/Private/HeterogeneousVolumes/HeterogeneousVolumesAdaptiveVolumetricShadowMapSampler.ush" 3071
"../../../Engine/Shaders/Private/HeterogeneousVolumes/HeterogeneousVolumesVoxelGridRendering.usf" 3072
"../../../Engine/Shaders/Private/HeterogeneousVolumes/HeterogeneousVolumesVoxelGridPipeline.usf" 3073
"../../../Engine/Shaders/Private/HeterogeneousVolumes/HeterogeneousVolumesMaterialBakingPipeline.usf" 3074
"../../../Engine/Shaders/Private/HeterogeneousVolumes/HeterogeneousVolumesLiveShadingUtils.ush" 3075
"../../../Engine/Shaders/Private/HeterogeneousVolumes/HeterogeneousVolumesFrustumVoxelGrid.usf" 3076
"../../../Engine/Shaders/Private/HeterogeneousVolumes/HeterogeneousVolumesSparseVoxelPipeline.usf" 3077
"../../../Engine/Shaders/Private/HeterogeneousVolumes/HeterogeneousVolumesSparseVoxelUtils.ush" 3078
"../../../Engine/Shaders/Private/HeterogeneousVolumes/HeterogeneousVolumesSparseVoxelUniformBufferUtils.ush" 3079
"../../../Engine/Shaders/Private/HeterogeneousVolumes/HeterogeneousVolumesPreshadingPipeline.usf" 3080
"../../../Engine/Shaders/Private/HeterogeneousVolumes/HeterogeneousVolumesShadowMask.usf" 3081
"../../../Engine/Shaders/Private/HeterogeneousVolumes/HeterogeneousVolumesLiveShadingShadows.usf" 3082
"../../../Engine/Shaders/Private/HeterogeneousVolumes/HeterogeneousVolumesLiveShadingGlobalPipeline.usf" 3083
"../../../Engine/Shaders/Private/HeterogeneousVolumes/HeterogeneousVolumesLiveShadingPipeline.usf" 3084
"../../../Engine/Shaders/Private/HeterogeneousVolumes/HeterogeneousVolumesHardwareRayTracing.usf" 3085
"../../../Engine/Shaders/Private/HeterogeneousVolumes/HeterogeneousVolumesAmbientOcclusionPipeline.usf" 3086
"../../../Engine/Shaders/Private/HeterogeneousVolumes/HeterogeneousVolumesComposite.usf" 3087
"../../../Engine/Shaders/Private/HdrCustomResolveShaders.usf" 3088
"../../../Engine/Shaders/Private/HairStrands/RenderCurveRaster.usf" 3089
"../../../Engine/Shaders/Shared/RenderCurveDefinitions.h" 3090
"../../../Engine/Shaders/Private/HairStrands/HairStrandsVoxelRasterCompute.usf" 3091
"../../../Engine/Shaders/Private/HairStrands/HairStrandsHitProxy.usf" 3092
"../../../Engine/Shaders/Private/HairStrands/HairStrandsVisibilityRasterComputeNaive.usf" 3093
"../../../Engine/Shaders/Private/HairStrands/HairStrandsVisibilityRasterHW.usf" 3094
"../../../Engine/Shaders/Private/HairStrands/HairStrandsVisibilityRasterCompute.usf" 3095
"../../../Engine/Shaders/Private/HairStrands/HairStrandsVisibilityRasterClassification.usf" 3096
"../../../Engine/Shaders/Private/HairStrands/HairStrandsCoverage.usf" 3097
"../../../Engine/Shaders/Private/HairStrands/HairStrandsVisibilityDepthPS.usf" 3098
"../../../Engine/Shaders/Private/HairStrands/HairStrandsVisibilityTransmittanceDepthPS.usf" 3099
"../../../Engine/Shaders/Private/HairStrands/HairStrandsVisibilityFillOpaqueDepthPS.usf" 3100
"../../../Engine/Shaders/Private/HairStrands/HairStrandsVisibilityCompactionComputeRaster.usf" 3101
"../../../Engine/Shaders/Private/HairStrands/HairStrandsVisibilityCompaction.usf" 3102
"../../../Engine/Shaders/Private/HairStrands/HairStrandsVisibilityCopyIndirectArg.usf" 3103
"../../../Engine/Shaders/Private/HairStrands/HairStrandsVisibilityClearPS.usf" 3104
"../../../Engine/Shaders/Private/HairStrands/HairStrandsVisibilityPS.usf" 3105
"../../../Engine/Shaders/Private/HairStrands/HairStrandsVisibilityVS.usf" 3106
"../../../Engine/Shaders/Private/HairStrands/HairStrandsVelocity.usf" 3107
"../../../Engine/Shaders/Private/HairStrands/HairStrandsVisibilityComputeSampleCoverage.usf" 3108
"../../../Engine/Shaders/Private/HairStrands/HairStrandsMaterialPS.usf" 3109
"../../../Engine/Shaders/Private/HairStrands/HairStrandsMaterialCommon.ush" 3110
"../../../Engine/Shaders/Private/HairStrands/HairStrandsMaterialVS.usf" 3111
"../../../Engine/Shaders/Private/HairStrands/HairStrandsLightSample.usf" 3112
"../../../Engine/Shaders/Private/HairStrands/HairStrandsDeepShadowMask.usf" 3113
"../../../Engine/Shaders/Private/HairStrands/HairStrandsDeepTransmittanceMask.usf" 3114
"../../../Engine/Shaders/Private/HairStrands/HairStrandsVisibilityTile.usf" 3115
"../../../Engine/Shaders/Private/HairStrands/HairStrandsDeepShadowPS.usf" 3116
"../../../Engine/Shaders/Private/HairStrands/HairStrandsDeepShadowVS.usf" 3117
"../../../Engine/Shaders/Private/HairStrands/HairStrandsAABB.usf" 3118
"../../../Engine/Shaders/Private/HairStrands/HairStrandsLUT.usf" 3119
"../../../Engine/Shaders/Private/HairStrands/HairStrandsForwardRaster.usf" 3120
"../../../Engine/Shaders/Private/HairStrands/HairStrandsForwardCulling.usf" 3121
"../../../Engine/Shaders/Private/HairStrands/HairStrandsEnvironmentLighting.usf" 3122
"../../../Engine/Shaders/Private/HairStrands/HairStrandsEnvironmentAO.usf" 3123
"../../../Engine/Shaders/Private/HairStrands/HairStrandsDeepShadowAllocation.usf" 3124
"../../../Engine/Shaders/Private/HairStrands/HairStrandsVoxelDebug.usf" 3125
"../../../Engine/Shaders/Private/HairStrands/HairStrandsComposition.usf" 3126
"../../../Engine/Shaders/Private/HairStrands/HairStrandsGBufferCommon.ush" 3127
"../../../Engine/Shaders/Private/GPUScene/GPUSceneDataManagement.usf" 3128
"../../../Engine/Shaders/Private/GPUSceneDebugRender.usf" 3129
"../../../Engine/Shaders/Private/GPUFeedbackCompaction.usf" 3130
"../../../Engine/Shaders/Private/GPUFastFourierTransform.usf" 3131
"../../../Engine/Shaders/Private/GPUFastFourierTransform2DCore.ush" 3132
"../../../Engine/Shaders/Private/GPUFastFourierTransformCore.ush" 3133
"../../../Engine/Shaders/Private/GPUBenchmark.usf" 3134
"../../../Engine/Shaders/Private/DistanceField/GlobalDistanceFieldDebug.usf" 3135
"../../../Engine/Shaders/Private/DistanceField/GlobalDistanceFieldUpdate.ush" 3136
"../../../Engine/Shaders/Private/DistanceField/GlobalDistanceFieldMip.usf" 3137
"../../../Engine/Shaders/Private/DistanceField/GlobalDistanceField.usf" 3138
"../../../Engine/Shaders/Private/DistanceField/GlobalDistanceFieldCompositeObjects.usf" 3139
"../../../Engine/Shaders/Private/DistanceField/GlobalDistanceFieldHeightfields.usf" 3140
"../../../Engine/Shaders/Private/HeightfieldLightingShared.ush" 3141
"../../../Engine/Shaders/Private/GenerateConservativeDepth.usf" 3142
"../../../Engine/Shaders/Private/HeightFogPixelShader.usf" 3143
"../../../Engine/Shaders/Private/HeightFogVertexShader.usf" 3144
"../../../Engine/Shaders/Private/DistortFiltering.usf" 3145
"../../../Engine/Shaders/Private/DistortAccumulatePS.usf" 3146
"../../../Engine/Shaders/Private/DistortAccumulateVS.usf" 3147
"../../../Engine/Shaders/Private/DistanceFieldVisualization.usf" 3148
"../../../Engine/Shaders/Private/DistanceFieldStreaming.usf" 3149
"../../../Engine/Shaders/Private/DistanceFieldShadowing.usf" 3150
"../../../Engine/Shaders/Private/DistanceFieldScreenGridLighting.usf" 3151
"../../../Engine/Shaders/Private/DistanceFieldObjectCulling.usf" 3152
"../../../Engine/Shaders/Private/DistanceFieldLightingPost.usf" 3153
"../../../Engine/Shaders/Private/DitheredTransitionStencil.usf" 3154
"../../../Engine/Shaders/Private/CopyDepthTexture.usf" 3155
"../../../Engine/Shaders/Private/CopyDepthTextureCS.usf" 3156
"../../../Engine/Shaders/Private/DeferredDecal.usf" 3157
"../../../Engine/Shaders/Private/DecalCommon.ush" 3158
"../../../Engine/Shaders/Private/DebugViewModeVertexShader.usf" 3159
"../../../Engine/Shaders/Private/DebugViewModeCommon.ush" 3160
"../../../Engine/Shaders/Private/DebugViewModePixelShader.usf" 3161
"../../../Engine/Shaders/Private/DebugProbes.usf" 3162
"../../../Engine/Shaders/Private/MeshDecals.usf" 3163
"../../../Engine/Shaders/Private/PostProcessAmbientOcclusion.usf" 3164
"../../../Engine/Shaders/Private/ClusteredDeferredShadingPixelShader.usf" 3165
"../../../Engine/Shaders/Private/ClusteredDeferredShadingVertexShader.usf" 3166
"../../../Engine/Shaders/Private/CapsuleShadowShaders.usf" 3167
"../../../Engine/Shaders/Private/BasePassPixelShader.usf" 3168
"../../../Engine/Shaders/Private/ForwardLightingCommon.ush" 3169
"../../../Engine/Shaders/Private/Substrate/SubstrateForwardLighting.ush" 3170
"../../../Engine/Shaders/Private/ComputeShaderOutputCommon.ush" 3171
"../../../Engine/Shaders/Private/BasePassVertexShader.usf" 3172
"../../../Engine/Shaders/Private/BasePassVertexCommon.ush" 3173
"../../../Engine/Shaders/Private/SimpleElementVolumeTexturePreviewPixelShader.usf" 3174
"../../../Engine/Shaders/Private/SimpleElementTexture2DPreviewPixelShader.usf" 3175
"../../../Engine/Shaders/Private/meshpaintdilatepixelshader.usf" 3176
"../../../Engine/Shaders/Private/meshpaintdilatevertexshader.usf" 3177
"../../../Engine/Shaders/Private/MeshPaintPixelShader.usf" 3178
"../../../Engine/Shaders/Private/MeshPaintVertexShader.usf" 3179
"../../../Engine/Shaders/Private/SlateElementPixelShader.usf" 3180
"../../../Engine/Shaders/Private/SlateShaderCommon.ush" 3181
"../../../Engine/Shaders/Private/SlateMaskingShader.usf" 3182
"../../../Engine/Shaders/Private/SlateVertexShader.usf" 3183
"../../../Engine/Shaders/Private/CompositeUIPixelShader.usf" 3184
"../../../Engine/Shaders/Private/ColorDeficiency.ush" 3185
"../../../Engine/Shaders/Private/SlatePostProcessColorDeficiencyPixelShader.usf" 3186
"../../../Engine/Shaders/Private/SlatePostProcessPixelShader.usf" 3187
"../../../Engine/Shaders/Private/Tools/VisualizeTexture.usf" 3188
"../../../Engine/Shaders/Private/UpdateDescriptorHandle.usf" 3189
"../../../Engine/Shaders/Private/ByteBuffer.usf" 3190
"../../../Engine/Shaders/Private/ShaderBundleWorkGraphDispatch.usf" 3191
"../../../Engine/Shaders/Private/ShaderBundleDispatch.usf" 3192
"../../../Engine/Shaders/Private/ResolveVertexShader.usf" 3193
"../../../Engine/Shaders/Private/ResolvePixelShader.usf" 3194
"../../../Engine/Shaders/Private/Tools/SetupIndirectArgs.usf" 3195
"../../../Engine/Shaders/Private/ClearReplacementShaders.usf" 3196
"../../../Engine/Shaders/Private/Tools/DrawTexture.usf" 3197
"../../../Engine/Shaders/Private/RayTracing/RayTracingValidation.usf" 3198
"../../../Engine/Shaders/Private/RenderGraphUtilities.usf" 3199
"../../../Engine/Shaders/Private/OneColorShader.usf" 3200
"../../../Engine/Shaders/Private/OculusShaders.usf" 3201
"../../../Engine/Shaders/Private/MediaShaders.usf" 3202
"../../../Engine/Shaders/Private/GPUMessaging.usf" 3203
"../../../Engine/Shaders/Private/Tools/GPUDebugCrashUtils.usf" 3204
"../../../Engine/Shaders/Private/NullPixelShader.usf" 3205
"../../../Engine/Shaders/Private/ComputeGenerateMips.usf" 3206
"../../../Engine/Shaders/Private/Tools/DumpTexture.usf" 3207
"../../../Engine/Shaders/Private/CopyTextureShaders.usf" 3208
"../../../Engine/Shaders/Private/Tools/FullscreenVertexShader.usf" 3209
"../../../Engine/Shaders/Private/RayTracing/RayTracingDispatchDesc.usf" 3210
"../../../Engine/Shaders/Private/Bink.usf" 3211
"../../../Engine/Shaders/Private/DepthOnlyPixelShader.usf" 3212
"../../../Engine/Shaders/Private/PositionOnlyDepthVertexShader.usf" 3213
"../../../Engine/Shaders/Private/DepthOnlyVertexShader.usf" 3214
"../../../Engine/Shaders/Private/AnisotropyPassShader.usf" 3215
"C:/Users/Antonio/Documents/Unreal Projects/MC/Content/Blueprint/BP_GroundSensorActor.uasset" 3216
"C:/Users/Antonio/Documents/Unreal Projects/MC/Content/Blueprint/BP_HarvesterPawn.uasset" 3217
"C:/Users/Antonio/Documents/Unreal Projects/MC/Content/Blueprint/BP_TractorPawn.uasset" 3218
"C:/Users/Antonio/Documents/Unreal Projects/MC/Content/Blueprint/BP_WeatherStationActor.uasset" 3219
"/Engine/EngineResources/WhiteSquareTexture" 3220
"../../../Engine/Content/EngineResources/WhiteSquareTexture.uasset" 3221
"/Engine/EngineResources/GradientTexture0" 3222
"../../../Engine/Content/EngineResources/GradientTexture0.uasset" 3223
"/Engine/EngineResources/Black" 3224
"../../../Engine/Content/EngineResources/Black.uasset" 3225
"/Engine/EditorResources/S_Actor" 3226
"../../../Engine/Content/EditorResources/S_Actor.uasset" 3227
"/Engine/EngineFonts/RobotoDistanceField" 3228
"../../../Engine/Content/EngineFonts/RobotoDistanceField.uasset" 3229
"/Engine/EngineMaterials/DefaultTextMaterialOpaque" 3230
"../../../Engine/Content/EngineMaterials/DefaultTextMaterialOpaque.uasset" 3231
"/Engine/Functions/Engine_MaterialFunctions01/Shading/PowerToRoughness" 3232
"../../../Engine/Content/Functions/Engine_MaterialFunctions01/Shading/PowerToRoughness.uasset" 3233
"/Engine/Functions/Engine_MaterialFunctions01/Shading/ConvertFromDiffSpec" 3234
"../../../Engine/Content/Functions/Engine_MaterialFunctions01/Shading/ConvertFromDiffSpec.uasset" 3235
"/Engine/EngineMaterials/WorldGridMaterial" 3236
"../../../Engine/Content/EngineMaterials/WorldGridMaterial.uasset" 3237
"../../../Engine/Content/Functions/Engine_MaterialFunctions01/Opacity/CameraDepthFade.uasset" 3238
"../../../Engine/Content/EngineMaterials/T_Default_Material_Grid_M.uasset" 3239
"../../../Engine/Content/EngineMaterials/T_Default_Material_Grid_N.uasset" 3240
"/Engine/EngineMaterials/DefaultDeferredDecalMaterial" 3241
"../../../Engine/Content/EngineMaterials/DefaultDeferredDecalMaterial.uasset" 3242
"../../../Engine/Content/EngineMaterials/DefaultDiffuse.uasset" 3243
"/Engine/EngineMaterials/DefaultLightFunctionMaterial" 3244
"../../../Engine/Content/EngineMaterials/DefaultLightFunctionMaterial.uasset" 3245
"/Engine/EngineMaterials/DefaultPostProcessMaterial" 3246
"../../../Engine/Content/EngineMaterials/DefaultPostProcessMaterial.uasset" 3247
"../../../Engine/Content/Functions/Engine_MaterialFunctions02/Utility/BreakOutFloat2Components.uasset" 3248
"/Engine/EditorResources/S_Trigger" 3249
"../../../Engine/Content/EditorResources/S_Trigger.uasset" 3250
"/Engine/EditorResources/S_BoxReflectionCapture" 3251
"../../../Engine/Content/EditorResources/S_BoxReflectionCapture.uasset" 3252
"/Engine/EngineResources/DefaultTexture" 3253
"../../../Engine/Content/EngineResources/DefaultTexture.uasset" 3254
"/Engine/EditorResources/S_TriggerBox" 3255
"../../../Engine/Content/EditorResources/S_TriggerBox.uasset" 3256
"/Engine/EditorResources/S_TriggerCapsule" 3257
"../../../Engine/Content/EditorResources/S_TriggerCapsule.uasset" 3258
"/Engine/EditorResources/S_TriggerSphere" 3259
"../../../Engine/Content/EditorResources/S_TriggerSphere.uasset" 3260
"/Engine/EngineMeshes/Sphere" 3261
"../../../Engine/Content/EngineMeshes/Sphere.uasset" 3262
"/Engine/EngineDamageTypes/DmgTypeBP_Environmental" 3263
"../../../Engine/Content/EngineDamageTypes/DmgTypeBP_Environmental.uasset" 3264
"/Engine/EngineResources/DefaultTextureCube" 3265
"../../../Engine/Content/EngineResources/DefaultTextureCube.uasset" 3266
"/Engine/EngineResources/DefaultVolumeTexture" 3267
"../../../Engine/Content/EngineResources/DefaultVolumeTexture.uasset" 3268
"../../../Engine/Content/EngineResources/DefaultVolumeTexture2D.uasset" 3269
"/Engine/EditorResources/S_Solver" 3270
"../../../Engine/Content/EditorResources/S_Solver.uasset" 3271
"/Engine/EngineDebugMaterials/VolumeToRender" 3272
"../../../Engine/Content/EngineDebugMaterials/VolumeToRender.uasset" 3273
"/Engine/EngineDebugMaterials/M_VolumeRenderSphereTracePP" 3274
"../../../Engine/Content/EngineDebugMaterials/M_VolumeRenderSphereTracePP.uasset" 3275
"../../../Engine/Content/Functions/Engine_MaterialFunctions02/Utility/CameraDirectionVector.uasset" 3276
"/Engine/EditorMeshes/Camera/SM_CraneRig_Base" 3277
"../../../Engine/Content/EditorMeshes/Camera/SM_CraneRig_Base.uasset" 3278
"../../../Engine/Content/EditorMaterials/Camera/MI_CineMat_Rig.uasset" 3279
"../../../Engine/Content/EditorMaterials/Camera/CineMat.uasset" 3280
"/Engine/EditorMeshes/Camera/SM_CraneRig_Arm" 3281
"../../../Engine/Content/EditorMeshes/Camera/SM_CraneRig_Arm.uasset" 3282
"/Engine/EditorMeshes/Camera/SM_CraneRig_Mount" 3283
"../../../Engine/Content/EditorMeshes/Camera/SM_CraneRig_Mount.uasset" 3284
"/Engine/EditorMeshes/Camera/SM_CraneRig_Body" 3285
"../../../Engine/Content/EditorMeshes/Camera/SM_CraneRig_Body.uasset" 3286
"/Engine/EditorMeshes/Camera/SM_RailRig_Track" 3287
"../../../Engine/Content/EditorMeshes/Camera/SM_RailRig_Track.uasset" 3288
"/Engine/EditorMeshes/Camera/SM_RailRig_Mount" 3289
"../../../Engine/Content/EditorMeshes/Camera/SM_RailRig_Mount.uasset" 3290
"/Engine/EditorLandscapeResources/SplineEditorMesh" 3291
"../../../Engine/Content/EditorLandscapeResources/SplineEditorMesh.uasset" 3292
"../../../Engine/Content/EditorLandscapeResources/SplineEditorMeshMat.uasset" 3293
"/HairStrands/Materials/HairDebugMaterial" 3294
"../../Plugins/Runtime/HairStrands/Content/Materials/HairDebugMaterial.uasset" 3295
"../../../Engine/Content/Functions/Engine_MaterialFunctions02/Utility/MakeFloat2.uasset" 3296
"../../../Engine/Content/Functions/Engine_MaterialFunctions02/Utility/MakeFloat3.uasset" 3297
"../../../Engine/Content/EngineMaterials/HairColorMap.uasset" 3298
"../../../Engine/Content/EngineMaterials/HairDebugColor.uasset" 3299
"../../Plugins/Runtime/HairStrands/Content/Materials/HairGroupColors.uasset" 3300
"/HairStrands/Materials/HairDefaultMaterial" 3301
"../../Plugins/Runtime/HairStrands/Content/Materials/HairDefaultMaterial.uasset" 3302
"/HairStrands/Materials/HairCardsDefaultMaterial" 3303
"../../Plugins/Runtime/HairStrands/Content/Materials/HairCardsDefaultMaterial.uasset" 3304
"/HairStrands/Materials/HairMeshesDefaultMaterial" 3305
"../../Plugins/Runtime/HairStrands/Content/Materials/HairMeshesDefaultMaterial.uasset" 3306
"/Engine/EngineMaterials/Widget3DPassThrough_Translucent" 3307
"../../../Engine/Content/EngineMaterials/Widget3DPassThrough_Translucent.uasset" 3308
"../../../Engine/Content/EngineMaterials/Widget3DPassThrough.uasset" 3309
"/Engine/EngineMaterials/Widget3DPassThrough_Translucent_OneSided" 3310
"../../../Engine/Content/EngineMaterials/Widget3DPassThrough_Translucent_OneSided.uasset" 3311
"/Engine/EngineMaterials/Widget3DPassThrough_Opaque" 3312
"../../../Engine/Content/EngineMaterials/Widget3DPassThrough_Opaque.uasset" 3313
"/Engine/EngineMaterials/Widget3DPassThrough_Opaque_OneSided" 3314
"../../../Engine/Content/EngineMaterials/Widget3DPassThrough_Opaque_OneSided.uasset" 3315
"/Engine/EngineMaterials/Widget3DPassThrough_Masked" 3316
"../../../Engine/Content/EngineMaterials/Widget3DPassThrough_Masked.uasset" 3317
"/Engine/EngineMaterials/Widget3DPassThrough_Masked_OneSided" 3318
"../../../Engine/Content/EngineMaterials/Widget3DPassThrough_Masked_OneSided.uasset" 3319
"/Engine/VREditor/ViewportInteractionAssetContainerData" 3320
"../../../Engine/Content/VREditor/ViewportInteractionAssetContainerData.uasset" 3321
"../../../Engine/Content/VREditor/SnapGrid/SnapGridMaterial.uasset" 3322
"../../../Engine/Content/VREditor/TransformGizmo/TransformGizmoMaterial_Inst.uasset" 3323
"../../../Engine/Content/VREditor/TransformGizmo/TranslucentTransformGizmoMaterial_Inst.uasset" 3324
"../../../Engine/Content/VREditor/SnapGrid/SnapGridPlaneMesh.uasset" 3325
"../../../Engine/Content/VREditor/Sounds/UI/Drop_Item_From_ContentBrowser.uasset" 3326
"../../../Engine/Content/VREditor/Sounds/UI/Gizmo_Handle_Clicked.uasset" 3327
"../../../Engine/Content/VREditor/Sounds/UI/Object_PickUp.uasset" 3328
"../../../Engine/Content/VREditor/Sounds/UI/Object_Snaps_To_Another_Actor.uasset" 3329
"../../../Engine/Content/VREditor/Sounds/UI/Object_Snaps_To_Grid.uasset" 3330
"../../../Engine/Content/VREditor/Sounds/UI/Scaling_Down.uasset" 3331
"../../../Engine/Content/VREditor/Sounds/UI/Scaling_Up.uasset" 3332
"../../../Engine/Content/VREditor/Sounds/UI/Selection_Changes.uasset" 3333
"../../../Engine/Content/VREditor/TransformGizmo/PlaneTranslationHandle.uasset" 3334
"../../../Engine/Content/VREditor/TransformGizmo/RotationHandleFull.uasset" 3335
"../../../Engine/Content/VREditor/TransformGizmo/RotationHandleIndicator.uasset" 3336
"../../../Engine/Content/VREditor/TransformGizmo/RotationHandleQuarter.uasset" 3337
"../../../Engine/Content/VREditor/TransformGizmo/StartRotationHandleIndicator.uasset" 3338
"../../../Engine/Content/VREditor/TransformGizmo/TransformGizmoFreeRotation.uasset" 3339
"../../../Engine/Content/VREditor/TransformGizmo/TranslateArrowHandle.uasset" 3340
"../../../Engine/Content/VREditor/TransformGizmo/UniformScaleHandle.uasset" 3341
"../../../Engine/Content/Functions/Engine_MaterialFunctions02/Math/Transform3x3Matrix.uasset" 3342
"../../../Engine/Content/Functions/Engine_MaterialFunctions02/SplitComponents.uasset" 3343
"../../../Engine/Content/VREditor/TransformGizmo/TransformGizmoMaterial.uasset" 3344
"../../../Engine/Content/VREditor/TransformGizmo/TranslucentTransformGizmoMaterial.uasset" 3345
"../../../Engine/Content/Functions/Engine_MaterialFunctions02/Utility/BreakOutFloat3Components.uasset" 3346
"../../../Engine/Content/VREditor/LaserPointer/VR_LaserPower_01.uasset" 3347
"/Engine/VREditor/TransformGizmo/BoundingBoxCorner" 3348
"../../../Engine/Content/VREditor/TransformGizmo/BoundingBoxCorner.uasset" 3349
"/Engine/VREditor/TransformGizmo/BoundingBoxEdge" 3350
"../../../Engine/Content/VREditor/TransformGizmo/BoundingBoxEdge.uasset" 3351
"/Engine/ArtTools/RenderToTexture/Meshes/S_1_Unit_Plane" 3352
"../../../Engine/Content/ArtTools/RenderToTexture/Meshes/S_1_Unit_Plane.uasset" 3353
"/Engine/EngineDebugMaterials/M_SimpleUnlitTranslucent" 3354
"../../../Engine/Content/EngineDebugMaterials/M_SimpleUnlitTranslucent.uasset" 3355
"/Engine/EngineFonts/Roboto" 3356
"../../../Engine/Content/EngineFonts/Roboto.uasset" 3357
"../../../Engine/Content/EngineFonts/Faces/DroidSansFallback.uasset" 3358
"../../../Engine/Content/EngineFonts/Faces/RobotoBold.uasset" 3359
"../../../Engine/Content/EngineFonts/Faces/RobotoBoldItalic.uasset" 3360
"../../../Engine/Content/EngineFonts/Faces/RobotoItalic.uasset" 3361
"../../../Engine/Content/EngineFonts/Faces/RobotoLight.uasset" 3362
"../../../Engine/Content/EngineFonts/Faces/RobotoRegular.uasset" 3363
"/Engine/EditorMaterials/ParticleSystems/PSysThumbnail_NoImage" 3364
"../../../Engine/Content/EditorMaterials/ParticleSystems/PSysThumbnail_NoImage.uasset" 3365
"/Engine/EditorMaterials/ParticleSystems/PSysThumbnail_OOD" 3366
"../../../Engine/Content/EditorMaterials/ParticleSystems/PSysThumbnail_OOD.uasset" 3367
"/Engine/EngineResources/LandscapeVisibilityLayerInfo" 3368
"../../../Engine/Content/EngineResources/LandscapeVisibilityLayerInfo.uasset" 3369
"../../../../../Users/Antonio/Documents/Unreal Projects/MC/Intermediate/ShaderAutogen/PCD3D_SM5/AutogenShaderHeaders.ush" 3370
"../../../Engine/Content/Internationalization/icudt64l/coll/en.res" 3371
"/ACLPlugin/ACLAnimBoneCompressionSettings" 3372
"../../Plugins/Animation/ACLPlugin/Content/ACLAnimBoneCompressionSettings.uasset" 3373
"/Engine/Animation/DefaultRecorderBoneCompression" 3374
"../../../Engine/Content/Animation/DefaultRecorderBoneCompression.uasset" 3375
"/ACLPlugin/ACLAnimCurveCompressionSettings" 3376
"../../Plugins/Animation/ACLPlugin/Content/ACLAnimCurveCompressionSettings.uasset" 3377
"/Engine/Animation/DefaultVariableFrameStrippingSettings" 3378
"../../../Engine/Content/Animation/DefaultVariableFrameStrippingSettings.uasset" 3379
"/ControlRig/Controls/ControlRigXRayMaterial" 3380
"../../Plugins/Animation/ControlRig/Content/Controls/ControlRigXRayMaterial.uasset" 3381
"/ControlRig/Controls/DefaultGizmoLibraryNormalized" 3382
"../../Plugins/Animation/ControlRig/Content/Controls/DefaultGizmoLibraryNormalized.uasset" 3383
"/Paper2D/MaskedUnlitSpriteMaterial" 3384
"../../Plugins/2D/Paper2D/Content/MaskedUnlitSpriteMaterial.uasset" 3385
"../../Plugins/2D/Paper2D/Content/DefaultSpriteMaterial.uasset" 3386
"../../Plugins/2D/Paper2D/Content/PlaceholderTextures/DummySpriteTexture.uasset" 3387
"/Paper2D/OpaqueUnlitSpriteMaterial" 3388
"../../Plugins/2D/Paper2D/Content/OpaqueUnlitSpriteMaterial.uasset" 3389
"/Paper2D/DefaultPaperTerrainMaterial" 3390
"../../Plugins/2D/Paper2D/Content/DefaultPaperTerrainMaterial.uasset" 3391
"../../Plugins/2D/Paper2D/Content/DummySprite.uasset" 3392
"/ControlRig/M_Manip" 3393
"../../Plugins/Animation/ControlRig/Content/M_Manip.uasset" 3394
"../../../Engine/Content/Functions/Engine_MaterialFunctions02/WorldPositionOffset/CameraOffset.uasset" 3395
"/AudioWidgets/Resources/ScrubHandleDown_Clamped" 3396
"../../Plugins/Runtime/AudioWidgets/Content/Resources/ScrubHandleDown_Clamped.uasset" 3397
"/Engine/BasicShapes/Cube" 3398
"../../../Engine/Content/BasicShapes/Cube.uasset" 3399
"/Game/Data/DA_EntityRegistry" 3400
"../../../../../Users/Antonio/Documents/Unreal Projects/MC/Content/Data/DA_EntityRegistry.uasset" 3401
"../../../../../Users/Antonio/Documents/Unreal Projects/MC/Content/Blueprint/BP_DronePawn.uasset" 3402
"../../../../../Users/Antonio/Documents/Unreal Projects/MC/Content/Blueprint/BP_DynamicPawn.uasset" 3403
"../../../../../Users/Antonio/Documents/Unreal Projects/MC/Content/Blueprint/BP_GroundSensorActor.uasset" 3404
"../../../../../Users/Antonio/Documents/Unreal Projects/MC/Content/Blueprint/BP_HarvesterPawn.uasset" 3405
"../../../../../Users/Antonio/Documents/Unreal Projects/MC/Content/Blueprint/BP_TractorPawn.uasset" 3406
"../../../../../Users/Antonio/Documents/Unreal Projects/MC/Content/Blueprint/BP_WeatherStationActor.uasset" 3407
"../../../Engine/Content/EditorBlueprintResources/StandardMacros.uasset" 3408
"../../../../../Users/Antonio/Documents/Unreal Projects/MC/Content/_Project/Models/White_Drone/white_drone/StaticMeshes/white_drone.uasset" 3409
"../../../../../Users/Antonio/Documents/Unreal Projects/MC/Content/_Project/Models/ground_sensor/scene/StaticMeshes/_BRANCO_004-material.uasset" 3410
"../../../../../Users/Antonio/Documents/Unreal Projects/MC/Content/_Project/Models/ground_sensor/scene/StaticMeshes/marron_001-material.uasset" 3411
"../../../../../Users/Antonio/Documents/Unreal Projects/MC/Content/_Project/Models/ground_sensor/scene/StaticMeshes/metal_002-material.uasset" 3412
"../../../../../Users/Antonio/Documents/Unreal Projects/MC/Content/_Project/Models/ground_sensor/scene/StaticMeshes/Object_0.uasset" 3413
"../../../../../Users/Antonio/Documents/Unreal Projects/MC/Content/_Project/Models/harvester/the_harvester/StaticMeshes/CHBUMPR_DAT_comside13_0.uasset" 3414
"../../../../../Users/Antonio/Documents/Unreal Projects/MC/Content/_Project/Models/harvester/the_harvester/StaticMeshes/CHBUMPR_DAT_comside14_0.uasset" 3415
"../../../../../Users/Antonio/Documents/Unreal Projects/MC/Content/_Project/Models/harvester/the_harvester/StaticMeshes/CHBUMPR_DAT_comside4_0.uasset" 3416
"../../../../../Users/Antonio/Documents/Unreal Projects/MC/Content/_Project/Models/harvester/the_harvester/StaticMeshes/CHBUMPR_DAT_comside5_0.uasset" 3417
"../../../../../Users/Antonio/Documents/Unreal Projects/MC/Content/_Project/Models/harvester/the_harvester/StaticMeshes/CHBUMPR_DAT_comsideL_0.uasset" 3418
"../../../../../Users/Antonio/Documents/Unreal Projects/MC/Content/_Project/Models/harvester/the_harvester/StaticMeshes/CHBUMPR_DAT_comsideR_0.uasset" 3419
"../../../../../Users/Antonio/Documents/Unreal Projects/MC/Content/_Project/Models/harvester/the_harvester/StaticMeshes/CHCAB_DAT_comside12_0.uasset" 3420
"../../../../../Users/Antonio/Documents/Unreal Projects/MC/Content/_Project/Models/harvester/the_harvester/StaticMeshes/CHCAB_DAT_comside13_0.uasset" 3421
"../../../../../Users/Antonio/Documents/Unreal Projects/MC/Content/_Project/Models/harvester/the_harvester/StaticMeshes/CHCAB_DAT_comside14_0.uasset" 3422
"../../../../../Users/Antonio/Documents/Unreal Projects/MC/Content/_Project/Models/harvester/the_harvester/StaticMeshes/CHCAB_DAT_comside4b_0.uasset" 3423
"../../../../../Users/Antonio/Documents/Unreal Projects/MC/Content/_Project/Models/harvester/the_harvester/StaticMeshes/CHCAB_DAT_comside5_0.uasset" 3424
"../../../../../Users/Antonio/Documents/Unreal Projects/MC/Content/_Project/Models/harvester/the_harvester/StaticMeshes/CHCAB_DAT_comside5b_0.uasset" 3425
"../../../../../Users/Antonio/Documents/Unreal Projects/MC/Content/_Project/Models/harvester/the_harvester/StaticMeshes/CHCHUTE_DAT_comside13_0.uasset" 3426
"../../../../../Users/Antonio/Documents/Unreal Projects/MC/Content/_Project/Models/harvester/the_harvester/StaticMeshes/CHCHUTE_DAT_comside4b_0.uasset" 3427
"../../../../../Users/Antonio/Documents/Unreal Projects/MC/Content/_Project/Models/harvester/the_harvester/StaticMeshes/CHCHUTE_DAT_comside5b_0.uasset" 3428
"../../../../../Users/Antonio/Documents/Unreal Projects/MC/Content/_Project/Models/harvester/the_harvester/StaticMeshes/CHFORK_DAT_comside13_0.uasset" 3429
"../../../../../Users/Antonio/Documents/Unreal Projects/MC/Content/_Project/Models/harvester/the_harvester/StaticMeshes/CHFORK_DAT_comside14_0.uasset" 3430
"../../../../../Users/Antonio/Documents/Unreal Projects/MC/Content/_Project/Models/harvester/the_harvester/StaticMeshes/CHFORK_DAT_comside15_0.uasset" 3431
"../../../../../Users/Antonio/Documents/Unreal Projects/MC/Content/_Project/Models/harvester/the_harvester/StaticMeshes/CHFORK_DAT_comside5_0.uasset" 3432
"../../../../../Users/Antonio/Documents/Unreal Projects/MC/Content/_Project/Models/harvester/the_harvester/StaticMeshes/CHFORKL_DAT_comside13_0.uasset" 3433
"../../../../../Users/Antonio/Documents/Unreal Projects/MC/Content/_Project/Models/harvester/the_harvester/StaticMeshes/CHFORKL_DAT_comside14_0.uasset" 3434
"../../../../../Users/Antonio/Documents/Unreal Projects/MC/Content/_Project/Models/harvester/the_harvester/StaticMeshes/CHFORKL_DAT_comside5_0.uasset" 3435
"../../../../../Users/Antonio/Documents/Unreal Projects/MC/Content/_Project/Models/harvester/the_harvester/StaticMeshes/CHFORKL_DAT_comside7_0.uasset" 3436
"../../../../../Users/Antonio/Documents/Unreal Projects/MC/Content/_Project/Models/harvester/the_harvester/StaticMeshes/CHFORKL_DAT_comside9_0.uasset" 3437
"../../../../../Users/Antonio/Documents/Unreal Projects/MC/Content/_Project/Models/harvester/the_harvester/StaticMeshes/CHFORKR_DAT_comside13_0.uasset" 3438
"../../../../../Users/Antonio/Documents/Unreal Projects/MC/Content/_Project/Models/harvester/the_harvester/StaticMeshes/CHFORKR_DAT_comside14_0.uasset" 3439
"../../../../../Users/Antonio/Documents/Unreal Projects/MC/Content/_Project/Models/harvester/the_harvester/StaticMeshes/CHFORKR_DAT_comside5_0.uasset" 3440
"../../../../../Users/Antonio/Documents/Unreal Projects/MC/Content/_Project/Models/harvester/the_harvester/StaticMeshes/CHFORKR_DAT_comside7_0.uasset" 3441
"../../../../../Users/Antonio/Documents/Unreal Projects/MC/Content/_Project/Models/harvester/the_harvester/StaticMeshes/CHFORKR_DAT_comside9_0.uasset" 3442
"../../../../../Users/Antonio/Documents/Unreal Projects/MC/Content/_Project/Models/harvester/the_harvester/StaticMeshes/CHHOPPA_DAT_comside12_0.uasset" 3443
"../../../../../Users/Antonio/Documents/Unreal Projects/MC/Content/_Project/Models/harvester/the_harvester/StaticMeshes/CHHOPPA_DAT_comside14_0.uasset" 3444
"../../../../../Users/Antonio/Documents/Unreal Projects/MC/Content/_Project/Models/harvester/the_harvester/StaticMeshes/CHHOPPA_DAT_comside4_0.uasset" 3445
"../../../../../Users/Antonio/Documents/Unreal Projects/MC/Content/_Project/Models/harvester/the_harvester/StaticMeshes/CHMIRHL_DAT_comside8_0.uasset" 3446
"../../../../../Users/Antonio/Documents/Unreal Projects/MC/Content/_Project/Models/harvester/the_harvester/StaticMeshes/CHMIRHR_DAT_comside8_0.uasset" 3447
"../../../../../Users/Antonio/Documents/Unreal Projects/MC/Content/_Project/Models/harvester/the_harvester/StaticMeshes/CHMIRL_DAT_comside11_0.uasset" 3448
"../../../../../Users/Antonio/Documents/Unreal Projects/MC/Content/_Project/Models/harvester/the_harvester/StaticMeshes/CHMIRL_DAT_comside13_0.uasset" 3449
"../../../../../Users/Antonio/Documents/Unreal Projects/MC/Content/_Project/Models/harvester/the_harvester/StaticMeshes/CHMIRL_DAT_comside14_0.uasset" 3450
"../../../../../Users/Antonio/Documents/Unreal Projects/MC/Content/_Project/Models/harvester/the_harvester/StaticMeshes/CHMIRR_DAT_comside11_0.uasset" 3451
"../../../../../Users/Antonio/Documents/Unreal Projects/MC/Content/_Project/Models/harvester/the_harvester/StaticMeshes/CHMIRR_DAT_comside13_0.uasset" 3452
"../../../../../Users/Antonio/Documents/Unreal Projects/MC/Content/_Project/Models/harvester/the_harvester/StaticMeshes/CHMIRR_DAT_comside14_0.uasset" 3453
"../../../../../Users/Antonio/Documents/Unreal Projects/MC/Content/_Project/Models/harvester/the_harvester/StaticMeshes/CHROOF_DAT_comside14_0.uasset" 3454
"../../../../../Users/Antonio/Documents/Unreal Projects/MC/Content/_Project/Models/harvester/the_harvester/StaticMeshes/CHROOF_DAT_comside4b_0.uasset" 3455
"../../../../../Users/Antonio/Documents/Unreal Projects/MC/Content/_Project/Models/harvester/the_harvester/StaticMeshes/CHROOF_DAT_comside5_0.uasset" 3456
"../../../../../Users/Antonio/Documents/Unreal Projects/MC/Content/_Project/Models/harvester/the_harvester/StaticMeshes/CHROOF_DAT_comside5b_0.uasset" 3457
"../../../../../Users/Antonio/Documents/Unreal Projects/MC/Content/_Project/Models/harvester/the_harvester/StaticMeshes/CHROOF_DAT_comside6_0.uasset" 3458
"../../../../../Users/Antonio/Documents/Unreal Projects/MC/Content/_Project/Models/harvester/the_harvester/StaticMeshes/CHSEAT_DAT_comside13_0.uasset" 3459
"../../../../../Users/Antonio/Documents/Unreal Projects/MC/Content/_Project/Models/harvester/the_harvester/StaticMeshes/CHSEAT_DAT_comside14_0.uasset" 3460
"../../../../../Users/Antonio/Documents/Unreal Projects/MC/Content/_Project/Models/harvester/the_harvester/StaticMeshes/CHSTEP_DAT_comside16_0.uasset" 3461
"../../../../../Users/Antonio/Documents/Unreal Projects/MC/Content/_Project/Models/harvester/the_harvester/StaticMeshes/CHSTEP_DAT_comside20_0.uasset" 3462
"../../../../../Users/Antonio/Documents/Unreal Projects/MC/Content/_Project/Models/harvester/the_harvester/StaticMeshes/CHWIN_DAT_comside13_0.uasset" 3463
"../../../../../Users/Antonio/Documents/Unreal Projects/MC/Content/_Project/Models/harvester/the_harvester/StaticMeshes/CHWIN_DAT_comside14_0.uasset" 3464
"../../../../../Users/Antonio/Documents/Unreal Projects/MC/Content/_Project/Models/harvester/the_harvester/StaticMeshes/CHWIN_DAT_comwinr_0.uasset" 3465
"../../../../../Users/Antonio/Documents/Unreal Projects/MC/Content/_Project/Models/harvester/the_harvester/StaticMeshes/CHWIN_DAT_conwind_0.uasset" 3466
"../../../../../Users/Antonio/Documents/Unreal Projects/MC/Content/_Project/Models/harvester/the_harvester/StaticMeshes/CHWIN_DAT_conwinl_0.uasset" 3467
"../../../../../Users/Antonio/Documents/Unreal Projects/MC/Content/_Project/Models/harvester/the_harvester/StaticMeshes/CUTTER_comside10_0.uasset" 3468
"../../../../../Users/Antonio/Documents/Unreal Projects/MC/Content/_Project/Models/harvester/the_harvester/StaticMeshes/CUTTER_comside11_0.uasset" 3469
"../../../../../Users/Antonio/Documents/Unreal Projects/MC/Content/_Project/Models/harvester/the_harvester/StaticMeshes/drvbod25_act_farmbod_0.uasset" 3470
"../../../../../Users/Antonio/Documents/Unreal Projects/MC/Content/_Project/Models/harvester/the_harvester/StaticMeshes/drvbod25_act_farmhead_0.uasset" 3471
"../../../../../Users/Antonio/Documents/Unreal Projects/MC/Content/_Project/Models/harvester/the_harvester/StaticMeshes/FLWHEEL_DAT_comside18_0.uasset" 3472
"../../../../../Users/Antonio/Documents/Unreal Projects/MC/Content/_Project/Models/harvester/the_harvester/StaticMeshes/FRWHEEL_DAT_comside18_0.uasset" 3473
"../../../../../Users/Antonio/Documents/Unreal Projects/MC/Content/_Project/Models/harvester/the_harvester/StaticMeshes/MAIN_comside11_0.uasset" 3474
"../../../../../Users/Antonio/Documents/Unreal Projects/MC/Content/_Project/Models/harvester/the_harvester/StaticMeshes/MAIN_comside12_0.uasset" 3475
"../../../../../Users/Antonio/Documents/Unreal Projects/MC/Content/_Project/Models/harvester/the_harvester/StaticMeshes/MAIN_comside13_0.uasset" 3476
"../../../../../Users/Antonio/Documents/Unreal Projects/MC/Content/_Project/Models/harvester/the_harvester/StaticMeshes/MAIN_comside14_0.uasset" 3477
"../../../../../Users/Antonio/Documents/Unreal Projects/MC/Content/_Project/Models/harvester/the_harvester/StaticMeshes/MAIN_comside15_0.uasset" 3478
"../../../../../Users/Antonio/Documents/Unreal Projects/MC/Content/_Project/Models/harvester/the_harvester/StaticMeshes/MAIN_comside17_0.uasset" 3479
"../../../../../Users/Antonio/Documents/Unreal Projects/MC/Content/_Project/Models/harvester/the_harvester/StaticMeshes/MAIN_comside19_0.uasset" 3480
"../../../../../Users/Antonio/Documents/Unreal Projects/MC/Content/_Project/Models/harvester/the_harvester/StaticMeshes/MAIN_comside21_0.uasset" 3481
"../../../../../Users/Antonio/Documents/Unreal Projects/MC/Content/_Project/Models/harvester/the_harvester/StaticMeshes/MAIN_comside22_0.uasset" 3482
"../../../../../Users/Antonio/Documents/Unreal Projects/MC/Content/_Project/Models/harvester/the_harvester/StaticMeshes/MAIN_comside2_0.uasset" 3483
"../../../../../Users/Antonio/Documents/Unreal Projects/MC/Content/_Project/Models/harvester/the_harvester/StaticMeshes/MAIN_comside3_0.uasset" 3484
"../../../../../Users/Antonio/Documents/Unreal Projects/MC/Content/_Project/Models/harvester/the_harvester/StaticMeshes/MAIN_comside4_0.uasset" 3485
"../../../../../Users/Antonio/Documents/Unreal Projects/MC/Content/_Project/Models/harvester/the_harvester/StaticMeshes/MAIN_comside4b_0.uasset" 3486
"../../../../../Users/Antonio/Documents/Unreal Projects/MC/Content/_Project/Models/harvester/the_harvester/StaticMeshes/MAIN_comside5_0.uasset" 3487
"../../../../../Users/Antonio/Documents/Unreal Projects/MC/Content/_Project/Models/harvester/the_harvester/StaticMeshes/MAIN_comside5b_0.uasset" 3488
"../../../../../Users/Antonio/Documents/Unreal Projects/MC/Content/_Project/Models/harvester/the_harvester/StaticMeshes/MAIN_comside_0.uasset" 3489
"../../../../../Users/Antonio/Documents/Unreal Projects/MC/Content/_Project/Models/harvester/the_harvester/StaticMeshes/RLWHEEL_DAT_comside18_0.uasset" 3490
"../../../../../Users/Antonio/Documents/Unreal Projects/MC/Content/_Project/Models/harvester/the_harvester/StaticMeshes/RRWHEEL_DAT_comside18_0.uasset" 3491
"../../../../../Users/Antonio/Documents/Unreal Projects/MC/Content/_Project/Models/tractor/scene/StaticMeshes/Object_0.uasset" 3492
"../../../../../Users/Antonio/Documents/Unreal Projects/MC/Content/_Project/Models/scene/StaticMeshes/Object_0.uasset" 3493
"../../../../../Users/Antonio/Documents/Unreal Projects/MC/Content/_Project/Models/scene/StaticMeshes/Object_1.uasset" 3494
"../../../../../Users/Antonio/Documents/Unreal Projects/MC/Content/_Project/Models/scene/StaticMeshes/Object_2.uasset" 3495
"../../../../../Users/Antonio/Documents/Unreal Projects/MC/Content/_Project/Models/scene/StaticMeshes/Object_3.uasset" 3496
"../../../../../Users/Antonio/Documents/Unreal Projects/MC/Content/_Project/Models/White_Drone/white_drone/Materials/Scene_-_Root.uasset" 3497
"../../../../../Users/Antonio/Documents/Unreal Projects/MC/Content/_Project/Models/ground_sensor/scene/Materials/BRANCO_004.uasset" 3498
"../../../../../Users/Antonio/Documents/Unreal Projects/MC/Content/_Project/Models/ground_sensor/scene/Materials/marron_001.uasset" 3499
"../../../../../Users/Antonio/Documents/Unreal Projects/MC/Content/_Project/Models/ground_sensor/scene/Materials/metal_002.uasset" 3500
"../../../../../Users/Antonio/Documents/Unreal Projects/MC/Content/_Project/Models/ground_sensor/scene/Materials/material_0.uasset" 3501
"../../../../../Users/Antonio/Documents/Unreal Projects/MC/Content/_Project/Models/harvester/the_harvester/Materials/comside13.uasset" 3502
"../../../../../Users/Antonio/Documents/Unreal Projects/MC/Content/_Project/Models/harvester/the_harvester/Materials/comside14.uasset" 3503
"../../../../../Users/Antonio/Documents/Unreal Projects/MC/Content/_Project/Models/harvester/the_harvester/Materials/comside4.uasset" 3504
"../../../../../Users/Antonio/Documents/Unreal Projects/MC/Content/_Project/Models/harvester/the_harvester/Materials/comside5.uasset" 3505
"../../../../../Users/Antonio/Documents/Unreal Projects/MC/Content/_Project/Models/harvester/the_harvester/Materials/comsideL.uasset" 3506
"../../../../../Users/Antonio/Documents/Unreal Projects/MC/Content/_Project/Models/harvester/the_harvester/Materials/comsideR.uasset" 3507
"../../../../../Users/Antonio/Documents/Unreal Projects/MC/Content/_Project/Models/harvester/the_harvester/Materials/comside12.uasset" 3508
"../../../../../Users/Antonio/Documents/Unreal Projects/MC/Content/_Project/Models/harvester/the_harvester/Materials/comside4b.uasset" 3509
"../../../../../Users/Antonio/Documents/Unreal Projects/MC/Content/_Project/Models/harvester/the_harvester/Materials/comside5b.uasset" 3510
"../../../../../Users/Antonio/Documents/Unreal Projects/MC/Content/_Project/Models/harvester/the_harvester/Materials/comside15.uasset" 3511
"../../../../../Users/Antonio/Documents/Unreal Projects/MC/Content/_Project/Models/harvester/the_harvester/Materials/comside7.uasset" 3512
"../../../../../Users/Antonio/Documents/Unreal Projects/MC/Content/_Project/Models/harvester/the_harvester/Materials/comside9.uasset" 3513
"../../../../../Users/Antonio/Documents/Unreal Projects/MC/Content/_Project/Models/harvester/the_harvester/Materials/comside8.uasset" 3514
"../../../../../Users/Antonio/Documents/Unreal Projects/MC/Content/_Project/Models/harvester/the_harvester/Materials/comside11.uasset" 3515
"../../../../../Users/Antonio/Documents/Unreal Projects/MC/Content/_Project/Models/harvester/the_harvester/Materials/comside6.uasset" 3516
"../../../../../Users/Antonio/Documents/Unreal Projects/MC/Content/_Project/Models/harvester/the_harvester/Materials/comside16.uasset" 3517
"../../../../../Users/Antonio/Documents/Unreal Projects/MC/Content/_Project/Models/harvester/the_harvester/Materials/comside20.uasset" 3518
"../../../../../Users/Antonio/Documents/Unreal Projects/MC/Content/_Project/Models/harvester/the_harvester/Materials/comwinr.uasset" 3519
"../../../../../Users/Antonio/Documents/Unreal Projects/MC/Content/_Project/Models/harvester/the_harvester/Materials/conwind.uasset" 3520
"../../../../../Users/Antonio/Documents/Unreal Projects/MC/Content/_Project/Models/harvester/the_harvester/Materials/conwinl.uasset" 3521
"../../../../../Users/Antonio/Documents/Unreal Projects/MC/Content/_Project/Models/harvester/the_harvester/Materials/comside10.uasset" 3522
"../../../../../Users/Antonio/Documents/Unreal Projects/MC/Content/_Project/Models/harvester/the_harvester/Materials/farmbod.uasset" 3523
"../../../../../Users/Antonio/Documents/Unreal Projects/MC/Content/_Project/Models/harvester/the_harvester/Materials/farmhead.uasset" 3524
"../../../../../Users/Antonio/Documents/Unreal Projects/MC/Content/_Project/Models/harvester/the_harvester/Materials/comside18.uasset" 3525
"../../../../../Users/Antonio/Documents/Unreal Projects/MC/Content/_Project/Models/harvester/the_harvester/Materials/comside17.uasset" 3526
"../../../../../Users/Antonio/Documents/Unreal Projects/MC/Content/_Project/Models/harvester/the_harvester/Materials/comside19.uasset" 3527
"../../../../../Users/Antonio/Documents/Unreal Projects/MC/Content/_Project/Models/harvester/the_harvester/Materials/comside21.uasset" 3528
"../../../../../Users/Antonio/Documents/Unreal Projects/MC/Content/_Project/Models/harvester/the_harvester/Materials/comside22.uasset" 3529
"../../../../../Users/Antonio/Documents/Unreal Projects/MC/Content/_Project/Models/harvester/the_harvester/Materials/comside2.uasset" 3530
"../../../../../Users/Antonio/Documents/Unreal Projects/MC/Content/_Project/Models/harvester/the_harvester/Materials/comside3.uasset" 3531
"../../../../../Users/Antonio/Documents/Unreal Projects/MC/Content/_Project/Models/harvester/the_harvester/Materials/comside.uasset" 3532
"../../../../../Users/Antonio/Documents/Unreal Projects/MC/Content/_Project/Models/tractor/scene/Materials/material.uasset" 3533
"../../../../../Users/Antonio/Documents/Unreal Projects/MC/Content/_Project/Models/scene/Materials/tripo_mat_ff472a1c-a7ef-4b3a-8ba2-6861d0cae638.uasset" 3534
"../../Plugins/Interchange/Assets/Content/gltf/MaterialInstances/MI_Default_Opaque_DS.uasset" 3535
"../../../../../Users/Antonio/Documents/Unreal Projects/MC/Content/_Project/Models/White_Drone/white_drone/Textures/white_drone_texture_0.uasset" 3536
"../../Plugins/Interchange/Assets/Content/gltf/MaterialInstances/MI_Default_Blend_DS.uasset" 3537
"../../../../../Users/Antonio/Documents/Unreal Projects/MC/Content/_Project/Models/harvester/the_harvester/Textures/the_harvester_texture_2.uasset" 3538
"../../../../../Users/Antonio/Documents/Unreal Projects/MC/Content/_Project/Models/harvester/the_harvester/Textures/the_harvester_texture_0.uasset" 3539
"../../../../../Users/Antonio/Documents/Unreal Projects/MC/Content/_Project/Models/harvester/the_harvester/Textures/the_harvester_texture_4.uasset" 3540
"../../../../../Users/Antonio/Documents/Unreal Projects/MC/Content/_Project/Models/harvester/the_harvester/Textures/the_harvester_texture_3.uasset" 3541
"../../../../../Users/Antonio/Documents/Unreal Projects/MC/Content/_Project/Models/harvester/the_harvester/Textures/the_harvester_texture_15.uasset" 3542
"../../../../../Users/Antonio/Documents/Unreal Projects/MC/Content/_Project/Models/harvester/the_harvester/Textures/the_harvester_texture_7.uasset" 3543
"../../../../../Users/Antonio/Documents/Unreal Projects/MC/Content/_Project/Models/harvester/the_harvester/Textures/the_harvester_texture_9.uasset" 3544
"../../../../../Users/Antonio/Documents/Unreal Projects/MC/Content/_Project/Models/harvester/the_harvester/Textures/the_harvester_texture_23.uasset" 3545
"../../../../../Users/Antonio/Documents/Unreal Projects/MC/Content/_Project/Models/harvester/the_harvester/Textures/the_harvester_texture_22.uasset" 3546
"../../../../../Users/Antonio/Documents/Unreal Projects/MC/Content/_Project/Models/harvester/the_harvester/Textures/the_harvester_texture_17.uasset" 3547
"../../../../../Users/Antonio/Documents/Unreal Projects/MC/Content/_Project/Models/harvester/the_harvester/Textures/the_harvester_texture_10.uasset" 3548
"../../../../../Users/Antonio/Documents/Unreal Projects/MC/Content/_Project/Models/harvester/the_harvester/Textures/the_harvester_texture_18.uasset" 3549
"../../../../../Users/Antonio/Documents/Unreal Projects/MC/Content/_Project/Models/harvester/the_harvester/Textures/the_harvester_texture_21.uasset" 3550
"../../../../../Users/Antonio/Documents/Unreal Projects/MC/Content/_Project/Models/harvester/the_harvester/Textures/the_harvester_texture_20.uasset" 3551
"../../../../../Users/Antonio/Documents/Unreal Projects/MC/Content/_Project/Models/harvester/the_harvester/Textures/the_harvester_texture_16.uasset" 3552
"../../../../../Users/Antonio/Documents/Unreal Projects/MC/Content/_Project/Models/harvester/the_harvester/Textures/the_harvester_texture_19.uasset" 3553
"../../../../../Users/Antonio/Documents/Unreal Projects/MC/Content/_Project/Models/harvester/the_harvester/Textures/the_harvester_texture_24.uasset" 3554
"../../../../../Users/Antonio/Documents/Unreal Projects/MC/Content/_Project/Models/harvester/the_harvester/Textures/the_harvester_texture_25.uasset" 3555
"../../../../../Users/Antonio/Documents/Unreal Projects/MC/Content/_Project/Models/harvester/the_harvester/Textures/the_harvester_texture_14.uasset" 3556
"../../../../../Users/Antonio/Documents/Unreal Projects/MC/Content/_Project/Models/harvester/the_harvester/Textures/the_harvester_texture_13.uasset" 3557
"../../../../../Users/Antonio/Documents/Unreal Projects/MC/Content/_Project/Models/harvester/the_harvester/Textures/the_harvester_texture_12.uasset" 3558
"../../../../../Users/Antonio/Documents/Unreal Projects/MC/Content/_Project/Models/harvester/the_harvester/Textures/the_harvester_texture_11.uasset" 3559
"../../../../../Users/Antonio/Documents/Unreal Projects/MC/Content/_Project/Models/harvester/the_harvester/Textures/the_harvester_texture_8.uasset" 3560
"../../../../../Users/Antonio/Documents/Unreal Projects/MC/Content/_Project/Models/harvester/the_harvester/Textures/the_harvester_texture_5.uasset" 3561
"../../../../../Users/Antonio/Documents/Unreal Projects/MC/Content/_Project/Models/harvester/the_harvester/Textures/the_harvester_texture_1.uasset" 3562
"../../../../../Users/Antonio/Documents/Unreal Projects/MC/Content/_Project/Models/harvester/the_harvester/Textures/the_harvester_texture_6.uasset" 3563
"../../../../../Users/Antonio/Documents/Unreal Projects/MC/Content/_Project/Models/tractor/scene/Textures/material_baseColor.uasset" 3564
"../../../../../Users/Antonio/Documents/Unreal Projects/MC/Content/_Project/Models/scene/Textures/tripo_mat_ff472a1c-a7ef-4b3a-8ba2-6861d0cae638_baseColor.uasset" 3565
"../../../../../Users/Antonio/Documents/Unreal Projects/MC/Content/_Project/Models/scene/Textures/tripo_mat_ff472a1c-a7ef-4b3a-8ba2-6861d0cae638_metallicRoughness.uasset" 3566
"../../../../../Users/Antonio/Documents/Unreal Projects/MC/Content/_Project/Models/scene/Textures/tripo_mat_ff472a1c-a7ef-4b3a-8ba2-6861d0cae638_normal.uasset" 3567
"../../Plugins/Interchange/Assets/Content/gltf/M_Default.uasset" 3568
"../../Plugins/Interchange/Assets/Content/Functions/MF_IridescenceNoLUT.uasset" 3569
"../../Plugins/Interchange/Assets/Content/gltf/MaterialBodies/MF_Default_Body.uasset" 3570
"../../Plugins/Interchange/Assets/Content/gltf/MaterialFunctions/MF_BaseColor.uasset" 3571
"../../Plugins/Interchange/Assets/Content/gltf/MaterialFunctions/MF_Emissive.uasset" 3572
"../../Plugins/Interchange/Assets/Content/gltf/MaterialFunctions/MF_IOR.uasset" 3573
"../../Plugins/Interchange/Assets/Content/gltf/MaterialFunctions/MF_Iridescence.uasset" 3574
"../../Plugins/Interchange/Assets/Content/gltf/MaterialFunctions/MF_MetallicRoughness.uasset" 3575
"../../Plugins/Interchange/Assets/Content/gltf/MaterialFunctions/MF_Normals.uasset" 3576
"../../Plugins/Interchange/Assets/Content/gltf/MaterialFunctions/MF_Occlusion.uasset" 3577
"../../Plugins/Interchange/Assets/Content/gltf/MaterialFunctions/MF_RotateNormals_TS.uasset" 3578
"../../Plugins/Interchange/Assets/Content/gltf/MaterialFunctions/MF_RotateV2.uasset" 3579
"../../Plugins/Interchange/Assets/Content/gltf/MaterialFunctions/MF_ScaleNormal.uasset" 3580
"../../Plugins/Interchange/Assets/Content/gltf/MaterialFunctions/MF_Specular.uasset" 3581
"../../Plugins/Interchange/Assets/Content/gltf/MaterialFunctions/MF_SpecularAnisotropy.uasset" 3582
"../../Plugins/Interchange/Assets/Content/gltf/MaterialFunctions/MF_TransformUVs.uasset" 3583
"../../Plugins/Interchange/Assets/Content/gltf/Textures/T_Anisotropy_Direction_Linear.uasset" 3584
"../../Plugins/Interchange/Assets/Content/gltf/Textures/T_Generic_N.uasset" 3585
"../../Plugins/Interchange/Assets/Content/gltf/Textures/T_White_Linear.uasset" 3586
"../../Plugins/Interchange/Assets/Content/gltf/Textures/T_White_srgb.uasset" 3587
"../../../Engine/Config/BaseUnrealInsightsSettings.ini" 3588
"/SpeedTreeImporter/SpeedTree9/SpeedTreeMaster" 3589
"../../Plugins/Editor/SpeedTreeImporter/Content/SpeedTree9/SpeedTreeMaster.uasset" 3590
"../../../Engine/Content/Functions/Engine_MaterialFunctions02/ObjectLocalBounds.uasset" 3591
"../../../Engine/Content/Functions/Engine_MaterialFunctions02/SafeNormalize.uasset" 3592
"../../../Engine/Content/Functions/Engine_MaterialFunctions02/Utility/VectorLength.uasset" 3593
"../../../Engine/Content/Functions/Engine_MaterialFunctions02/UVs/BoundingBoxBased_0-1_UVW.uasset" 3594
"../../../Engine/Content/Functions/Engine_MaterialFunctions02/WorldPositionOffset/ObjectScale.uasset" 3595
"../../Plugins/Editor/SpeedTreeImporter/Content/SpeedTree9/SpeedTreeBranchMotion.uasset" 3596
"../../Plugins/Editor/SpeedTreeImporter/Content/SpeedTree9/SpeedTreeCameraFacing.uasset" 3597
"../../Plugins/Editor/SpeedTreeImporter/Content/SpeedTree9/SpeedTreeWind.uasset" 3598
"../../Plugins/Editor/SpeedTreeImporter/Content/SpeedTree9/SpeedTreeWindMotion.uasset" 3599
"../../Plugins/Editor/SpeedTreeImporter/Content/SpeedTree9/UnpackDirection.uasset" 3600
"../../Plugins/Editor/SpeedTreeImporter/Content/SpeedTree9/UnpackInteger3.uasset" 3601
"../../Plugins/Editor/SpeedTreeImporter/Content/SpeedTree9/Empty.uasset" 3602
"../../Plugins/Editor/SpeedTreeImporter/Content/SpeedTree9/EmptyNormal.uasset" 3603
"../../Plugins/Editor/SpeedTreeImporter/Content/SpeedTree9/game_wind_noise.uasset" 3604
"/SpeedTreeImporter/SpeedTree9/SpeedTreeBillboardMaster" 3605
"../../Plugins/Editor/SpeedTreeImporter/Content/SpeedTree9/SpeedTreeBillboardMaster.uasset" 3606
"../../Plugins/Editor/SpeedTreeImporter/Content/SpeedTree9/SpeedTreeBillboard.uasset" 3607
"../../../Engine/Intermediate/ProjectFiles/PrimaryProjectPath.txt" 3608
"/MediaPlate/SM_MediaPlateScreen" 3609
"../../Plugins/Media/MediaPlate/Content/SM_MediaPlateScreen.uasset" 3610
"/Engine/BasicShapes/BasicShapeMaterial" 3611
"../../../Engine/Content/BasicShapes/BasicShapeMaterial.uasset" 3612
"/Engine/EditorMaterials/Dataflow/DataflowVertexMaterial" 3613
"../../../Engine/Content/EditorMaterials/Dataflow/DataflowVertexMaterial.uasset" 3614
"/Engine/EditorMaterials/Dataflow/DataflowTwoSidedVertexMaterial" 3615
"../../../Engine/Content/EditorMaterials/Dataflow/DataflowTwoSidedVertexMaterial.uasset" 3616
"/MeshModelingToolsetExp/Materials/PointSetOverlaidComponentMaterial" 3617
"../../Plugins/Experimental/MeshModelingToolsetExp/Content/Materials/PointSetOverlaidComponentMaterial.uasset" 3618
"../../../Engine/Content/Functions/Engine_MaterialFunctions02/Utility/FOV.uasset" 3619
"../../../Engine/Content/Functions/Engine_MaterialFunctions02/WorldPositionOffset/V2/ObjectScale.uasset" 3620
"../../../Engine/Content/Functions/Engine_MaterialFunctions03/Viewport/MF_OrthoWidth.uasset" 3621
"../../Plugins/Experimental/MeshModelingToolsetExp/Content/Materials/GetDisplacementVectorForDepthBias.uasset" 3622
"/Engine/EditorLandscapeResources/LayerVisMaterial" 3623
"../../../Engine/Content/EditorLandscapeResources/LayerVisMaterial.uasset" 3624
"../../../Engine/Content/EditorLandscapeResources/WhiteSquareTexture.uasset" 3625
"/Engine/EditorLandscapeResources/SelectBrushMaterial_Selected" 3626
"../../../Engine/Content/EditorLandscapeResources/SelectBrushMaterial_Selected.uasset" 3627
"../../../Engine/Content/EditorLandscapeResources/SelectBrushMaterial.uasset" 3628
"../../../Engine/Content/Functions/Engine_MaterialFunctions03/Math/WithinRangeFloat2.uasset" 3629
"../../../Engine/Content/EditorLandscapeResources/DefaultAlphaTexture.uasset" 3630
"/Engine/EditorLandscapeResources/SelectBrushMaterial_SelectedRegion" 3631
"../../../Engine/Content/EditorLandscapeResources/SelectBrushMaterial_SelectedRegion.uasset" 3632
"/Engine/EditorLandscapeResources/MaskBrushMaterial_MaskedRegion" 3633
"../../../Engine/Content/EditorLandscapeResources/MaskBrushMaterial_MaskedRegion.uasset" 3634
"../../../Engine/Content/EditorLandscapeResources/MaskBrushMaterial.uasset" 3635
"/Engine/EditorLandscapeResources/ColorMaskBrushMaterial_MaskedRegion" 3636
"../../../Engine/Content/EditorLandscapeResources/ColorMaskBrushMaterial_MaskedRegion.uasset" 3637
"../../../Engine/Content/EditorLandscapeResources/ColorMaskBrushMaterial.uasset" 3638
"/Engine/EditorLandscapeResources/LandscapeDirtyMaterial" 3639
"../../../Engine/Content/EditorLandscapeResources/LandscapeDirtyMaterial.uasset" 3640
"/Engine/EditorLandscapeResources/LandscapeLayerUsageMaterial" 3641
"../../../Engine/Content/EditorLandscapeResources/LandscapeLayerUsageMaterial.uasset" 3642
"../../../Engine/Content/Functions/Engine_MaterialFunctions01/Debug/DebugIntValues.uasset" 3643
"../../../Engine/Content/Functions/Engine_MaterialFunctions01/Texturing/ScaleUVsByCenter.uasset" 3644
"../../../Engine/Content/Functions/Engine_MaterialFunctions02/WorldPositionOffset/LocalPosition.uasset" 3645
"../../../Engine/Content/Functions/Engine_MaterialFunctions01/Texturing/TextureCropping.uasset" 3646
"../../../Engine/Content/Functions/Engine_MaterialFunctions02/ExampleContent/DebugNumberStrip.uasset" 3647
"C:/Users/Antonio/AppData/Local/UnrealEngine/Editor/UInteractiveToolsPresetCollectionAsset_DefaultCollection.json" 3648
"/Engine/EngineMaterials/NaniteHiddenSectionMaterial" 3649
"../../../Engine/Content/EngineMaterials/NaniteHiddenSectionMaterial.uasset" 3650
"/Engine/EngineMaterials/RemoveSurfaceMaterial" 3651
"../../../Engine/Content/EngineMaterials/RemoveSurfaceMaterial.uasset" 3652
"/Engine/EngineDebugMaterials/DebugMeshMaterial" 3653
"../../../Engine/Content/EngineDebugMaterials/DebugMeshMaterial.uasset" 3654
"/Engine/EngineMaterials/EmissiveMeshMaterial" 3655
"../../../Engine/Content/EngineMaterials/EmissiveMeshMaterial.uasset" 3656
"../../../Engine/Content/EngineMaterials/DefaultWhiteGrid_Low.uasset" 3657
"/Engine/EngineMaterials/M_InvalidLightmapSettings" 3658
"../../../Engine/Content/EngineMaterials/M_InvalidLightmapSettings.uasset" 3659
"../../../Engine/Content/EngineMaterials/InvalidLightmapSettings.uasset" 3660
"/Engine/EngineMaterials/GizmoMaterial" 3661
"../../../Engine/Content/EngineMaterials/GizmoMaterial.uasset" 3662
"/Engine/EngineMaterials/PhAT_JointLimitMaterial" 3663
"../../../Engine/Content/EngineMaterials/PhAT_JointLimitMaterial.uasset" 3664
"/Engine/EngineMaterials/FlattenMaterial" 3665
"../../../Engine/Content/EngineMaterials/FlattenMaterial.uasset" 3666
"../../../Engine/Content/EngineMaterials/BaseFlattenDiffuseMap.uasset" 3667
"../../../Engine/Content/EngineMaterials/BaseFlattenEmissiveMap.uasset" 3668
"../../../Engine/Content/EngineMaterials/BaseFlattenGrayscaleMap.uasset" 3669
"../../../Engine/Content/EngineMaterials/BaseFlattenLinearColor.uasset" 3670
"../../../Engine/Content/EngineMaterials/BaseFlattenNormalMap.uasset" 3671
"../../../Engine/Content/Functions/Engine_MaterialFunctions02/PivotPainter2/Black_1x1_EXR_Texture.uasset" 3672
"/Engine/EngineMaterials/FlattenMaterial_VT" 3673
"../../../Engine/Content/EngineMaterials/FlattenMaterial_VT.uasset" 3674
"../../../Engine/Content/EngineMaterials/BaseFlattenDiffuseMap_VT.uasset" 3675
"../../../Engine/Content/EngineMaterials/BaseFlattenEmissiveMap_VT.uasset" 3676
"../../../Engine/Content/EngineMaterials/BaseFlattenGrayscaleMap_VT.uasset" 3677
"../../../Engine/Content/EngineMaterials/BaseFlattenLinearColor_VT.uasset" 3678
"../../../Engine/Content/EngineMaterials/BaseFlattenNormalMap_VT.uasset" 3679
"../../../Engine/Content/EngineMaterials/Black_1x1_EXR_Texture_VT.uasset" 3680
"/Engine/EngineMaterials/FlattenMaterial_WS_Normal_VT" 3681
"../../../Engine/Content/EngineMaterials/FlattenMaterial_WS_Normal_VT.uasset" 3682
"/Engine/EngineMaterials/Good64x64TilingNoiseHighFreq" 3683
"../../../Engine/Content/EngineMaterials/Good64x64TilingNoiseHighFreq.uasset" 3684
"/Engine/EngineMaterials/DefaultBokeh" 3685
"../../../Engine/Content/EngineMaterials/DefaultBokeh.uasset" 3686
"/Engine/EngineMaterials/MiniFont" 3687
"../../../Engine/Content/EngineMaterials/MiniFont.uasset" 3688
"/Engine/EngineMaterials/WeightMapPlaceholderTexture" 3689
"../../../Engine/Content/EngineMaterials/WeightMapPlaceholderTexture.uasset" 3690
"/Engine/EngineMaterials/WeightMapArrayPlaceholderTexture" 3691
"../../../Engine/Content/EngineMaterials/WeightMapArrayPlaceholderTexture.uasset" 3692
"/Engine/EngineMaterials/DefaultWhiteGrid" 3693
"../../../Engine/Content/EngineMaterials/DefaultWhiteGrid.uasset" 3694
"/Engine/EngineMaterials/PreintegratedSkinBRDF" 3695
"../../../Engine/Content/EngineMaterials/PreintegratedSkinBRDF.uasset" 3696
"/Engine/EngineMaterials/LTC/GGX_LTCAmp" 3697
"../../../Engine/Content/EngineMaterials/LTC/GGX_LTCAmp.uasset" 3698
"/Engine/EngineMaterials/LTC/GGX_LTCMat" 3699
"../../../Engine/Content/EngineMaterials/LTC/GGX_LTCMat.uasset" 3700
"/Engine/EngineMaterials/LTC/Sheen_LTC" 3701
"../../../Engine/Content/EngineMaterials/LTC/Sheen_LTC.uasset" 3702
"/Engine/EngineMaterials/EnergyConservation/GGX_ReflectionEnergy" 3703
"../../../Engine/Content/EngineMaterials/EnergyConservation/GGX_ReflectionEnergy.uasset" 3704
"/Engine/EngineMaterials/EnergyConservation/GGX_TransmissionEnergyArray" 3705
"../../../Engine/Content/EngineMaterials/EnergyConservation/GGX_TransmissionEnergyArray.uasset" 3706
"/Engine/EngineMaterials/EnergyConservation/Sheen_Energy" 3707
"../../../Engine/Content/EngineMaterials/EnergyConservation/Sheen_Energy.uasset" 3708
"/Engine/EngineMaterials/EnergyConservation/Diffuse_Energy" 3709
"../../../Engine/Content/EngineMaterials/EnergyConservation/Diffuse_Energy.uasset" 3710
"/Engine/EngineMaterials/DefaultPhysicalMaterial" 3711
"../../../Engine/Content/EngineMaterials/DefaultPhysicalMaterial.uasset" 3712
"/Engine/EngineMaterials/DefaultDestructiblePhysicalMaterial" 3713
"../../../Engine/Content/EngineMaterials/DefaultDestructiblePhysicalMaterial.uasset" 3714
"/Niagara/ParameterDefinitions/CoreParameters" 3715
"../../Plugins/FX/Niagara/Content/ParameterDefinitions/CoreParameters.uasset" 3716
"/Niagara/ParameterDefinitions/DecalRenderer" 3717
"../../Plugins/FX/Niagara/Content/ParameterDefinitions/DecalRenderer.uasset" 3718
"/Niagara/ParameterDefinitions/LightRenderer" 3719
"../../Plugins/FX/Niagara/Content/ParameterDefinitions/LightRenderer.uasset" 3720
"/Niagara/ParameterDefinitions/MeshRenderer" 3721
"../../Plugins/FX/Niagara/Content/ParameterDefinitions/MeshRenderer.uasset" 3722
"/Niagara/ParameterDefinitions/RibbonRenderer" 3723
"../../Plugins/FX/Niagara/Content/ParameterDefinitions/RibbonRenderer.uasset" 3724
"/Niagara/ParameterDefinitions/SpriteRenderer" 3725
"../../Plugins/FX/Niagara/Content/ParameterDefinitions/SpriteRenderer.uasset" 3726
"/DeformerGraph/Deformers/DG_LinearBlendSkin_Morph_Cloth" 3727
"../../Plugins/Animation/DeformerGraph/Content/Deformers/DG_LinearBlendSkin_Morph_Cloth.uasset" 3728
"../../Plugins/Animation/DeformerGraph/Content/DeformerFunctions/DG_Function_LinearBlendSkin_Morph_Cloth.uasset" 3729
"/DeformerGraph/Deformers/DG_LinearBlendSkin_Morph_Cloth_RecomputeNormals" 3730
"../../Plugins/Animation/DeformerGraph/Content/Deformers/DG_LinearBlendSkin_Morph_Cloth_RecomputeNormals.uasset" 3731
"../../Plugins/Animation/DeformerGraph/Content/DeformerFunctions/DG_Function_ComputeNormalsTangents.uasset" 3732
"../../Plugins/Animation/DeformerGraph/Content/DeformerFunctions/DG_Function_LinearBlendSkin_Morph_Cloth_PositionOnly.uasset" 3733
"/Engine/BasicShapes/Sphere" 3734
"../../../Engine/Content/BasicShapes/Sphere.uasset" 3735
"../../../Engine/Content/EngineMaterials/DefaultMaterial.uasset" 3736
"/Engine/BasicShapes/Cylinder" 3737
"../../../Engine/Content/BasicShapes/Cylinder.uasset" 3738
"/Engine/BasicShapes/Cone" 3739
"../../../Engine/Content/BasicShapes/Cone.uasset" 3740
"/Engine/BasicShapes/Plane" 3741
"../../../Engine/Content/BasicShapes/Plane.uasset" 3742
"../../../Engine/Documentation/Source/Shared/Types/ABrush/ABrush.INT.udn" 3743
"../../../Engine/Content/Internationalization/icudt64l/brkitr/it.res" 3744
"../../../Engine/Content/Internationalization/icudt64l/brkitr/root.res" 3745
"../../../Engine/Content/Internationalization/icudt64l/brkitr/char.brk" 3746
"../../../Engine/Content/Internationalization/icudt64l/brkitr/word.brk" 3747
"/Engine/EditorResources/SequenceRecorder/Countdown" 3748
"../../../Engine/Content/EditorResources/SequenceRecorder/Countdown.uasset" 3749
"/Engine/EditorResources/SequenceRecorder/RecordingIndicator" 3750
"../../../Engine/Content/EditorResources/SequenceRecorder/RecordingIndicator.uasset" 3751
"/Engine/EditorMaterials/PhAT_UnselectedMaterial" 3752
"../../../Engine/Content/EditorMaterials/PhAT_UnselectedMaterial.uasset" 3753
"/Engine/EditorMaterials/PhAT_NoCollisionMaterial" 3754
"../../../Engine/Content/EditorMaterials/PhAT_NoCollisionMaterial.uasset" 3755
"/Engine/EditorResources/S_Terrain" 3756
"../../../Engine/Content/EditorResources/S_Terrain.uasset" 3757
"../../../Engine/Plugins/FX/Niagara/Shaders/Private/NiagaraDataInterfaceTexture2DArrayTemplate.ush" 3758
"../../../Engine/Plugins/FX/Niagara/Shaders/Private/NiagaraDataInterfaceActorComponentTemplate.ush" 3759
"../../../Engine/Plugins/FX/Niagara/Shaders/Private/NiagaraDataInterfaceArrayTemplate.ush" 3760
"../../../Engine/Plugins/FX/Niagara/Shaders/Private/NiagaraDataInterfaceArrayRWTemplate.ush" 3761
"../../../Engine/Plugins/FX/Niagara/Shaders/Private/NiagaraDataInterfaceArrayDistributionIntTemplate.ush" 3762
"../../../Engine/Plugins/FX/Niagara/Shaders/Private/NiagaraDataInterfaceAsyncGpuTrace.ush" 3763
"../../../Engine/Plugins/FX/Niagara/Shaders/Private/NiagaraDataInterfaceAsyncGpuTraceTemplate.ush" 3764
"../../../Engine/Plugins/FX/Niagara/Shaders/Private/NiagaraDataInterfaceCamera.ush" 3765
"../../../Engine/Plugins/Experimental/ChaosNiagara/Shaders/NiagaraDataInterfaceChaosDestruction.ush" 3766
"../../../Engine/Plugins/FX/Niagara/Shaders/Private/NiagaraDataInterfaceCollisionQuery.ush" 3767
"C:/Users/Antonio/Documents/Unreal Projects/MC/Intermediate/ShaderAutogen/PCD3D_SM5/AutogenShaderHeaders.ush" 3768
"../../../Engine/Plugins/FX/Niagara/Shaders/Private/NiagaraDataInterfaceCollisionQueryTemplate.ush" 3769
"../../../Engine/Plugins/FX/Niagara/Shaders/Private/NiagaraDataInterfaceCurveTemplate.ush" 3770
"../../../Engine/Plugins/FX/Niagara/Shaders/Private/NiagaraDataInterfaceCubeTextureTemplate.ush" 3771
"../../../Engine/Plugins/FX/Niagara/Shaders/Private/DataChannel/NiagaraDataInterfaceDataChannelCommon.ush" 3772
"../../../Engine/Plugins/FX/Niagara/Shaders/Private/DataChannel/NiagaraDataInterfaceDataChannelTemplateCommon.ush" 3773
"../../../Engine/Plugins/FX/Niagara/Shaders/Private/DataChannel/NiagaraDataInterfaceDataChannelTemplateReadCommon.ush" 3774
"../../../Engine/Plugins/FX/Niagara/Shaders/Private/DataChannel/NiagaraDataInterfaceDataChannelTemplate_Read.ush" 3775
"../../../Engine/Plugins/FX/Niagara/Shaders/Private/DataChannel/NiagaraDataInterfaceDataChannelTemplate_Consume.ush" 3776
"../../../Engine/Plugins/FX/Niagara/Shaders/Private/DataChannel/NiagaraDataInterfaceDataChannelTemplateWriteCommon.ush" 3777
"../../../Engine/Plugins/FX/Niagara/Shaders/Private/DataChannel/NiagaraDataInterfaceDataChannelTemplate_Append.ush" 3778
"../../../Engine/Plugins/FX/Niagara/Shaders/Private/NiagaraDataInterfaceDataTableTemplate.ush" 3779
"../../../Engine/Plugins/FX/Niagara/Shaders/Private/NiagaraDataInterfaceDebugDraw.ush" 3780
"../../../Engine/Plugins/FX/Niagara/Shaders/Private/NiagaraDataInterfaceDebugDrawTemplate.ush" 3781
"../../../Engine/Plugins/FX/Niagara/Shaders/Private/NiagaraDataInterfaceDynamicMeshTemplate.ush" 3782
"../../../Engine/Plugins/FX/Niagara/Shaders/Private/NiagaraDataInterfaceEmitterPropertiesTemplate.ush" 3783
"../../../Engine/Plugins/FX/Niagara/Shaders/Private/NiagaraDataInterfaceExportTemplate.ush" 3784
"../../../Engine/Plugins/FX/Niagara/Shaders/Private/NiagaraDataInterfaceGBufferTemplate.ush" 3785
"../../../Engine/Plugins/Experimental/ChaosNiagara/Shaders/NiagaraDataInterfaceGeometryCollection.ush" 3786
"../../../Engine/Plugins/FX/Niagara/Shaders/Private/NiagaraTransformUtils.ush" 3787
"../../../Engine/Plugins/Runtime/HairStrands/Shaders/Private/NiagaraStrandsExternalForce.ush" 3788
"../../../Engine/Plugins/Runtime/HairStrands/Shaders/Private/NiagaraHookeSpringMaterial.ush" 3789
"../../../Engine/Plugins/Runtime/HairStrands/Shaders/Private/NiagaraAngularSpringMaterial.ush" 3790
"../../../Engine/Plugins/Runtime/HairStrands/Shaders/Private/NiagaraConstantVolumeMaterial.ush" 3791
"../../../Engine/Plugins/Runtime/HairStrands/Shaders/Private/NiagaraCosseratRodMaterial.ush" 3792
"../../../Engine/Plugins/Runtime/HairStrands/Shaders/Private/NiagaraStaticCollisionConstraint.ush" 3793
"../../../Engine/Plugins/Runtime/HairStrands/Shaders/Private/NiagaraDataInterfaceHairStrands.ush" 3794
"../../../Engine/Plugins/Runtime/HairStrands/Shaders/Private/NiagaraDataInterfaceHairStrandsTemplate.ush" 3795
"../../../Engine/Plugins/FX/Niagara/Shaders/Private/NiagaraDataInterfaceIntRenderTarget2D.ush" 3796
"../../../Engine/Plugins/FX/Niagara/Shaders/Private/NiagaraDataInterfaceLandscape.ush" 3797
"../../../Engine/Plugins/FX/Niagara/Shaders/Private/NiagaraDataInterfaceMemoryBufferTemplate.ush" 3798
"../../../Engine/Plugins/FX/Niagara/Shaders/Private/NiagaraDataInterfaceMeshRendererInfoTemplate.ush" 3799
"../../../Engine/Plugins/FX/Niagara/Shaders/Private/NiagaraDataInterfaceOcclusion.ush" 3800
"../../../Engine/Plugins/FX/Niagara/Shaders/Private/NiagaraDataInterfacePhysicsAsset.ush" 3801
"../../../Engine/Plugins/Experimental/ChaosNiagara/Shaders/NiagaraDataInterfacePhysicsField.ush" 3802
"../../../Engine/Plugins/FX/Niagara/Shaders/Private/NiagaraDataInterfacePlatformSetTemplate.ush" 3803
"../../../Engine/Plugins/Runtime/HairStrands/Shaders/Private/NiagaraDataInterfaceVelocityGrid.ush" 3804
"../../../Engine/Plugins/Runtime/HairStrands/Shaders/Private/NiagaraDataInterfaceVelocityGridTemplate.ush" 3805
"../../../Engine/Plugins/Runtime/HairStrands/Shaders/Private/NiagaraDataInterfacePressureGrid.ush" 3806
"../../../Engine/Plugins/Runtime/HairStrands/Shaders/Private/NiagaraDataInterfacePressureGridTemplate.ush" 3807
"../../../Engine/Plugins/FX/Niagara/Shaders/Private/NiagaraDataInterfaceRenderTarget2DTemplate.ush" 3808
"../../../Engine/Plugins/FX/Niagara/Shaders/Private/NiagaraDataInterfaceRenderTarget2DArrayTemplate.ush" 3809
"../../../Engine/Plugins/FX/Niagara/Shaders/Private/NiagaraDataInterfaceRenderTargetCubeTemplate.ush" 3810
"../../../Engine/Plugins/FX/Niagara/Shaders/Private/NiagaraDataInterfaceRenderTargetVolumeTemplate.ush" 3811
"../../../Engine/Plugins/FX/Niagara/Shaders/Private/NiagaraDataInterfaceRigidMeshCollisionQuery.ush" 3812
"../../../Engine/Plugins/FX/Niagara/Shaders/Private/NiagaraDistanceFieldQueries.ush" 3813
"../../../Engine/Plugins/FX/Niagara/Shaders/Private/NiagaraDataInterfaceSceneCapture2DTemplate.ush" 3814
"../../../Engine/Plugins/FX/Niagara/Shaders/Private/NiagaraDataInterfaceSimCacheReaderTemplate.ush" 3815
"../../../Engine/Plugins/FX/Niagara/Shaders/Private/NiagaraDataInterfaceSimpleCounterTemplate.ush" 3816
"../../../Engine/Plugins/FX/Niagara/Shaders/Private/NiagaraDataInterfaceSkeletalMesh.ush" 3817
"../../../Engine/Plugins/FX/Niagara/Shaders/Private/NiagaraBaryCentricUtils.ush" 3818
"../../../Engine/Plugins/FX/Niagara/Shaders/Private/NiagaraDataInterfaceSkeletalMeshTemplate.ush" 3819
"../../../Engine/Plugins/FX/Niagara/Shaders/Private/NiagaraDataInterfaceSocketReaderTemplate.ush" 3820
"../../../Engine/Plugins/FX/Niagara/Shaders/Private/NiagaraDataInterfaceSparseVolumeTextureTemplate.ush" 3821
"../../../Engine/Plugins/FX/Niagara/Shaders/Private/NiagaraDataInterfaceSplineTemplate.ush" 3822
"../../../Engine/Plugins/FX/Niagara/Shaders/Private/NiagaraDataInterfaceSpriteRendererInfoTemplate.ush" 3823
"../../../Engine/Plugins/FX/Niagara/Shaders/Private/NiagaraDataInterfaceStaticMeshTemplate.ush" 3824
"../../../Engine/Plugins/FX/Niagara/Shaders/Private/NiagaraDataInterfaceTextureTemplate.ush" 3825
"../../../Engine/Plugins/FX/Niagara/Shaders/Private/NiagaraDataInterfaceVirtualTexture.ush" 3826
"../../../Engine/Plugins/FX/Niagara/Shaders/Private/NiagaraDataInterfaceVirtualTextureTemplate.ush" 3827
"../../../Engine/Plugins/FX/Niagara/Shaders/Private/NiagaraDataInterfaceVirtualTextureSampleTemplate.ush" 3828
"../../../Engine/Plugins/FX/Niagara/Shaders/Private/NiagaraDataInterfaceVolumeCache.ush" 3829
"../../../Engine/Plugins/FX/Niagara/Shaders/Private/NiagaraDataInterfaceVolumeTextureTemplate.ush" 3830
"../../../Engine/Content/EngineSounds/Submixes/MasterReverbEffectPreset.uasset" 3831
"../../../Engine/Content/EngineSounds/Submixes/MasterEQEffectPreset.uasset" 3832
"../../../Engine/Content/EngineSounds/Submixes/MasterEQSubmixDefault.uasset" 3833
"../../../Engine/Content/EngineSounds/Submixes/MasterSubmixDefault.uasset" 3834
"../../../Engine/Content/EngineSounds/Submixes/MasterReverbSubmixDefault.uasset" 3835
"/Engine/EngineSounds/Submixes/MasterReverbEffectPreset" 3836
"/Engine/EngineSounds/Submixes/MasterEQEffectPreset" 3837
"/Engine/EngineSounds/Submixes/MasterEQSubmixDefault" 3838
"../../../Engine/Plugins/Interchange/Assets/Shaders/ThinFilmFunctions.usf" 3839
"../../../Engine/Plugins/Interchange/Assets/Content/gltf/MaterialFunctions/MF_Clearcoat.uasset" 3840
"../../../Engine/Plugins/Interchange/Assets/Content/gltf/MaterialBodies/MF_ClearCoat_Body.uasset" 3841
"../../../Engine/Plugins/Interchange/Assets/Content/Utilities/New_LUT.uasset" 3842
"../../../Engine/Plugins/Interchange/Assets/Content/Functions/MF_Iridescence.uasset" 3843
"../../../Engine/Plugins/Interchange/Assets/Content/gltf/MaterialInstances/MI_ClearCoat_Mask_DS.uasset" 3844
"../../../Engine/Plugins/Interchange/Assets/Content/gltf/MaterialInstances/MI_ClearCoat_Blend_DS.uasset" 3845
"../../../Engine/Plugins/Interchange/Assets/Content/gltf/MaterialInstances/MI_ClearCoat_Opaque_DS.uasset" 3846
"../../../Engine/Plugins/Interchange/Assets/Content/gltf/M_Sheen.uasset" 3847
"../../../Engine/Plugins/Interchange/Assets/Content/gltf/MaterialInstances/MI_ClearCoat_Opaque.uasset" 3848
"../../../Engine/Plugins/Interchange/Assets/Content/gltf/MaterialInstances/MI_Sheen_Opaque_DS.uasset" 3849
"../../../Engine/Plugins/Interchange/Assets/Content/gltf/MaterialInstances/MI_Sheen_Blend.uasset" 3850
"../../../Engine/Plugins/Interchange/Assets/Content/gltf/MaterialBodies/MF_Transmission_Body.uasset" 3851
"../../../Engine/Content/Functions/Engine_MaterialFunctions02/Texturing/ScreenAlignedPixelToPixelUVs.uasset" 3852
"../../../Engine/Plugins/Interchange/Assets/Content/gltf/MaterialBodies/MF_Sheen_Body.uasset" 3853
"../../../Engine/Plugins/Interchange/Assets/Content/gltf/M_Transmission.uasset" 3854
"../../../Engine/Plugins/Interchange/Assets/Content/gltf/MaterialFunctions/MF_Sheen.uasset" 3855
"../../../Engine/Plugins/Interchange/Assets/Content/gltf/MaterialInstances/MI_Transmission.uasset" 3856
"../../../Engine/Plugins/Interchange/Assets/Content/gltf/MaterialFunctions/MF_PerceivedBrightness.uasset" 3857
"../../../Engine/Content/Functions/Engine_MaterialFunctions02/Math/AddComponents.uasset" 3858
"../../../Engine/Plugins/Interchange/Assets/Content/gltf/MaterialInstances/MI_ClearCoat_Blend.uasset" 3859
"../../../Engine/Content/Functions/Engine_MaterialFunctions01/Texturing/FlattenNormal.uasset" 3860
"../../../Engine/Plugins/Interchange/Assets/Content/gltf/MaterialInstances/MI_ClearCoat_Mask.uasset" 3861
"../../../Engine/Plugins/Interchange/Assets/Content/gltf/MaterialInstances/MI_Sheen_Mask_DS.uasset" 3862
"../../../Engine/Plugins/Interchange/Assets/Content/gltf/MaterialFunctions/MF_Temporal_Blur.uasset" 3863
"../../../Engine/Plugins/Interchange/Assets/Content/gltf/M_ClearCoat.uasset" 3864
"../../../Engine/Plugins/Interchange/Assets/Content/gltf/MaterialFunctions/MF_Transmission.uasset" 3865
"../../../Engine/Plugins/Interchange/Assets/Content/gltf/MaterialFunctions/MF_Fresnel_DS.uasset" 3866
"../../../Engine/Plugins/Interchange/Assets/Content/gltf/MaterialInstances/MI_Sheen_Blend_DS.uasset" 3867
"../../../Engine/Plugins/Interchange/Assets/Content/gltf/MaterialInstances/MI_Sheen_Mask.uasset" 3868
"../../../Engine/Plugins/Interchange/Assets/Content/gltf/MaterialInstances/MI_Transmission_DS.uasset" 3869
"../../../Engine/Content/Functions/Engine_MaterialFunctions03/Math/RemapValueRange.uasset" 3870
"../../../Engine/Plugins/Interchange/Assets/Content/gltf/MaterialInstances/MI_Sheen_Opaque.uasset" 3871
"/InterchangeAssets/gltf/MaterialInstances/MI_Sheen_Mask" 3872
"/InterchangeAssets/gltf/MaterialInstances/MI_Sheen_Opaque" 3873
"/InterchangeAssets/gltf/MaterialInstances/MI_ClearCoat_Blend_DS" 3874
"/InterchangeAssets/gltf/MaterialInstances/MI_ClearCoat_Mask_DS" 3875
"/InterchangeAssets/gltf/MaterialInstances/MI_ClearCoat_Opaque_DS" 3876
"/InterchangeAssets/gltf/MaterialInstances/MI_ClearCoat_Blend" 3877
"/InterchangeAssets/gltf/MaterialInstances/MI_ClearCoat_Mask" 3878
"/InterchangeAssets/gltf/MaterialInstances/MI_ClearCoat_Opaque" 3879
"/InterchangeAssets/gltf/MaterialInstances/MI_Sheen_Blend" 3880
"/InterchangeAssets/gltf/MaterialInstances/MI_Sheen_Opaque_DS" 3881
"/InterchangeAssets/gltf/MaterialInstances/MI_Sheen_Mask_DS" 3882
"/InterchangeAssets/gltf/MaterialInstances/MI_Sheen_Blend_DS" 3883
"/InterchangeAssets/gltf/MaterialFunctions/MF_Transmission" 3884
"/InterchangeAssets/gltf/MaterialBodies/MF_Transmission_Body" 3885
"/InterchangeAssets/gltf/M_Transmission" 3886
"/InterchangeAssets/gltf/MaterialInstances/MI_Transmission" 3887
"/InterchangeAssets/gltf/MaterialInstances/MI_Transmission_DS" 3888
"/Engine/Functions/Engine_MaterialFunctions02/Math/AddComponents" 3889
"/InterchangeAssets/gltf/MaterialFunctions/MF_PerceivedBrightness" 3890
"../../../Engine/Plugins/Interchange/Assets/Content/gltf/MaterialFunctions/MF_SpecGlossToMetalRoughness.uasset" 3891
"../../../Engine/Plugins/Interchange/Assets/Content/gltf/MaterialFunctions/MF_MaxComponentValue.uasset" 3892
"../../../Engine/Plugins/Interchange/Assets/Content/gltf/MaterialBodies/MF_SpecularGlossiness_Body.uasset" 3893
"../../../Engine/Plugins/Interchange/Assets/Content/gltf/MaterialFunctions/MF_DiffuseSpecGloss.uasset" 3894
"../../../Engine/Plugins/Interchange/Assets/Content/gltf/MaterialInstances/MI_SpecularGlossiness_Opaque.uasset" 3895
"../../../Engine/Plugins/Interchange/Assets/Content/gltf/MaterialInstances/MI_SpecularGlossiness_Mask.uasset" 3896
"../../../Engine/Plugins/Interchange/Assets/Content/gltf/M_SpecularGlossiness.uasset" 3897
"../../../Engine/Plugins/Interchange/Assets/Content/gltf/MaterialInstances/MI_Default_Opaque.uasset" 3898
"../../../Engine/Plugins/Interchange/Assets/Content/gltf/MaterialInstances/MI_SpecularGlossiness_Opaque_DS.uasset" 3899
"../../../Engine/Plugins/Interchange/Assets/Content/gltf/MaterialInstances/MI_SpecularGlossiness_Blend.uasset" 3900
"../../../Engine/Plugins/Interchange/Assets/Content/gltf/MaterialInstances/MI_SpecularGlossiness_Blend_DS.uasset" 3901
"../../../Engine/Plugins/Interchange/Assets/Content/gltf/MaterialInstances/MI_Default_Blend.uasset" 3902
"../../../Engine/Plugins/Interchange/Assets/Content/gltf/MaterialInstances/MI_Default_Mask.uasset" 3903
"../../../Engine/Plugins/Interchange/Assets/Content/gltf/MaterialInstances/MI_SpecularGlossiness_Mask_DS.uasset" 3904
"/InterchangeAssets/gltf/MaterialInstances/MI_Default_Blend" 3905
"/InterchangeAssets/gltf/MaterialInstances/MI_Default_Mask" 3906
"/InterchangeAssets/gltf/MaterialInstances/MI_Default_Opaque" 3907
"/InterchangeAssets/gltf/MaterialInstances/MI_SpecularGlossiness_Blend_DS" 3908
"/InterchangeAssets/gltf/MaterialInstances/MI_SpecularGlossiness_Mask_DS" 3909
"/InterchangeAssets/gltf/MaterialInstances/MI_SpecularGlossiness_Opaque_DS" 3910
"/InterchangeAssets/gltf/MaterialInstances/MI_SpecularGlossiness_Blend" 3911
"/InterchangeAssets/gltf/MaterialInstances/MI_SpecularGlossiness_Mask" 3912
"/InterchangeAssets/gltf/MaterialInstances/MI_SpecularGlossiness_Opaque" 3913
"C:/Users/Antonio/Documents/Unreal Projects/MC/Plugins/glTFRuntime/Content/MF_GetOcclusion.uasset" 3914
"../../../Engine/Plugins/Interchange/Assets/Content/gltf/MaterialInstances/MI_Default_Mask_DS.uasset" 3915
"C:/Users/Antonio/Documents/Unreal Projects/MC/Plugins/glTFRuntime/Content/MF_GetNormal.uasset" 3916
"C:/Users/Antonio/Documents/Unreal Projects/MC/Plugins/glTFRuntime/Content/MF_GetEmissive.uasset" 3917
"C:/Users/Antonio/Documents/Unreal Projects/MC/Plugins/glTFRuntime/Content/MF_GetMetallicRoughness.uasset" 3918
"C:/Users/Antonio/Documents/Unreal Projects/MC/Plugins/glTFRuntime/Content/M_ClearCoat_glTFRuntimeTwoSidedTranslucent_Inst.uasset" 3919
"C:/Users/Antonio/Documents/Unreal Projects/MC/Plugins/glTFRuntime/Content/M_glTFRuntimeMasked_Inst.uasset" 3920
"C:/Users/Antonio/Documents/Unreal Projects/MC/Plugins/glTFRuntime/Content/M_glTFRuntimeBase.uasset" 3921
"C:/Users/Antonio/Documents/Unreal Projects/MC/Plugins/glTFRuntime/Content/T_glTFRuntimeNormal.uasset" 3922
"C:/Users/Antonio/Documents/Unreal Projects/MC/Plugins/glTFRuntime/Content/M_ClearCoat_glTFRuntimeTranslucent_Inst.uasset" 3923
"C:/Users/Antonio/Documents/Unreal Projects/MC/Plugins/glTFRuntime/Content/MF_BaseColorFromDSM.uasset" 3924
"C:/Users/Antonio/Documents/Unreal Projects/MC/Plugins/glTFRuntime/Content/M_glTFRuntimeTwoSidedTranslucent_Inst.uasset" 3925
"C:/Users/Antonio/Documents/Unreal Projects/MC/Plugins/glTFRuntime/Content/MF_GetTexCoords.uasset" 3926
"C:/Users/Antonio/Documents/Unreal Projects/MC/Plugins/glTFRuntime/Content/MF_GetPerceivedBrightness.uasset" 3927
"C:/Users/Antonio/Documents/Unreal Projects/MC/Plugins/glTFRuntime/Content/M_glTFRuntimeTranslucent_Inst.uasset" 3928
"C:/Users/Antonio/Documents/Unreal Projects/MC/Plugins/glTFRuntime/Content/M_Transmission_glTFRuntimeTwoSided_Inst.uasset" 3929
"C:/Users/Antonio/Documents/Unreal Projects/MC/Plugins/glTFRuntime/Content/M_glTFRuntimeTwoSidedMasked_Inst.uasset" 3930
"C:/Users/Antonio/Documents/Unreal Projects/MC/Plugins/glTFRuntime/Content/M_ClearCoat_glTFRuntimeTwoSided_Inst.uasset" 3931
"../../../Engine/Content/Functions/Engine_MaterialFunctions02/Texturing/CustomRotator.uasset" 3932
"C:/Users/Antonio/Documents/Unreal Projects/MC/Plugins/glTFRuntime/Content/T_glTFRuntimeOne.uasset" 3933
"C:/Users/Antonio/Documents/Unreal Projects/MC/Plugins/glTFRuntime/Content/M_glTFRuntimeTwoSided_Inst.uasset" 3934
"C:/Users/Antonio/Documents/Unreal Projects/MC/Plugins/glTFRuntime/Content/M_ClearCoat_glTFRuntimeBase.uasset" 3935
"C:/Users/Antonio/Documents/Unreal Projects/MC/Plugins/glTFRuntime/Content/MF_GetBaseColorAndOpacity.uasset" 3936
"C:/Users/Antonio/Documents/Unreal Projects/MC/Plugins/glTFRuntime/Content/M_glTFRuntime_SG_Twosided_Inst.uasset" 3937
"C:/Users/Antonio/Documents/Unreal Projects/MC/Plugins/glTFRuntime/Content/T_glTFRuntimeOne_sRGB.uasset" 3938
"C:/Users/Antonio/Documents/Unreal Projects/MC/Plugins/glTFRuntime/Content/M_glTFRuntime_SG_TwoSidedTranslucent_Inst.uasset" 3939
"C:/Users/Antonio/Documents/Unreal Projects/MC/Plugins/glTFRuntime/Content/MF_SolveMetallicFromSpecular.uasset" 3940
"C:/Users/Antonio/Documents/Unreal Projects/MC/Plugins/glTFRuntime/Content/M_glTFRuntime_SG_Base.uasset" 3941
"C:/Users/Antonio/Documents/Unreal Projects/MC/Plugins/glTFRuntime/Content/MF_GetMaxComponent.uasset" 3942
"C:/Users/Antonio/Documents/Unreal Projects/MC/Plugins/glTFRuntime/Content/M_Transmission_glTFRuntimeBase.uasset" 3943
"C:/Users/Antonio/Documents/Unreal Projects/MC/Plugins/glTFRuntime/Content/MF_GetSpecular.uasset" 3944
"C:/Users/Antonio/Documents/Unreal Projects/MC/Plugins/glTFRuntime/Content/M_glTFRuntime_SG_Translucent_Inst.uasset" 3945
"/InterchangeAssets/gltf/MaterialInstances/MI_Default_Mask_DS" 3946
"C:/Users/Antonio/Documents/Unreal Projects/MC/Plugins/glTFRuntime/Content/M_Unlit_glTFRuntimeBase.uasset" 3947
"/glTFRuntime/M_Transmission_glTFRuntimeTwoSided_Inst" 3948
"/glTFRuntime/M_glTFRuntime_SG_Twosided_Inst" 3949
"/glTFRuntime/M_glTFRuntime_SG_TwoSidedTranslucent_Inst" 3950
"/glTFRuntime/M_glTFRuntime_SG_Translucent_Inst" 3951
"/glTFRuntime/M_glTFRuntimeTwoSided_Inst" 3952
"/glTFRuntime/M_glTFRuntimeTwoSidedTranslucent_Inst" 3953
"/glTFRuntime/M_glTFRuntimeTwoSidedMasked_Inst" 3954
"/glTFRuntime/M_glTFRuntimeTranslucent_Inst" 3955
"/glTFRuntime/M_glTFRuntimeMasked_Inst" 3956
"/glTFRuntime/M_ClearCoat_glTFRuntimeTwoSided_Inst" 3957
"/glTFRuntime/M_ClearCoat_glTFRuntimeTwoSidedTranslucent_Inst" 3958
"/glTFRuntime/M_ClearCoat_glTFRuntimeTranslucent_Inst" 3959
"C:/Users/Antonio/Documents/Unreal Projects/MC/Plugins/glTFRuntime/Content/M_Unlit_glTFRuntimeMasked_Inst.uasset" 3960
"C:/Users/Antonio/Documents/Unreal Projects/MC/Plugins/glTFRuntime/Content/M_Unlit_glTFRuntimeTwoSidedMasked_Inst.uasset" 3961
"C:/Users/Antonio/Documents/Unreal Projects/MC/Plugins/glTFRuntime/Content/M_Unlit_glTFRuntimeTranslucent_Inst.uasset" 3962
"../../../Engine/Plugins/Interchange/Assets/Content/gltf/MaterialBodies/MF_Unlit_Body.uasset" 3963
"C:/Users/Antonio/Documents/Unreal Projects/MC/Plugins/glTFRuntime/Content/M_Unlit_glTFRuntimeTwoSidedTranslucent_Inst.uasset" 3964
"../../../Engine/Content/Functions/Substrate/MF_SchlickInternal.uasset" 3965
"../../../Engine/Plugins/Interchange/Assets/Content/gltf/MaterialInstances/MI_Unlit_Mask.uasset" 3966
"../../../Engine/Plugins/Interchange/Assets/Content/Functions/MX_TransmissionSurface.uasset" 3967
"../../../Engine/Plugins/Interchange/Assets/Content/Functions/MX_StandardSurface.uasset" 3968
"../../../Engine/Plugins/Interchange/Assets/Content/gltf/MaterialInstances/MI_Unlit_Opaque_DS.uasset" 3969
"C:/Users/Antonio/Documents/Unreal Projects/MC/Plugins/ExternalMaps/Content/Fab/Megascans/Surfaces/Bright_Desert_Sand_sjzkfega/Low/sjzkfega_tier_3/Textures/T_sjzkfega_1K_B.uasset" 3970
"../../../Engine/Plugins/Interchange/Assets/Content/gltf/MaterialInstances/MI_Unlit_Mask_DS.uasset" 3971
"../../../Engine/Plugins/Interchange/Assets/Content/gltf/MaterialInstances/MI_Unlit_Opaque.uasset" 3972
"C:/Users/Antonio/Documents/Unreal Projects/MC/Plugins/ExternalMaps/Content/Fab/Megascans/Surfaces/Bright_Desert_Sand_sjzkfega/Low/sjzkfega_tier_3/Textures/T_sjzkfega_1K_ORM.uasset" 3973
"../../../Engine/Plugins/Fab/Content/Textures/Standard/T_DefaultMasks.uasset" 3974
"../../../Engine/Plugins/Interchange/Assets/Content/gltf/M_Unlit.uasset" 3975
"../../../Engine/Plugins/Fab/Content/MaterialFunctions/QMF_Tiling.uasset" 3976
"../../../Engine/Plugins/Interchange/Assets/Content/gltf/MaterialInstances/MI_Unlit_Blend_DS.uasset" 3977
"../../../Engine/Plugins/Fab/Content/Textures/Standard/T_DefaultColor.uasset" 3978
"../../../Engine/Plugins/Fab/Content/Textures/Standard/T_DefaultDisplacement.uasset" 3979
"../../../Engine/Plugins/Interchange/Assets/Content/Functions/MX_Transmission.uasset" 3980
"../../../Engine/Plugins/Interchange/Assets/Content/Functions/MF_OrenNayerView.uasset" 3981
"../../../Engine/Plugins/Fab/Content/MaterialFunctions/QMF_NormalAdjustments.uasset" 3982
"C:/Users/Antonio/Documents/Unreal Projects/MC/Plugins/ExternalMaps/Content/Fab/Megascans/Surfaces/Bright_Desert_Sand_sjzkfega/Low/sjzkfega_tier_3/Textures/T_sjzkfega_1K_N.uasset" 3983
"../../../Engine/Plugins/Interchange/Assets/Content/Functions/MX_OpenPBR_Translucent.uasset" 3984
"../../../Engine/Plugins/Fab/Content/Textures/Standard/T_DefaultNormal.uasset" 3985
"C:/Users/Antonio/Documents/Unreal Projects/MC/Plugins/glTFRuntime/Content/M_Unlit_glTFRuntimeTwoSided_Inst.uasset" 3986
"../../../Engine/Plugins/Fab/Content/MaterialFunctions/QMF_RoughnessAdjustments.uasset" 3987
"../../../Engine/Content/Functions/Engine_MaterialFunctions01/Volumetrics/BeersLaw.uasset" 3988
"C:/Users/Antonio/Documents/Unreal Projects/MC/Plugins/glTFRuntime/Content/MF_GetPBR.uasset" 3989
"../../../Engine/Plugins/Interchange/Assets/Content/gltf/MaterialInstances/MI_Unlit_Blend.uasset" 3990
"/glTFRuntime/M_Unlit_glTFRuntimeTwoSidedMasked_Inst" 3991
"/glTFRuntime/M_Unlit_glTFRuntimeTranslucent_Inst" 3992
"/glTFRuntime/M_Unlit_glTFRuntimeMasked_Inst" 3993
"../../../Engine/Plugins/Fab/Content/MaterialFunctions/QMF_BaseColorAdjustments.uasset" 3994
"../../../Engine/Plugins/Fab/Content/MaterialFunctions/QMF_AOAdjustments.uasset" 3995
"../../../Engine/Plugins/Fab/Content/Materials/Standard/M_MS_Srf.uasset" 3996
"C:/Users/Antonio/Documents/Unreal Projects/MC/Plugins/ExternalMaps/Content/Fab/Megascans/Surfaces/Bright_Desert_Sand_sjzkfega/Low/sjzkfega_tier_3/Materials/MI_sjzkfega.uasset" 3997
"/Fab/MaterialFunctions/QMF_Tiling" 3998
"/Fab/Textures/Standard/T_DefaultColor" 3999
"/Fab/Textures/Standard/T_DefaultDisplacement" 4000
"/Fab/Textures/Standard/T_DefaultMasks" 4001
"/Fab/Textures/Standard/T_DefaultNormal" 4002
"/ExternalMaps/Fab/Megascans/Surfaces/Bright_Desert_Sand_sjzkfega/Low/sjzkfega_tier_3/Textures/T_sjzkfega_1K_B" 4003
"/ExternalMaps/Fab/Megascans/Surfaces/Bright_Desert_Sand_sjzkfega/Low/sjzkfega_tier_3/Textures/T_sjzkfega_1K_N" 4004
"/ExternalMaps/Fab/Megascans/Surfaces/Bright_Desert_Sand_sjzkfega/Low/sjzkfega_tier_3/Textures/T_sjzkfega_1K_ORM" 4005
"/InterchangeAssets/Functions/MX_OpenPBR_Translucent" 4006
"/glTFRuntime/MF_GetPBR" 4007
"/InterchangeAssets/gltf/MaterialInstances/MI_Unlit_Blend_DS" 4008
"/InterchangeAssets/gltf/MaterialInstances/MI_Unlit_Mask_DS" 4009
"/InterchangeAssets/gltf/MaterialInstances/MI_Unlit_Opaque_DS" 4010
"/InterchangeAssets/gltf/MaterialInstances/MI_Unlit_Blend" 4011
"/InterchangeAssets/gltf/MaterialInstances/MI_Unlit_Mask" 4012
"/InterchangeAssets/gltf/MaterialInstances/MI_Unlit_Opaque" 4013
"/glTFRuntime/M_Unlit_glTFRuntimeTwoSided_Inst" 4014
"/glTFRuntime/M_Unlit_glTFRuntimeTwoSidedTranslucent_Inst" 4015
"/Fab/MaterialFunctions/QMF_RoughnessAdjustments" 4016
"/Fab/MaterialFunctions/QMF_NormalAdjustments" 4017
"C:/Users/Antonio/Documents/Unreal Projects/MC/Content/__ExternalActors__/NewMap/2/J7/QO5TQORWCXORVK1051S8GH.uasset" 4018
"../../../Engine/Plugins/Interchange/Assets/Content/Functions/MX_OpenPBR_Opaque.uasset" 4019
"C:/Users/Antonio/Documents/Unreal Projects/MC/Content/NewMap_HLOD0_Instancing.uasset" 4020
"../../../Engine/Plugins/Animation/ControlRig/Content/Controls/ControlRig_Sphere_solid.uasset" 4021
"../../../Engine/Plugins/Animation/ControlRig/Content/Controls/ControlRig_Arrow_3mm.uasset" 4022
"../../../Engine/Plugins/Animation/ControlRig/Content/Controls/ControlRig_Arrow2_1mm.uasset" 4023
"../../../Engine/Plugins/Animation/ControlRig/Content/Controls/ControlRig_Circle_1mm.uasset" 4024
"../../../Engine/Plugins/Animation/ControlRig/Content/Controls/ControlRig_Box_1mm.uasset" 4025
"../../../Engine/Plugins/Animation/ControlRig/Content/Controls/ControlRig_Box_solid.uasset" 4026
"../../../Engine/Plugins/Animation/ControlRig/Content/Controls/ControlRig_Arrow4_1mm.uasset" 4027
"../../../Engine/Plugins/Animation/ControlRig/Content/Controls/ControlRig_Circle_solid.uasset" 4028
"../../../Engine/Plugins/Animation/ControlRig/Content/Controls/ControlRig_Diamond_1mm.uasset" 4029
"../../../Engine/Plugins/Animation/ControlRig/Content/Controls/ControlRig_Hexagon_1mm.uasset" 4030
"/Game/NewMap_HLOD0_Instancing" 4031
"../../../Engine/Plugins/Animation/ControlRig/Content/Controls/ControlRig_HalfCircle_1mm.uasset" 4032
"../../../Engine/Plugins/Animation/ControlRig/Content/Controls/ControlRig_Arrow2_3mm.uasset" 4033
"../../../Engine/Plugins/Animation/ControlRig/Content/Controls/ControlRig_HalfCircle_3mm.uasset" 4034
"../../../Engine/Plugins/Animation/ControlRig/Content/Controls/ControlRig_Arrow4_solid.uasset" 4035
"../../../Engine/Plugins/Animation/ControlRig/Content/Controls/ControlRig_Diamond_3mm.uasset" 4036
"../../../Engine/Plugins/Animation/ControlRig/Content/Controls/ControlRig_Hexagon_3mm.uasset" 4037
"../../../Engine/Plugins/Animation/ControlRig/Content/Controls/ControlRig_Arrow2_solid.uasset" 4038
"../../../Engine/Plugins/Animation/ControlRig/Content/Controls/ControlRig_Arrow4_3mm.uasset" 4039
"../../../Engine/Plugins/Animation/ControlRig/Content/Controls/ControlRig_Arrow_1mm.uasset" 4040
"../../../Engine/Plugins/Animation/ControlRig/Content/Controls/ControlRig_Arrow_solid.uasset" 4041
"/ExternalMaps/Fab/Megascans/Surfaces/Bright_Desert_Sand_sjzkfega/Low/sjzkfega_tier_3/Materials/MI_sjzkfega" 4042
"../../../Engine/Plugins/Animation/ControlRig/Content/Controls/ControlRig_Box_3mm.uasset" 4043
"C:/Users/Antonio/Documents/Unreal Projects/MC/Content/NewMap.umap" 4044
"../../../Engine/Plugins/Animation/ControlRig/Content/Controls/ControlRig_Circle_3mm.uasset" 4045
"../../../Engine/Plugins/Animation/ControlRig/Content/Controls/ControlRig_Diamond_solid.uasset" 4046
"../../../Engine/Plugins/Animation/ControlRig/Content/Controls/ControlRig_HalfCircle_solid.uasset" 4047
"/InterchangeAssets/Functions/MX_OpenPBR_Opaque" 4048
"../../../Engine/Plugins/Animation/ControlRig/Content/Controls/ControlRig_Hexagon_solid.uasset" 4049
"/ControlRig/Controls/ControlRig_Hexagon_3mm" 4050
"/ControlRig/Controls/ControlRig_Hexagon_1mm" 4051
"/ControlRig/Controls/ControlRig_HalfCircle_solid" 4052
"/ControlRig/Controls/ControlRig_HalfCircle_3mm" 4053
"/ControlRig/Controls/ControlRig_HalfCircle_1mm" 4054
"/ControlRig/Controls/ControlRig_Diamond_solid" 4055
"/ControlRig/Controls/ControlRig_Diamond_3mm" 4056
"/ControlRig/Controls/ControlRig_Diamond_1mm" 4057
"/ControlRig/Controls/ControlRig_Circle_solid" 4058
"/ControlRig/Controls/ControlRig_Circle_3mm" 4059
"/ControlRig/Controls/ControlRig_Circle_1mm" 4060
"/ControlRig/Controls/ControlRig_Box_solid" 4061
"/ControlRig/Controls/ControlRig_Box_3mm" 4062
"/ControlRig/Controls/ControlRig_Box_1mm" 4063
"/ControlRig/Controls/ControlRig_Arrow_solid" 4064
"/ControlRig/Controls/ControlRig_Arrow_3mm" 4065
"/ControlRig/Controls/ControlRig_Arrow_1mm" 4066
"/ControlRig/Controls/ControlRig_Arrow4_solid" 4067
"/ControlRig/Controls/ControlRig_Arrow4_3mm" 4068
"/ControlRig/Controls/ControlRig_Arrow4_1mm" 4069
"/ControlRig/Controls/ControlRig_Arrow2_solid" 4070
"/ControlRig/Controls/ControlRig_Arrow2_3mm" 4071
"/ControlRig/Controls/ControlRig_Arrow2_1mm" 4072
"/ControlRig/Controls/ControlRig_Sphere_solid" 4073
"/Game/NewMap" 4074
"../../../Engine/Plugins/Animation/ControlRig/Content/Controls/ControlRig_Octagon_1mm.uasset" 4075
"../../../Engine/Plugins/Animation/ControlRig/Content/Controls/ControlRig_Octagon_solid.uasset" 4076
"../../../Engine/Plugins/Animation/ControlRig/Content/Controls/ControlRig_Pyramid_1mm.uasset" 4077
"../../../Engine/Plugins/Animation/ControlRig/Content/Controls/ControlRig_Octagon_3mm.uasset" 4078
"../../../Engine/Plugins/Animation/ControlRig/Content/Controls/ControlRig_Sphere_1mm.uasset" 4079
"../../../Engine/Plugins/Animation/ControlRig/Content/Controls/ControlRig_RoundedSquare_solid.uasset" 4080
"../../../Engine/Plugins/Animation/ControlRig/Content/Controls/ControlRig_Pyramid_3mm.uasset" 4081
"../../../Engine/Plugins/Animation/ControlRig/Content/Controls/ControlRig_RoundedTriangle_1mm.uasset" 4082
"../../../Engine/Plugins/Animation/ControlRig/Content/Controls/ControlRig_QuarterCircle_solid.uasset" 4083
"../../../Engine/Plugins/Animation/ControlRig/Content/Controls/ControlRig_Sphere_3mm.uasset" 4084
"../../../Engine/Plugins/Animation/ControlRig/Content/Controls/ControlRig_RoundedSquare_3mm.uasset" 4085
"../../../Engine/Plugins/Animation/ControlRig/Content/Controls/ControlRig_Star4_solid.uasset" 4086
"../../../Engine/Plugins/Animation/ControlRig/Content/Controls/ControlRig_Pyramid_solid.uasset" 4087
"../../../Engine/Plugins/Animation/ControlRig/Content/Controls/ControlRig_Triangle_1mm.uasset" 4088
"../../../Engine/Plugins/Animation/ControlRig/Content/Controls/ControlRig_QuarterCircle_1mm.uasset" 4089
"/ControlRig/Controls/ControlRig_Pyramid_1mm" 4090
"../../../Engine/Plugins/Animation/ControlRig/Content/Controls/ControlRig_Square_1mm.uasset" 4091
"../../../Engine/Plugins/Animation/ControlRig/Content/Controls/ControlRig_Square_3mm.uasset" 4092
"../../../Engine/Plugins/Animation/ControlRig/Content/Controls/ControlRig_Square_solid.uasset" 4093
"../../../Engine/Plugins/Animation/ControlRig/Content/Controls/ControlRig_Star4_1mm.uasset" 4094
"../../../Engine/Plugins/Animation/ControlRig/Content/Controls/ControlRig_Triangle_3mm.uasset" 4095
"../../../Engine/Plugins/Animation/ControlRig/Content/Controls/ControlRig_RoundedTriangle_solid.uasset" 4096
"../../../Engine/Plugins/Animation/ControlRig/Content/Controls/ControlRig_RoundedTriangle_3mm.uasset" 4097
"../../../Engine/Plugins/Animation/ControlRig/Content/Controls/ControlRig_Triangle_solid.uasset" 4098
"../../../Engine/Plugins/Animation/ControlRig/Content/Controls/ControlRig_Star4_3mm.uasset" 4099
"../../../Engine/Plugins/Animation/ControlRig/Content/Controls/ControlRig_RoundedSquare_1mm.uasset" 4100
"../../../Engine/Plugins/Animation/ControlRig/Content/Controls/ControlRig_Wedge_3mm.uasset" 4101
"../../../Engine/Plugins/Animation/ControlRig/Content/Controls/ControlRig_QuarterCircle_3mm.uasset" 4102
"../../../Engine/Plugins/Animation/ControlRig/Content/Controls/ControlRig_Wedge_1mm.uasset" 4103
"../../../Engine/Plugins/Animation/ControlRig/Content/Controls/ControlRig_Wedge_solid.uasset" 4104
"/ControlRig/Controls/ControlRig_Octagon_solid" 4105
"/ControlRig/Controls/ControlRig_Octagon_1mm" 4106
"/ControlRig/Controls/ControlRig_Hexagon_solid" 4107
"/ControlRig/Controls/ControlRig_Triangle_solid" 4108
"/ControlRig/Controls/ControlRig_Triangle_3mm" 4109
"/ControlRig/Controls/ControlRig_Triangle_1mm" 4110
"/ControlRig/Controls/ControlRig_Star4_solid" 4111
"/ControlRig/Controls/ControlRig_Star4_3mm" 4112
"/ControlRig/Controls/ControlRig_Star4_1mm" 4113
"/ControlRig/Controls/ControlRig_Square_solid" 4114
"/ControlRig/Controls/ControlRig_Square_3mm" 4115
"/ControlRig/Controls/ControlRig_Square_1mm" 4116
"/ControlRig/Controls/ControlRig_Sphere_3mm" 4117
"/ControlRig/Controls/ControlRig_Sphere_1mm" 4118
"/ControlRig/Controls/ControlRig_RoundedTriangle_solid" 4119
"/ControlRig/Controls/ControlRig_RoundedTriangle_3mm" 4120
"/ControlRig/Controls/ControlRig_RoundedTriangle_1mm" 4121
"/ControlRig/Controls/ControlRig_RoundedSquare_solid" 4122
"/ControlRig/Controls/ControlRig_RoundedSquare_3mm" 4123
"/ControlRig/Controls/ControlRig_RoundedSquare_1mm" 4124
"/ControlRig/Controls/ControlRig_QuarterCircle_solid" 4125
"/ControlRig/Controls/ControlRig_QuarterCircle_3mm" 4126
"/ControlRig/Controls/ControlRig_QuarterCircle_1mm" 4127
"/ControlRig/Controls/ControlRig_Pyramid_solid" 4128
"/ControlRig/Controls/ControlRig_Pyramid_3mm" 4129
"/ControlRig/Controls/ControlRig_Octagon_3mm" 4130
"/ControlRig/Controls/ControlRig_Wedge_solid" 4131
"/ControlRig/Controls/ControlRig_Wedge_3mm" 4132
"/ControlRig/Controls/ControlRig_Wedge_1mm" 4133
"../../../Engine/Content/EditorMaterials/PreviewShadowIndicator.uasset" 4134
"../../../Engine/Content/EngineMaterials/Substrate/GLints/dict_16_192_64_0p5_0p02_0063_0015.uasset" 4135
"../../../Engine/Content/EngineMaterials/Substrate/GLints/dict_16_192_64_0p5_0p02_0063_0014.uasset" 4136
"../../../Engine/Content/EngineMaterials/Substrate/GLints/dict_16_192_64_0p5_0p02_0063_0010.uasset" 4137
"../../../Engine/Content/EngineMaterials/Substrate/GLints/dict_16_192_64_0p5_0p02_0063_0003.uasset" 4138
"../../../Engine/Content/EngineMaterials/Substrate/GLints/dict_16_192_64_0p5_0p02_0063_0005.uasset" 4139
"../../../Engine/Content/EngineMaterials/Substrate/GLints/dict_16_192_64_0p5_0p02_0063_0006.uasset" 4140
"../../../Engine/Content/EngineMaterials/Substrate/GLints/dict_16_192_64_0p5_0p02_0062_0013.uasset" 4141
"../../../Engine/Content/EngineMaterials/Substrate/GLints/dict_16_192_64_0p5_0p02_0062_0010.uasset" 4142
"../../../Engine/Content/EngineMaterials/Substrate/GLints/dict_16_192_64_0p5_0p02_0063_0002.uasset" 4143
"../../../Engine/Content/EngineMaterials/Substrate/GLints/dict_16_192_64_0p5_0p02_0062_0008.uasset" 4144
"../../../Engine/Content/EngineMaterials/Substrate/GLints/dict_16_192_64_0p5_0p02_0062_0012.uasset" 4145
"../../../Engine/Content/EditorMaterials/PreviewShadowIndicatorMaterial.uasset" 4146
"../../../Engine/Content/EngineMaterials/Substrate/GLints/dict_16_192_64_0p5_0p02_0063_0004.uasset" 4147
"../../../Engine/Content/EngineMaterials/Substrate/GLints/dict_16_192_64_0p5_0p02_0062_0006.uasset" 4148
"../../../Engine/Content/EngineMaterials/Substrate/GLints/dict_16_192_64_0p5_0p02_0063_0008.uasset" 4149
"../../../Engine/Content/EngineMaterials/Substrate/GLints/dict_16_192_64_0p5_0p02_0062_0003.uasset" 4150
"../../../Engine/Content/EngineMaterials/Substrate/GLints/dict_16_192_64_0p5_0p02_0063_0011.uasset" 4151
"../../../Engine/Content/EngineMaterials/Substrate/GLints/dict_16_192_64_0p5_0p02_0062_0015.uasset" 4152
"../../../Engine/Content/EngineMaterials/Substrate/GLints/dict_16_192_64_0p5_0p02_0063_0000.uasset" 4153
"../../../Engine/Content/EngineMaterials/Substrate/GLints/dict_16_192_64_0p5_0p02_0062_0009.uasset" 4154
"../../../Engine/Content/EngineMaterials/Substrate/GLints/dict_16_192_64_0p5_0p02_0063_0001.uasset" 4155
"../../../Engine/Content/EngineMaterials/Substrate/GLints/dict_16_192_64_0p5_0p02_0063_0013.uasset" 4156
"../../../Engine/Content/EngineMaterials/Substrate/GLints/dict_16_192_64_0p5_0p02_0063_0012.uasset" 4157
"../../../Engine/Content/EngineMaterials/Substrate/GLints/dict_16_192_64_0p5_0p02_0062_0011.uasset" 4158
"../../../Engine/Content/EngineMaterials/Substrate/GLints/dict_16_192_64_0p5_0p02_0063_0007.uasset" 4159
"../../../Engine/Content/EngineMaterials/Substrate/GLints/dict_16_192_64_0p5_0p02_0062_0004.uasset" 4160
"../../../Engine/Content/EngineMaterials/Substrate/GLints/dict_16_192_64_0p5_0p02_0062_0005.uasset" 4161
"../../../Engine/Content/EngineMaterials/Substrate/GLints/dict_16_192_64_0p5_0p02_0062_0014.uasset" 4162
"../../../Engine/Content/EngineMaterials/Substrate/GLints/dict_16_192_64_0p5_0p02_0062_0002.uasset" 4163
"../../../Engine/Content/EngineMaterials/Substrate/GLints/dict_16_192_64_0p5_0p02_0063_0009.uasset" 4164
"../../../Engine/Content/EngineMaterials/Substrate/GLints/dict_16_192_64_0p5_0p02_0062_0007.uasset" 4165
"/Engine/EngineMaterials/Substrate/GLints/dict_16_192_64_0p5_0p02_0063_0010" 4166
"/Engine/EngineMaterials/Substrate/GLints/dict_16_192_64_0p5_0p02_0063_0014" 4167
"/Engine/EngineMaterials/Substrate/GLints/dict_16_192_64_0p5_0p02_0063_0015" 4168
"/Engine/EditorMaterials/PreviewShadowIndicator" 4169
"../../../Engine/Content/EngineMaterials/Substrate/GLints/dict_16_192_64_0p5_0p02_0062_0001.uasset" 4170
"../../../Engine/Content/EngineMaterials/Substrate/GLints/dict_16_192_64_0p5_0p02_0062_0000.uasset" 4171
"../../../Engine/Content/EngineMaterials/Substrate/GLints/dict_16_192_64_0p5_0p02_0061_0014.uasset" 4172
"/Engine/EngineMaterials/Substrate/GLints/dict_16_192_64_0p5_0p02_0062_0009" 4173
"../../../Engine/Content/EngineMaterials/Substrate/GLints/dict_16_192_64_0p5_0p02_0061_0015.uasset" 4174
"/Engine/EngineMaterials/Substrate/GLints/dict_16_192_64_0p5_0p02_0062_0010" 4175
"/Engine/EngineMaterials/Substrate/GLints/dict_16_192_64_0p5_0p02_0062_0011" 4176
"/Engine/EngineMaterials/Substrate/GLints/dict_16_192_64_0p5_0p02_0062_0012" 4177
"/Engine/EngineMaterials/Substrate/GLints/dict_16_192_64_0p5_0p02_0062_0013" 4178
"/Engine/EngineMaterials/Substrate/GLints/dict_16_192_64_0p5_0p02_0062_0014" 4179
"/Engine/EngineMaterials/Substrate/GLints/dict_16_192_64_0p5_0p02_0062_0015" 4180
"/Engine/EngineMaterials/Substrate/GLints/dict_16_192_64_0p5_0p02_0063_0000" 4181
"/Engine/EngineMaterials/Substrate/GLints/dict_16_192_64_0p5_0p02_0063_0001" 4182
"/Engine/EngineMaterials/Substrate/GLints/dict_16_192_64_0p5_0p02_0063_0002" 4183
"/Engine/EngineMaterials/Substrate/GLints/dict_16_192_64_0p5_0p02_0063_0003" 4184
"/Engine/EngineMaterials/Substrate/GLints/dict_16_192_64_0p5_0p02_0063_0004" 4185
"/Engine/EngineMaterials/Substrate/GLints/dict_16_192_64_0p5_0p02_0063_0005" 4186
"/Engine/EngineMaterials/Substrate/GLints/dict_16_192_64_0p5_0p02_0063_0006" 4187
"/Engine/EngineMaterials/Substrate/GLints/dict_16_192_64_0p5_0p02_0063_0007" 4188
"/Engine/EngineMaterials/Substrate/GLints/dict_16_192_64_0p5_0p02_0063_0008" 4189
"/Engine/EngineMaterials/Substrate/GLints/dict_16_192_64_0p5_0p02_0063_0009" 4190
"/Engine/EngineMaterials/Substrate/GLints/dict_16_192_64_0p5_0p02_0063_0011" 4191
"/Engine/EngineMaterials/Substrate/GLints/dict_16_192_64_0p5_0p02_0063_0012" 4192
"/Engine/EngineMaterials/Substrate/GLints/dict_16_192_64_0p5_0p02_0063_0013" 4193
"/Engine/EngineMaterials/Substrate/GLints/dict_16_192_64_0p5_0p02_0062_0005" 4194
"/Engine/EngineMaterials/Substrate/GLints/dict_16_192_64_0p5_0p02_0062_0006" 4195
"/Engine/EngineMaterials/Substrate/GLints/dict_16_192_64_0p5_0p02_0062_0003" 4196
"/Engine/EngineMaterials/Substrate/GLints/dict_16_192_64_0p5_0p02_0062_0002" 4197
"/Engine/EngineMaterials/Substrate/GLints/dict_16_192_64_0p5_0p02_0062_0004" 4198
"/Engine/EditorMaterials/PreviewShadowIndicatorMaterial" 4199
"/Engine/EngineMaterials/Substrate/GLints/dict_16_192_64_0p5_0p02_0062_0007" 4200
"/Engine/EngineMaterials/Substrate/GLints/dict_16_192_64_0p5_0p02_0062_0008" 4201
"../../../Engine/Content/EngineMaterials/Substrate/GLints/dict_16_192_64_0p5_0p02_0061_0013.uasset" 4202
"../../../Engine/Content/EngineMaterials/Substrate/GLints/dict_16_192_64_0p5_0p02_0061_0012.uasset" 4203
"../../../Engine/Content/EngineMaterials/Substrate/GLints/dict_16_192_64_0p5_0p02_0061_0011.uasset" 4204
"../../../Engine/Content/EngineMaterials/Substrate/GLints/dict_16_192_64_0p5_0p02_0061_0010.uasset" 4205
"../../../Engine/Content/EngineMaterials/Substrate/GLints/dict_16_192_64_0p5_0p02_0061_0006.uasset" 4206
"../../../Engine/Content/EngineMaterials/Substrate/GLints/dict_16_192_64_0p5_0p02_0061_0007.uasset" 4207
"../../../Engine/Content/EngineMaterials/Substrate/GLints/dict_16_192_64_0p5_0p02_0061_0008.uasset" 4208
"../../../Engine/Content/EngineMaterials/Substrate/GLints/dict_16_192_64_0p5_0p02_0061_0000.uasset" 4209
"../../../Engine/Content/EngineMaterials/Substrate/GLints/dict_16_192_64_0p5_0p02_0060_0008.uasset" 4210
"../../../Engine/Content/EngineMaterials/Substrate/GLints/dict_16_192_64_0p5_0p02_0060_0011.uasset" 4211
"../../../Engine/Content/EngineMaterials/Substrate/GLints/dict_16_192_64_0p5_0p02_0060_0007.uasset" 4212
"../../../Engine/Content/EngineMaterials/Substrate/GLints/dict_16_192_64_0p5_0p02_0060_0006.uasset" 4213
"../../../Engine/Content/EngineMaterials/Substrate/GLints/dict_16_192_64_0p5_0p02_0060_0002.uasset" 4214
"../../../Engine/Content/EngineMaterials/Substrate/GLints/dict_16_192_64_0p5_0p02_0060_0005.uasset" 4215
"../../../Engine/Content/EngineMaterials/Substrate/GLints/dict_16_192_64_0p5_0p02_0060_0015.uasset" 4216
"../../../Engine/Content/EngineMaterials/Substrate/GLints/dict_16_192_64_0p5_0p02_0060_0003.uasset" 4217
"../../../Engine/Content/EngineMaterials/Substrate/GLints/dict_16_192_64_0p5_0p02_0060_0004.uasset" 4218
"../../../Engine/Content/EngineMaterials/Substrate/GLints/dict_16_192_64_0p5_0p02_0061_0004.uasset" 4219
"../../../Engine/Content/EngineMaterials/Substrate/GLints/dict_16_192_64_0p5_0p02_0061_0009.uasset" 4220
"/Engine/EngineMaterials/Substrate/GLints/dict_16_192_64_0p5_0p02_0061_0014" 4221
"../../../Engine/Content/EngineMaterials/Substrate/GLints/dict_16_192_64_0p5_0p02_0060_0010.uasset" 4222
"../../../Engine/Content/EngineMaterials/Substrate/GLints/dict_16_192_64_0p5_0p02_0061_0002.uasset" 4223
"../../../Engine/Content/EngineMaterials/Substrate/GLints/dict_16_192_64_0p5_0p02_0060_0009.uasset" 4224
"../../../Engine/Content/EngineMaterials/Substrate/GLints/dict_16_192_64_0p5_0p02_0060_0013.uasset" 4225
"../../../Engine/Content/EngineMaterials/Substrate/GLints/dict_16_192_64_0p5_0p02_0061_0003.uasset" 4226
"../../../Engine/Content/EngineMaterials/Substrate/GLints/dict_16_192_64_0p5_0p02_0061_0005.uasset" 4227
"../../../Engine/Content/EngineMaterials/Substrate/GLints/dict_16_192_64_0p5_0p02_0060_0014.uasset" 4228
"../../../Engine/Content/EngineMaterials/Substrate/GLints/dict_16_192_64_0p5_0p02_0060_0012.uasset" 4229
"../../../Engine/Content/EngineMaterials/Substrate/GLints/dict_16_192_64_0p5_0p02_0061_0001.uasset" 4230
"/Engine/EngineMaterials/Substrate/GLints/dict_16_192_64_0p5_0p02_0061_0015" 4231
"/Engine/EngineMaterials/Substrate/GLints/dict_16_192_64_0p5_0p02_0061_0010" 4232
"/Engine/EngineMaterials/Substrate/GLints/dict_16_192_64_0p5_0p02_0061_0011" 4233
"/Engine/EngineMaterials/Substrate/GLints/dict_16_192_64_0p5_0p02_0062_0000" 4234
"/Engine/EngineMaterials/Substrate/GLints/dict_16_192_64_0p5_0p02_0062_0001" 4235
"/Engine/EngineMaterials/Substrate/GLints/dict_16_192_64_0p5_0p02_0061_0012" 4236
"/Engine/EngineMaterials/Substrate/GLints/dict_16_192_64_0p5_0p02_0061_0013" 4237
"../../../Engine/Content/EngineMaterials/Substrate/GLints/dict_16_192_64_0p5_0p02_0060_0001.uasset" 4238
"../../../Engine/Content/EngineMaterials/Substrate/GLints/dict_16_192_64_0p5_0p02_0060_0000.uasset" 4239
"../../../Engine/Content/EngineMaterials/Substrate/GLints/dict_16_192_64_0p5_0p02_0059_0015.uasset" 4240
"../../../Engine/Content/EngineMaterials/Substrate/GLints/dict_16_192_64_0p5_0p02_0059_0014.uasset" 4241
"/Engine/EngineMaterials/Substrate/GLints/dict_16_192_64_0p5_0p02_0060_0002" 4242
"../../../Engine/Content/EngineMaterials/Substrate/GLints/dict_16_192_64_0p5_0p02_0059_0012.uasset" 4243
"../../../Engine/Content/EngineMaterials/Substrate/GLints/dict_16_192_64_0p5_0p02_0059_0011.uasset" 4244
"../../../Engine/Content/EngineMaterials/Substrate/GLints/dict_16_192_64_0p5_0p02_0059_0010.uasset" 4245
"../../../Engine/Content/EngineMaterials/Substrate/GLints/dict_16_192_64_0p5_0p02_0059_0013.uasset" 4246
"/Engine/EngineMaterials/Substrate/GLints/dict_16_192_64_0p5_0p02_0060_0003" 4247
"/Engine/EngineMaterials/Substrate/GLints/dict_16_192_64_0p5_0p02_0060_0004" 4248
"/Engine/EngineMaterials/Substrate/GLints/dict_16_192_64_0p5_0p02_0060_0005" 4249
"/Engine/EngineMaterials/Substrate/GLints/dict_16_192_64_0p5_0p02_0060_0006" 4250
"/Engine/EngineMaterials/Substrate/GLints/dict_16_192_64_0p5_0p02_0060_0007" 4251
"/Engine/EngineMaterials/Substrate/GLints/dict_16_192_64_0p5_0p02_0060_0008" 4252
"/Engine/EngineMaterials/Substrate/GLints/dict_16_192_64_0p5_0p02_0060_0009" 4253
"/Engine/EngineMaterials/Substrate/GLints/dict_16_192_64_0p5_0p02_0060_0010" 4254
"/Engine/EngineMaterials/Substrate/GLints/dict_16_192_64_0p5_0p02_0060_0011" 4255
"/Engine/EngineMaterials/Substrate/GLints/dict_16_192_64_0p5_0p02_0060_0012" 4256
"/Engine/EngineMaterials/Substrate/GLints/dict_16_192_64_0p5_0p02_0060_0013" 4257
"/Engine/EngineMaterials/Substrate/GLints/dict_16_192_64_0p5_0p02_0060_0014" 4258
"/Engine/EngineMaterials/Substrate/GLints/dict_16_192_64_0p5_0p02_0060_0015" 4259
"/Engine/EngineMaterials/Substrate/GLints/dict_16_192_64_0p5_0p02_0061_0000" 4260
"/Engine/EngineMaterials/Substrate/GLints/dict_16_192_64_0p5_0p02_0061_0001" 4261
"/Engine/EngineMaterials/Substrate/GLints/dict_16_192_64_0p5_0p02_0061_0002" 4262
"/Engine/EngineMaterials/Substrate/GLints/dict_16_192_64_0p5_0p02_0061_0003" 4263
"/Engine/EngineMaterials/Substrate/GLints/dict_16_192_64_0p5_0p02_0061_0004" 4264
"/Engine/EngineMaterials/Substrate/GLints/dict_16_192_64_0p5_0p02_0061_0005" 4265
"/Engine/EngineMaterials/Substrate/GLints/dict_16_192_64_0p5_0p02_0061_0006" 4266
"/Engine/EngineMaterials/Substrate/GLints/dict_16_192_64_0p5_0p02_0061_0007" 4267
"/Engine/EngineMaterials/Substrate/GLints/dict_16_192_64_0p5_0p02_0061_0008" 4268
"/Engine/EngineMaterials/Substrate/GLints/dict_16_192_64_0p5_0p02_0061_0009" 4269
"../../../Engine/Content/EngineMaterials/Substrate/GLints/dict_16_192_64_0p5_0p02_0059_0009.uasset" 4270
"../../../Engine/Content/EngineMaterials/Substrate/GLints/dict_16_192_64_0p5_0p02_0059_0007.uasset" 4271
"../../../Engine/Content/EngineMaterials/Substrate/GLints/dict_16_192_64_0p5_0p02_0059_0003.uasset" 4272
"../../../Engine/Content/EngineMaterials/Substrate/GLints/dict_16_192_64_0p5_0p02_0059_0004.uasset" 4273
"../../../Engine/Content/EngineMaterials/Substrate/GLints/dict_16_192_64_0p5_0p02_0059_0001.uasset" 4274
"../../../Engine/Content/EngineMaterials/Substrate/GLints/dict_16_192_64_0p5_0p02_0058_0013.uasset" 4275
"../../../Engine/Content/EngineMaterials/Substrate/GLints/dict_16_192_64_0p5_0p02_0058_0008.uasset" 4276
"../../../Engine/Content/EngineMaterials/Substrate/GLints/dict_16_192_64_0p5_0p02_0058_0009.uasset" 4277
"/Engine/EngineMaterials/Substrate/GLints/dict_16_192_64_0p5_0p02_0059_0003" 4278
"../../../Engine/Content/EngineMaterials/Substrate/GLints/dict_16_192_64_0p5_0p02_0058_0010.uasset" 4279
"../../../Engine/Content/EngineMaterials/Substrate/GLints/dict_16_192_64_0p5_0p02_0059_0000.uasset" 4280
"../../../Engine/Content/EngineMaterials/Substrate/GLints/dict_16_192_64_0p5_0p02_0059_0005.uasset" 4281
"../../../Engine/Content/EngineMaterials/Substrate/GLints/dict_16_192_64_0p5_0p02_0058_0011.uasset" 4282
"../../../Engine/Content/EngineMaterials/Substrate/GLints/dict_16_192_64_0p5_0p02_0058_0014.uasset" 4283
"../../../Engine/Content/EngineMaterials/Substrate/GLints/dict_16_192_64_0p5_0p02_0059_0002.uasset" 4284
"../../../Engine/Content/EngineMaterials/Substrate/GLints/dict_16_192_64_0p5_0p02_0058_0004.uasset" 4285
"../../../Engine/Content/EngineMaterials/Substrate/GLints/dict_16_192_64_0p5_0p02_0058_0006.uasset" 4286
"../../../Engine/Content/EngineMaterials/Substrate/GLints/dict_16_192_64_0p5_0p02_0058_0002.uasset" 4287
"../../../Engine/Content/EngineMaterials/Substrate/GLints/dict_16_192_64_0p5_0p02_0059_0006.uasset" 4288
"/Engine/EngineMaterials/Substrate/GLints/dict_16_192_64_0p5_0p02_0059_0010" 4289
"../../../Engine/Content/EngineMaterials/Substrate/GLints/dict_16_192_64_0p5_0p02_0058_0005.uasset" 4290
"../../../Engine/Content/EngineMaterials/Substrate/GLints/dict_16_192_64_0p5_0p02_0059_0008.uasset" 4291
"../../../Engine/Content/EngineMaterials/Substrate/GLints/dict_16_192_64_0p5_0p02_0058_0007.uasset" 4292
"../../../Engine/Content/EngineMaterials/Substrate/GLints/dict_16_192_64_0p5_0p02_0058_0012.uasset" 4293
"../../../Engine/Content/EngineMaterials/Substrate/GLints/dict_16_192_64_0p5_0p02_0058_0003.uasset" 4294
"../../../Engine/Content/EngineMaterials/Substrate/GLints/dict_16_192_64_0p5_0p02_0058_0015.uasset" 4295
"/Engine/EngineMaterials/Substrate/GLints/dict_16_192_64_0p5_0p02_0059_0007" 4296
"/Engine/EngineMaterials/Substrate/GLints/dict_16_192_64_0p5_0p02_0059_0011" 4297
"/Engine/EngineMaterials/Substrate/GLints/dict_16_192_64_0p5_0p02_0059_0009" 4298
"/Engine/EngineMaterials/Substrate/GLints/dict_16_192_64_0p5_0p02_0059_0012" 4299
"/Engine/EngineMaterials/Substrate/GLints/dict_16_192_64_0p5_0p02_0059_0013" 4300
"/Engine/EngineMaterials/Substrate/GLints/dict_16_192_64_0p5_0p02_0059_0014" 4301
"/Engine/EngineMaterials/Substrate/GLints/dict_16_192_64_0p5_0p02_0059_0015" 4302
"/Engine/EngineMaterials/Substrate/GLints/dict_16_192_64_0p5_0p02_0060_0000" 4303
"/Engine/EngineMaterials/Substrate/GLints/dict_16_192_64_0p5_0p02_0060_0001" 4304
"../../../Engine/Content/EngineMaterials/Substrate/GLints/dict_16_192_64_0p5_0p02_0058_0001.uasset" 4305
"../../../Engine/Content/EngineMaterials/Substrate/GLints/dict_16_192_64_0p5_0p02_0058_0000.uasset" 4306
"../../../Engine/Content/EngineMaterials/Substrate/GLints/dict_16_192_64_0p5_0p02_0057_0015.uasset" 4307
"../../../Engine/Content/EngineMaterials/Substrate/GLints/dict_16_192_64_0p5_0p02_0057_0014.uasset" 4308
"../../../Engine/Content/EngineMaterials/Substrate/GLints/dict_16_192_64_0p5_0p02_0057_0010.uasset" 4309
"../../../Engine/Content/EngineMaterials/Substrate/GLints/dict_16_192_64_0p5_0p02_0057_0013.uasset" 4310
"../../../Engine/Content/EngineMaterials/Substrate/GLints/dict_16_192_64_0p5_0p02_0057_0007.uasset" 4311
"/Engine/EngineMaterials/Substrate/GLints/dict_16_192_64_0p5_0p02_0058_0002" 4312
"../../../Engine/Content/EngineMaterials/Substrate/GLints/dict_16_192_64_0p5_0p02_0057_0011.uasset" 4313
"../../../Engine/Content/EngineMaterials/Substrate/GLints/dict_16_192_64_0p5_0p02_0057_0009.uasset" 4314
"../../../Engine/Content/EngineMaterials/Substrate/GLints/dict_16_192_64_0p5_0p02_0057_0008.uasset" 4315
"../../../Engine/Content/EngineMaterials/Substrate/GLints/dict_16_192_64_0p5_0p02_0057_0012.uasset" 4316
"/Engine/EngineMaterials/Substrate/GLints/dict_16_192_64_0p5_0p02_0058_0003" 4317
"/Engine/EngineMaterials/Substrate/GLints/dict_16_192_64_0p5_0p02_0058_0004" 4318
"/Engine/EngineMaterials/Substrate/GLints/dict_16_192_64_0p5_0p02_0058_0005" 4319
"/Engine/EngineMaterials/Substrate/GLints/dict_16_192_64_0p5_0p02_0058_0006" 4320
"/Engine/EngineMaterials/Substrate/GLints/dict_16_192_64_0p5_0p02_0058_0007" 4321
"/Engine/EngineMaterials/Substrate/GLints/dict_16_192_64_0p5_0p02_0058_0008" 4322
"/Engine/EngineMaterials/Substrate/GLints/dict_16_192_64_0p5_0p02_0058_0009" 4323
"/Engine/EngineMaterials/Substrate/GLints/dict_16_192_64_0p5_0p02_0058_0010" 4324
"/Engine/EngineMaterials/Substrate/GLints/dict_16_192_64_0p5_0p02_0058_0011" 4325
"/Engine/EngineMaterials/Substrate/GLints/dict_16_192_64_0p5_0p02_0058_0012" 4326
"/Engine/EngineMaterials/Substrate/GLints/dict_16_192_64_0p5_0p02_0058_0013" 4327
"/Engine/EngineMaterials/Substrate/GLints/dict_16_192_64_0p5_0p02_0058_0014" 4328
"/Engine/EngineMaterials/Substrate/GLints/dict_16_192_64_0p5_0p02_0058_0015" 4329
"/Engine/EngineMaterials/Substrate/GLints/dict_16_192_64_0p5_0p02_0059_0000" 4330
"/Engine/EngineMaterials/Substrate/GLints/dict_16_192_64_0p5_0p02_0059_0001" 4331
"/Engine/EngineMaterials/Substrate/GLints/dict_16_192_64_0p5_0p02_0059_0002" 4332
"/Engine/EngineMaterials/Substrate/GLints/dict_16_192_64_0p5_0p02_0059_0004" 4333
"/Engine/EngineMaterials/Substrate/GLints/dict_16_192_64_0p5_0p02_0059_0005" 4334
"/Engine/EngineMaterials/Substrate/GLints/dict_16_192_64_0p5_0p02_0059_0006" 4335
"/Engine/EngineMaterials/Substrate/GLints/dict_16_192_64_0p5_0p02_0059_0008" 4336
"/Engine/EngineMaterials/Substrate/GLints/dict_16_192_64_0p5_0p02_0058_0000" 4337
"/Engine/EngineMaterials/Substrate/GLints/dict_16_192_64_0p5_0p02_0058_0001" 4338
"../../../Engine/Content/EngineMaterials/Substrate/GLints/dict_16_192_64_0p5_0p02_0057_0006.uasset" 4339
"../../../Engine/Content/EngineMaterials/Substrate/GLints/dict_16_192_64_0p5_0p02_0057_0005.uasset" 4340
"../../../Engine/Content/EngineMaterials/Substrate/GLints/dict_16_192_64_0p5_0p02_0057_0002.uasset" 4341
"../../../Engine/Content/EngineMaterials/Substrate/GLints/dict_16_192_64_0p5_0p02_0056_0015.uasset" 4342
"../../../Engine/Content/EngineMaterials/Substrate/GLints/dict_16_192_64_0p5_0p02_0057_0000.uasset" 4343
"../../../Engine/Content/EngineMaterials/Substrate/GLints/dict_16_192_64_0p5_0p02_0056_0010.uasset" 4344
"../../../Engine/Content/EngineMaterials/Substrate/GLints/dict_16_192_64_0p5_0p02_0057_0001.uasset" 4345
"../../../Engine/Content/EngineMaterials/Substrate/GLints/dict_16_192_64_0p5_0p02_0057_0004.uasset" 4346
"../../../Engine/Content/EngineMaterials/Substrate/GLints/dict_16_192_64_0p5_0p02_0056_0011.uasset" 4347
"../../../Engine/Content/EngineMaterials/Substrate/GLints/dict_16_192_64_0p5_0p02_0056_0009.uasset" 4348
"../../../Engine/Content/EngineMaterials/Substrate/GLints/dict_16_192_64_0p5_0p02_0056_0000.uasset" 4349
"../../../Engine/Content/EngineMaterials/Substrate/GLints/dict_16_192_64_0p5_0p02_0056_0012.uasset" 4350
"../../../Engine/Content/EngineMaterials/Substrate/GLints/dict_16_192_64_0p5_0p02_0056_0014.uasset" 4351
"../../../Engine/Content/EngineMaterials/Substrate/GLints/dict_16_192_64_0p5_0p02_0056_0007.uasset" 4352
"../../../Engine/Content/EngineMaterials/Substrate/GLints/dict_16_192_64_0p5_0p02_0057_0003.uasset" 4353
"/Engine/EngineMaterials/Substrate/GLints/dict_16_192_64_0p5_0p02_0056_0015" 4354
"../../../Engine/Content/EngineMaterials/Substrate/GLints/dict_16_192_64_0p5_0p02_0056_0006.uasset" 4355
"../../../Engine/Content/EngineMaterials/Substrate/GLints/dict_16_192_64_0p5_0p02_0056_0001.uasset" 4356
"../../../Engine/Content/EngineMaterials/Substrate/GLints/dict_16_192_64_0p5_0p02_0056_0008.uasset" 4357
"../../../Engine/Content/EngineMaterials/Substrate/GLints/dict_16_192_64_0p5_0p02_0056_0002.uasset" 4358
"../../../Engine/Content/EngineMaterials/Substrate/GLints/dict_16_192_64_0p5_0p02_0056_0005.uasset" 4359
"../../../Engine/Content/EngineMaterials/Substrate/GLints/dict_16_192_64_0p5_0p02_0056_0013.uasset" 4360
"../../../Engine/Content/EngineMaterials/Substrate/GLints/dict_16_192_64_0p5_0p02_0056_0004.uasset" 4361
"../../../Engine/Content/EngineMaterials/Substrate/GLints/dict_16_192_64_0p5_0p02_0056_0003.uasset" 4362
"/Engine/EngineMaterials/Substrate/GLints/dict_16_192_64_0p5_0p02_0057_0000" 4363
"/Engine/EngineMaterials/Substrate/GLints/dict_16_192_64_0p5_0p02_0057_0007" 4364
"/Engine/EngineMaterials/Substrate/GLints/dict_16_192_64_0p5_0p02_0057_0002" 4365
"/Engine/EngineMaterials/Substrate/GLints/dict_16_192_64_0p5_0p02_0057_0008" 4366
"/Engine/EngineMaterials/Substrate/GLints/dict_16_192_64_0p5_0p02_0057_0009" 4367
"/Engine/EngineMaterials/Substrate/GLints/dict_16_192_64_0p5_0p02_0057_0010" 4368
"/Engine/EngineMaterials/Substrate/GLints/dict_16_192_64_0p5_0p02_0057_0011" 4369
"/Engine/EngineMaterials/Substrate/GLints/dict_16_192_64_0p5_0p02_0057_0012" 4370
"/Engine/EngineMaterials/Substrate/GLints/dict_16_192_64_0p5_0p02_0057_0013" 4371
"/Engine/EngineMaterials/Substrate/GLints/dict_16_192_64_0p5_0p02_0057_0014" 4372
"/Engine/EngineMaterials/Substrate/GLints/dict_16_192_64_0p5_0p02_0057_0015" 4373
"/Engine/EngineMaterials/Substrate/GLints/dict_16_192_64_0p5_0p02_0057_0005" 4374
"/Engine/EngineMaterials/Substrate/GLints/dict_16_192_64_0p5_0p02_0057_0006" 4375
"../../../Engine/Content/EngineMaterials/Substrate/GLints/dict_16_192_64_0p5_0p02_0055_0015.uasset" 4376
"../../../Engine/Content/EngineMaterials/Substrate/GLints/dict_16_192_64_0p5_0p02_0055_0014.uasset" 4377
"../../../Engine/Content/EngineMaterials/Substrate/GLints/dict_16_192_64_0p5_0p02_0055_0013.uasset" 4378
"../../../Engine/Content/EngineMaterials/Substrate/GLints/dict_16_192_64_0p5_0p02_0055_0011.uasset" 4379
"../../../Engine/Content/EngineMaterials/Substrate/GLints/dict_16_192_64_0p5_0p02_0055_0012.uasset" 4380
"../../../Engine/Content/EngineMaterials/Substrate/GLints/dict_16_192_64_0p5_0p02_0055_0008.uasset" 4381
"../../../Engine/Content/EngineMaterials/Substrate/GLints/dict_16_192_64_0p5_0p02_0055_0002.uasset" 4382
"../../../Engine/Content/EngineMaterials/Substrate/GLints/dict_16_192_64_0p5_0p02_0055_0009.uasset" 4383
"../../../Engine/Content/EngineMaterials/Substrate/GLints/dict_16_192_64_0p5_0p02_0055_0006.uasset" 4384
"../../../Engine/Content/EngineMaterials/Substrate/GLints/dict_16_192_64_0p5_0p02_0055_0003.uasset" 4385
"/Engine/EngineMaterials/Substrate/GLints/dict_16_192_64_0p5_0p02_0056_0000" 4386
"../../../Engine/Content/EngineMaterials/Substrate/GLints/dict_16_192_64_0p5_0p02_0055_0010.uasset" 4387
"../../../Engine/Content/EngineMaterials/Substrate/GLints/dict_16_192_64_0p5_0p02_0055_0007.uasset" 4388
"../../../Engine/Content/EngineMaterials/Substrate/GLints/dict_16_192_64_0p5_0p02_0055_0004.uasset" 4389
"../../../Engine/Content/EngineMaterials/Substrate/GLints/dict_16_192_64_0p5_0p02_0055_0005.uasset" 4390
"/Engine/EngineMaterials/Substrate/GLints/dict_16_192_64_0p5_0p02_0056_0001" 4391
"/Engine/EngineMaterials/Substrate/GLints/dict_16_192_64_0p5_0p02_0056_0002" 4392
"/Engine/EngineMaterials/Substrate/GLints/dict_16_192_64_0p5_0p02_0056_0003" 4393
"/Engine/EngineMaterials/Substrate/GLints/dict_16_192_64_0p5_0p02_0056_0004" 4394
"/Engine/EngineMaterials/Substrate/GLints/dict_16_192_64_0p5_0p02_0056_0005" 4395
"/Engine/EngineMaterials/Substrate/GLints/dict_16_192_64_0p5_0p02_0056_0006" 4396
"/Engine/EngineMaterials/Substrate/GLints/dict_16_192_64_0p5_0p02_0056_0007" 4397
"/Engine/EngineMaterials/Substrate/GLints/dict_16_192_64_0p5_0p02_0056_0008" 4398
"/Engine/EngineMaterials/Substrate/GLints/dict_16_192_64_0p5_0p02_0056_0009" 4399
"/Engine/EngineMaterials/Substrate/GLints/dict_16_192_64_0p5_0p02_0056_0010" 4400
"/Engine/EngineMaterials/Substrate/GLints/dict_16_192_64_0p5_0p02_0056_0011" 4401
"/Engine/EngineMaterials/Substrate/GLints/dict_16_192_64_0p5_0p02_0056_0012" 4402
"/Engine/EngineMaterials/Substrate/GLints/dict_16_192_64_0p5_0p02_0056_0013" 4403
"/Engine/EngineMaterials/Substrate/GLints/dict_16_192_64_0p5_0p02_0056_0014" 4404
"/Engine/EngineMaterials/Substrate/GLints/dict_16_192_64_0p5_0p02_0057_0001" 4405
"/Engine/EngineMaterials/Substrate/GLints/dict_16_192_64_0p5_0p02_0057_0003" 4406
"/Engine/EngineMaterials/Substrate/GLints/dict_16_192_64_0p5_0p02_0057_0004" 4407
"/Engine/EngineMaterials/Substrate/GLints/dict_16_192_64_0p5_0p02_0055_0013" 4408
"/Engine/EngineMaterials/Substrate/GLints/dict_16_192_64_0p5_0p02_0055_0014" 4409
"/Engine/EngineMaterials/Substrate/GLints/dict_16_192_64_0p5_0p02_0055_0015" 4410
"../../../Engine/Content/EngineMaterials/Substrate/GLints/dict_16_192_64_0p5_0p02_0055_0001.uasset" 4411
"../../../Engine/Content/EngineMaterials/Substrate/GLints/dict_16_192_64_0p5_0p02_0055_0000.uasset" 4412
"../../../Engine/Content/EngineMaterials/Substrate/GLints/dict_16_192_64_0p5_0p02_0054_0015.uasset" 4413
"../../../Engine/Content/EngineMaterials/Substrate/GLints/dict_16_192_64_0p5_0p02_0054_0013.uasset" 4414
"../../../Engine/Content/EngineMaterials/Substrate/GLints/dict_16_192_64_0p5_0p02_0054_0014.uasset" 4415
"../../../Engine/Content/EngineMaterials/Substrate/GLints/dict_16_192_64_0p5_0p02_0054_0009.uasset" 4416
"../../../Engine/Content/EngineMaterials/Substrate/GLints/dict_16_192_64_0p5_0p02_0054_0011.uasset" 4417
"../../../Engine/Content/EngineMaterials/Substrate/GLints/dict_16_192_64_0p5_0p02_0054_0008.uasset" 4418
"../../../Engine/Content/EngineMaterials/Substrate/GLints/dict_16_192_64_0p5_0p02_0054_0012.uasset" 4419
"../../../Engine/Content/EngineMaterials/Substrate/GLints/dict_16_192_64_0p5_0p02_0054_0006.uasset" 4420
"/Engine/EngineMaterials/Substrate/GLints/dict_16_192_64_0p5_0p02_0055_0002" 4421
"../../../Engine/Content/EngineMaterials/Substrate/GLints/dict_16_192_64_0p5_0p02_0053_0014.uasset" 4422
"../../../Engine/Content/EngineMaterials/Substrate/GLints/dict_16_192_64_0p5_0p02_0054_0004.uasset" 4423
"../../../Engine/Content/EngineMaterials/Substrate/GLints/dict_16_192_64_0p5_0p02_0054_0000.uasset" 4424
"../../../Engine/Content/EngineMaterials/Substrate/GLints/dict_16_192_64_0p5_0p02_0053_0015.uasset" 4425
"../../../Engine/Content/EngineMaterials/Substrate/GLints/dict_16_192_64_0p5_0p02_0054_0003.uasset" 4426
"../../../Engine/Content/EngineMaterials/Substrate/GLints/dict_16_192_64_0p5_0p02_0054_0007.uasset" 4427
"../../../Engine/Content/EngineMaterials/Substrate/GLints/dict_16_192_64_0p5_0p02_0054_0010.uasset" 4428
"../../../Engine/Content/EngineMaterials/Substrate/GLints/dict_16_192_64_0p5_0p02_0054_0005.uasset" 4429
"../../../Engine/Content/EngineMaterials/Substrate/GLints/dict_16_192_64_0p5_0p02_0053_0013.uasset" 4430
"../../../Engine/Content/EngineMaterials/Substrate/GLints/dict_16_192_64_0p5_0p02_0054_0002.uasset" 4431
"../../../Engine/Content/EngineMaterials/Substrate/GLints/dict_16_192_64_0p5_0p02_0054_0001.uasset" 4432
"/Engine/EngineMaterials/Substrate/GLints/dict_16_192_64_0p5_0p02_0055_0003" 4433
"/Engine/EngineMaterials/Substrate/GLints/dict_16_192_64_0p5_0p02_0055_0004" 4434
"/Engine/EngineMaterials/Substrate/GLints/dict_16_192_64_0p5_0p02_0055_0005" 4435
"/Engine/EngineMaterials/Substrate/GLints/dict_16_192_64_0p5_0p02_0055_0006" 4436
"/Engine/EngineMaterials/Substrate/GLints/dict_16_192_64_0p5_0p02_0054_0013" 4437
"/Engine/EngineMaterials/Substrate/GLints/dict_16_192_64_0p5_0p02_0055_0007" 4438
"/Engine/EngineMaterials/Substrate/GLints/dict_16_192_64_0p5_0p02_0055_0008" 4439
"/Engine/EngineMaterials/Substrate/GLints/dict_16_192_64_0p5_0p02_0054_0014" 4440
"/Engine/EngineMaterials/Substrate/GLints/dict_16_192_64_0p5_0p02_0055_0009" 4441
"/Engine/EngineMaterials/Substrate/GLints/dict_16_192_64_0p5_0p02_0055_0010" 4442
"/Engine/EngineMaterials/Substrate/GLints/dict_16_192_64_0p5_0p02_0055_0011" 4443
"/Engine/EngineMaterials/Substrate/GLints/dict_16_192_64_0p5_0p02_0055_0012" 4444
"/Engine/EngineMaterials/Substrate/GLints/dict_16_192_64_0p5_0p02_0054_0015" 4445
"/Engine/EngineMaterials/Substrate/GLints/dict_16_192_64_0p5_0p02_0055_0000" 4446
"/Engine/EngineMaterials/Substrate/GLints/dict_16_192_64_0p5_0p02_0055_0001" 4447
"../../../Engine/Content/EngineMaterials/Substrate/GLints/dict_16_192_64_0p5_0p02_0053_0012.uasset" 4448
"../../../Engine/Content/EngineMaterials/Substrate/GLints/dict_16_192_64_0p5_0p02_0053_0011.uasset" 4449
"../../../Engine/Content/EngineMaterials/Substrate/GLints/dict_16_192_64_0p5_0p02_0053_0007.uasset" 4450
"../../../Engine/Content/EngineMaterials/Substrate/GLints/dict_16_192_64_0p5_0p02_0053_0010.uasset" 4451
"../../../Engine/Content/EngineMaterials/Substrate/GLints/dict_16_192_64_0p5_0p02_0053_0008.uasset" 4452
"../../../Engine/Content/EngineMaterials/Substrate/GLints/dict_16_192_64_0p5_0p02_0053_0005.uasset" 4453
"../../../Engine/Content/EngineMaterials/Substrate/GLints/dict_16_192_64_0p5_0p02_0053_0003.uasset" 4454
"../../../Engine/Content/EngineMaterials/Substrate/GLints/dict_16_192_64_0p5_0p02_0052_0014.uasset" 4455
"../../../Engine/Content/EngineMaterials/Substrate/GLints/dict_16_192_64_0p5_0p02_0053_0000.uasset" 4456
"/Engine/EngineMaterials/Substrate/GLints/dict_16_192_64_0p5_0p02_0053_0013" 4457
"../../../Engine/Content/EngineMaterials/Substrate/GLints/dict_16_192_64_0p5_0p02_0052_0015.uasset" 4458
"../../../Engine/Content/EngineMaterials/Substrate/GLints/dict_16_192_64_0p5_0p02_0053_0009.uasset" 4459
"../../../Engine/Content/EngineMaterials/Substrate/GLints/dict_16_192_64_0p5_0p02_0053_0004.uasset" 4460
"../../../Engine/Content/EngineMaterials/Substrate/GLints/dict_16_192_64_0p5_0p02_0053_0002.uasset" 4461
"../../../Engine/Content/EngineMaterials/Substrate/GLints/dict_16_192_64_0p5_0p02_0052_0013.uasset" 4462
"../../../Engine/Content/EngineMaterials/Substrate/GLints/dict_16_192_64_0p5_0p02_0053_0006.uasset" 4463
"../../../Engine/Content/EngineMaterials/Substrate/GLints/dict_16_192_64_0p5_0p02_0053_0001.uasset" 4464
"/Engine/EngineMaterials/Substrate/GLints/dict_16_192_64_0p5_0p02_0053_0014" 4465
"/Engine/EngineMaterials/Substrate/GLints/dict_16_192_64_0p5_0p02_0053_0015" 4466
"/Engine/EngineMaterials/Substrate/GLints/dict_16_192_64_0p5_0p02_0054_0000" 4467
"/Engine/EngineMaterials/Substrate/GLints/dict_16_192_64_0p5_0p02_0054_0001" 4468
"/Engine/EngineMaterials/Substrate/GLints/dict_16_192_64_0p5_0p02_0054_0002" 4469
"/Engine/EngineMaterials/Substrate/GLints/dict_16_192_64_0p5_0p02_0054_0003" 4470
"/Engine/EngineMaterials/Substrate/GLints/dict_16_192_64_0p5_0p02_0054_0004" 4471
"/Engine/EngineMaterials/Substrate/GLints/dict_16_192_64_0p5_0p02_0054_0005" 4472
"/Engine/EngineMaterials/Substrate/GLints/dict_16_192_64_0p5_0p02_0054_0006" 4473
"/Engine/EngineMaterials/Substrate/GLints/dict_16_192_64_0p5_0p02_0054_0007" 4474
"/Engine/EngineMaterials/Substrate/GLints/dict_16_192_64_0p5_0p02_0054_0008" 4475
"/Engine/EngineMaterials/Substrate/GLints/dict_16_192_64_0p5_0p02_0054_0009" 4476
"/Engine/EngineMaterials/Substrate/GLints/dict_16_192_64_0p5_0p02_0054_0010" 4477
"/Engine/EngineMaterials/Substrate/GLints/dict_16_192_64_0p5_0p02_0054_0011" 4478
"/Engine/EngineMaterials/Substrate/GLints/dict_16_192_64_0p5_0p02_0054_0012" 4479
"/Engine/EngineMaterials/Substrate/GLints/dict_16_192_64_0p5_0p02_0053_0007" 4480
"/Engine/EngineMaterials/Substrate/GLints/dict_16_192_64_0p5_0p02_0053_0011" 4481
"/Engine/EngineMaterials/Substrate/GLints/dict_16_192_64_0p5_0p02_0053_0012" 4482
"../../../Engine/Content/EngineMaterials/Substrate/GLints/dict_16_192_64_0p5_0p02_0052_0012.uasset" 4483
"../../../Engine/Content/EngineMaterials/Substrate/GLints/dict_16_192_64_0p5_0p02_0052_0011.uasset" 4484
"../../../Engine/Content/EngineMaterials/Substrate/GLints/dict_16_192_64_0p5_0p02_0052_0010.uasset" 4485
"../../../Engine/Content/EngineMaterials/Substrate/GLints/dict_16_192_64_0p5_0p02_0052_0009.uasset" 4486
"../../../Engine/Content/EngineMaterials/Substrate/GLints/dict_16_192_64_0p5_0p02_0052_0007.uasset" 4487
"../../../Engine/Content/EngineMaterials/Substrate/GLints/dict_16_192_64_0p5_0p02_0052_0006.uasset" 4488
"../../../Engine/Content/EngineMaterials/Substrate/GLints/dict_16_192_64_0p5_0p02_0052_0008.uasset" 4489
"../../../Engine/Content/EngineMaterials/Substrate/GLints/dict_16_192_64_0p5_0p02_0052_0005.uasset" 4490
"../../../Engine/Content/EngineMaterials/Substrate/GLints/dict_16_192_64_0p5_0p02_0052_0000.uasset" 4491
"/Engine/EngineMaterials/Substrate/GLints/dict_16_192_64_0p5_0p02_0052_0013" 4492
"../../../Engine/Content/EngineMaterials/Substrate/GLints/dict_16_192_64_0p5_0p02_0051_0012.uasset" 4493
"../../../Engine/Content/EngineMaterials/Substrate/GLints/dict_16_192_64_0p5_0p02_0051_0013.uasset" 4494
"../../../Engine/Content/EngineMaterials/Substrate/GLints/dict_16_192_64_0p5_0p02_0051_0010.uasset" 4495
"../../../Engine/Content/EngineMaterials/Substrate/GLints/dict_16_192_64_0p5_0p02_0051_0015.uasset" 4496
"../../../Engine/Content/EngineMaterials/Substrate/GLints/dict_16_192_64_0p5_0p02_0052_0003.uasset" 4497
"../../../Engine/Content/EngineMaterials/Substrate/GLints/dict_16_192_64_0p5_0p02_0052_0001.uasset" 4498
"../../../Engine/Content/EngineMaterials/Substrate/GLints/dict_16_192_64_0p5_0p02_0051_0011.uasset" 4499
"../../../Engine/Content/EngineMaterials/Substrate/GLints/dict_16_192_64_0p5_0p02_0051_0014.uasset" 4500
"../../../Engine/Content/EngineMaterials/Substrate/GLints/dict_16_192_64_0p5_0p02_0052_0004.uasset" 4501
"../../../Engine/Content/EngineMaterials/Substrate/GLints/dict_16_192_64_0p5_0p02_0052_0002.uasset" 4502
"/Engine/EngineMaterials/Substrate/GLints/dict_16_192_64_0p5_0p02_0052_0014" 4503
"/Engine/EngineMaterials/Substrate/GLints/dict_16_192_64_0p5_0p02_0052_0015" 4504
"/Engine/EngineMaterials/Substrate/GLints/dict_16_192_64_0p5_0p02_0053_0000" 4505
"/Engine/EngineMaterials/Substrate/GLints/dict_16_192_64_0p5_0p02_0053_0001" 4506
"/Engine/EngineMaterials/Substrate/GLints/dict_16_192_64_0p5_0p02_0053_0002" 4507
"/Engine/EngineMaterials/Substrate/GLints/dict_16_192_64_0p5_0p02_0053_0003" 4508
"/Engine/EngineMaterials/Substrate/GLints/dict_16_192_64_0p5_0p02_0053_0004" 4509
"/Engine/EngineMaterials/Substrate/GLints/dict_16_192_64_0p5_0p02_0053_0005" 4510
"/Engine/EngineMaterials/Substrate/GLints/dict_16_192_64_0p5_0p02_0053_0006" 4511
"/Engine/EngineMaterials/Substrate/GLints/dict_16_192_64_0p5_0p02_0052_0010" 4512
"/Engine/EngineMaterials/Substrate/GLints/dict_16_192_64_0p5_0p02_0053_0008" 4513
"/Engine/EngineMaterials/Substrate/GLints/dict_16_192_64_0p5_0p02_0053_0009" 4514
"/Engine/EngineMaterials/Substrate/GLints/dict_16_192_64_0p5_0p02_0053_0010" 4515
"/Engine/EngineMaterials/Substrate/GLints/dict_16_192_64_0p5_0p02_0052_0011" 4516
"/Engine/EngineMaterials/Substrate/GLints/dict_16_192_64_0p5_0p02_0052_0012" 4517
"../../../Engine/Content/EngineMaterials/Substrate/GLints/dict_16_192_64_0p5_0p02_0051_0009.uasset" 4518
"../../../Engine/Content/EngineMaterials/Substrate/GLints/dict_16_192_64_0p5_0p02_0051_0008.uasset" 4519
"../../../Engine/Content/EngineMaterials/Substrate/GLints/dict_16_192_64_0p5_0p02_0051_0007.uasset" 4520
"../../../Engine/Content/EngineMaterials/Substrate/GLints/dict_16_192_64_0p5_0p02_0051_0006.uasset" 4521
"../../../Engine/Content/EngineMaterials/Substrate/GLints/dict_16_192_64_0p5_0p02_0051_0004.uasset" 4522
"../../../Engine/Content/EngineMaterials/Substrate/GLints/dict_16_192_64_0p5_0p02_0050_0010.uasset" 4523
"../../../Engine/Content/EngineMaterials/Substrate/GLints/dict_16_192_64_0p5_0p02_0050_0012.uasset" 4524
"/Engine/EngineMaterials/Substrate/GLints/dict_16_192_64_0p5_0p02_0051_0010" 4525
"../../../Engine/Content/EngineMaterials/Substrate/GLints/dict_16_192_64_0p5_0p02_0050_0015.uasset" 4526
"../../../Engine/Content/EngineMaterials/Substrate/GLints/dict_16_192_64_0p5_0p02_0051_0000.uasset" 4527
"../../../Engine/Content/EngineMaterials/Substrate/GLints/dict_16_192_64_0p5_0p02_0051_0003.uasset" 4528
"../../../Engine/Content/EngineMaterials/Substrate/GLints/dict_16_192_64_0p5_0p02_0051_0001.uasset" 4529
"../../../Engine/Content/EngineMaterials/Substrate/GLints/dict_16_192_64_0p5_0p02_0050_0014.uasset" 4530
"../../../Engine/Content/EngineMaterials/Substrate/GLints/dict_16_192_64_0p5_0p02_0050_0013.uasset" 4531
"../../../Engine/Content/EngineMaterials/Substrate/GLints/dict_16_192_64_0p5_0p02_0050_0011.uasset" 4532
"../../../Engine/Content/EngineMaterials/Substrate/GLints/dict_16_192_64_0p5_0p02_0051_0002.uasset" 4533
"../../../Engine/Content/EngineMaterials/Substrate/GLints/dict_16_192_64_0p5_0p02_0051_0005.uasset" 4534
"/Engine/EngineMaterials/Substrate/GLints/dict_16_192_64_0p5_0p02_0051_0011" 4535
"/Engine/EngineMaterials/Substrate/GLints/dict_16_192_64_0p5_0p02_0051_0012" 4536
"/Engine/EngineMaterials/Substrate/GLints/dict_16_192_64_0p5_0p02_0051_0013" 4537
"/Engine/EngineMaterials/Substrate/GLints/dict_16_192_64_0p5_0p02_0051_0014" 4538
"/Engine/EngineMaterials/Substrate/GLints/dict_16_192_64_0p5_0p02_0051_0015" 4539
"/Engine/EngineMaterials/Substrate/GLints/dict_16_192_64_0p5_0p02_0052_0000" 4540
"/Engine/EngineMaterials/Substrate/GLints/dict_16_192_64_0p5_0p02_0052_0001" 4541
"/Engine/EngineMaterials/Substrate/GLints/dict_16_192_64_0p5_0p02_0052_0002" 4542
"/Engine/EngineMaterials/Substrate/GLints/dict_16_192_64_0p5_0p02_0052_0003" 4543
"/Engine/EngineMaterials/Substrate/GLints/dict_16_192_64_0p5_0p02_0052_0004" 4544
"/Engine/EngineMaterials/Substrate/GLints/dict_16_192_64_0p5_0p02_0052_0005" 4545
"/Engine/EngineMaterials/Substrate/GLints/dict_16_192_64_0p5_0p02_0052_0006" 4546
"/Engine/EngineMaterials/Substrate/GLints/dict_16_192_64_0p5_0p02_0052_0007" 4547
"/Engine/EngineMaterials/Substrate/GLints/dict_16_192_64_0p5_0p02_0052_0008" 4548
"/Engine/EngineMaterials/Substrate/GLints/dict_16_192_64_0p5_0p02_0052_0009" 4549
"/Engine/EngineMaterials/Substrate/GLints/dict_16_192_64_0p5_0p02_0051_0007" 4550
"/Engine/EngineMaterials/Substrate/GLints/dict_16_192_64_0p5_0p02_0051_0008" 4551
"/Engine/EngineMaterials/Substrate/GLints/dict_16_192_64_0p5_0p02_0051_0009" 4552
"../../../Engine/Content/EngineMaterials/Substrate/GLints/dict_16_192_64_0p5_0p02_0050_0009.uasset" 4553
"../../../Engine/Content/EngineMaterials/Substrate/GLints/dict_16_192_64_0p5_0p02_0050_0007.uasset" 4554
"../../../Engine/Content/EngineMaterials/Substrate/GLints/dict_16_192_64_0p5_0p02_0050_0008.uasset" 4555
"../../../Engine/Content/EngineMaterials/Substrate/GLints/dict_16_192_64_0p5_0p02_0050_0006.uasset" 4556
"../../../Engine/Content/EngineMaterials/Substrate/GLints/dict_16_192_64_0p5_0p02_0050_0003.uasset" 4557
"../../../Engine/Content/EngineMaterials/Substrate/GLints/dict_16_192_64_0p5_0p02_0049_0014.uasset" 4558
"../../../Engine/Content/EngineMaterials/Substrate/GLints/dict_16_192_64_0p5_0p02_0050_0002.uasset" 4559
"../../../Engine/Content/EngineMaterials/Substrate/GLints/dict_16_192_64_0p5_0p02_0049_0010.uasset" 4560
"../../../Engine/Content/EngineMaterials/Substrate/GLints/dict_16_192_64_0p5_0p02_0050_0005.uasset" 4561
"../../../Engine/Content/EngineMaterials/Substrate/GLints/dict_16_192_64_0p5_0p02_0049_0007.uasset" 4562
"../../../Engine/Content/EngineMaterials/Substrate/GLints/dict_16_192_64_0p5_0p02_0049_0012.uasset" 4563
"../../../Engine/Content/EngineMaterials/Substrate/GLints/dict_16_192_64_0p5_0p02_0050_0000.uasset" 4564
"../../../Engine/Content/EngineMaterials/Substrate/GLints/dict_16_192_64_0p5_0p02_0049_0009.uasset" 4565
"../../../Engine/Content/EngineMaterials/Substrate/GLints/dict_16_192_64_0p5_0p02_0049_0011.uasset" 4566
"/Engine/EngineMaterials/Substrate/GLints/dict_16_192_64_0p5_0p02_0050_0010" 4567
"../../../Engine/Content/EngineMaterials/Substrate/GLints/dict_16_192_64_0p5_0p02_0049_0013.uasset" 4568
"../../../Engine/Content/EngineMaterials/Substrate/GLints/dict_16_192_64_0p5_0p02_0049_0008.uasset" 4569
"../../../Engine/Content/EngineMaterials/Substrate/GLints/dict_16_192_64_0p5_0p02_0050_0001.uasset" 4570
"../../../Engine/Content/EngineMaterials/Substrate/GLints/dict_16_192_64_0p5_0p02_0050_0004.uasset" 4571
"../../../Engine/Content/EngineMaterials/Substrate/GLints/dict_16_192_64_0p5_0p02_0049_0015.uasset" 4572
"/Engine/EngineMaterials/Substrate/GLints/dict_16_192_64_0p5_0p02_0050_0011" 4573
"/Engine/EngineMaterials/Substrate/GLints/dict_16_192_64_0p5_0p02_0050_0012" 4574
"/Engine/EngineMaterials/Substrate/GLints/dict_16_192_64_0p5_0p02_0050_0013" 4575
"/Engine/EngineMaterials/Substrate/GLints/dict_16_192_64_0p5_0p02_0050_0014" 4576
"/Engine/EngineMaterials/Substrate/GLints/dict_16_192_64_0p5_0p02_0050_0015" 4577
"/Engine/EngineMaterials/Substrate/GLints/dict_16_192_64_0p5_0p02_0051_0000" 4578
"/Engine/EngineMaterials/Substrate/GLints/dict_16_192_64_0p5_0p02_0051_0001" 4579
"/Engine/EngineMaterials/Substrate/GLints/dict_16_192_64_0p5_0p02_0051_0002" 4580
"/Engine/EngineMaterials/Substrate/GLints/dict_16_192_64_0p5_0p02_0051_0003" 4581
"/Engine/EngineMaterials/Substrate/GLints/dict_16_192_64_0p5_0p02_0051_0004" 4582
"/Engine/EngineMaterials/Substrate/GLints/dict_16_192_64_0p5_0p02_0051_0005" 4583
"/Engine/EngineMaterials/Substrate/GLints/dict_16_192_64_0p5_0p02_0051_0006" 4584
"/Engine/EngineMaterials/Substrate/GLints/dict_16_192_64_0p5_0p02_0050_0007" 4585
"/Engine/EngineMaterials/Substrate/GLints/dict_16_192_64_0p5_0p02_0050_0008" 4586
"/Engine/EngineMaterials/Substrate/GLints/dict_16_192_64_0p5_0p02_0050_0009" 4587
"../../../Engine/Content/EngineMaterials/Substrate/GLints/dict_16_192_64_0p5_0p02_0049_0005.uasset" 4588
"../../../Engine/Content/EngineMaterials/Substrate/GLints/dict_16_192_64_0p5_0p02_0049_0006.uasset" 4589
"../../../Engine/Content/EngineMaterials/Substrate/GLints/dict_16_192_64_0p5_0p02_0049_0004.uasset" 4590
"../../../Engine/Content/EngineMaterials/Substrate/GLints/dict_16_192_64_0p5_0p02_0049_0002.uasset" 4591
"../../../Engine/Content/EngineMaterials/Substrate/GLints/dict_16_192_64_0p5_0p02_0049_0001.uasset" 4592
"../../../Engine/Content/EngineMaterials/Substrate/GLints/dict_16_192_64_0p5_0p02_0048_0013.uasset" 4593
"../../../Engine/Content/EngineMaterials/Substrate/GLints/dict_16_192_64_0p5_0p02_0048_0011.uasset" 4594
"../../../Engine/Content/EngineMaterials/Substrate/GLints/dict_16_192_64_0p5_0p02_0048_0008.uasset" 4595
"../../../Engine/Content/EngineMaterials/Substrate/GLints/dict_16_192_64_0p5_0p02_0048_0009.uasset" 4596
"../../../Engine/Content/EngineMaterials/Substrate/GLints/dict_16_192_64_0p5_0p02_0049_0003.uasset" 4597
"../../../Engine/Content/EngineMaterials/Substrate/GLints/dict_16_192_64_0p5_0p02_0049_0000.uasset" 4598
"../../../Engine/Content/EngineMaterials/Substrate/GLints/dict_16_192_64_0p5_0p02_0048_0010.uasset" 4599
"../../../Engine/Content/EngineMaterials/Substrate/GLints/dict_16_192_64_0p5_0p02_0048_0015.uasset" 4600
"../../../Engine/Content/EngineMaterials/Substrate/GLints/dict_16_192_64_0p5_0p02_0048_0012.uasset" 4601
"../../../Engine/Content/EngineMaterials/Substrate/GLints/dict_16_192_64_0p5_0p02_0048_0007.uasset" 4602
"../../../Engine/Content/EngineMaterials/Substrate/GLints/dict_16_192_64_0p5_0p02_0048_0014.uasset" 4603
"/Engine/EngineMaterials/Substrate/GLints/dict_16_192_64_0p5_0p02_0049_0007" 4604
"/Engine/EngineMaterials/Substrate/GLints/dict_16_192_64_0p5_0p02_0049_0008" 4605
"/Engine/EngineMaterials/Substrate/GLints/dict_16_192_64_0p5_0p02_0049_0009" 4606
"/Engine/EngineMaterials/Substrate/GLints/dict_16_192_64_0p5_0p02_0049_0010" 4607
"/Engine/EngineMaterials/Substrate/GLints/dict_16_192_64_0p5_0p02_0049_0011" 4608
"/Engine/EngineMaterials/Substrate/GLints/dict_16_192_64_0p5_0p02_0049_0012" 4609
"/Engine/EngineMaterials/Substrate/GLints/dict_16_192_64_0p5_0p02_0049_0013" 4610
"/Engine/EngineMaterials/Substrate/GLints/dict_16_192_64_0p5_0p02_0049_0014" 4611
"/Engine/EngineMaterials/Substrate/GLints/dict_16_192_64_0p5_0p02_0049_0015" 4612
"/Engine/EngineMaterials/Substrate/GLints/dict_16_192_64_0p5_0p02_0050_0000" 4613
"/Engine/EngineMaterials/Substrate/GLints/dict_16_192_64_0p5_0p02_0050_0001" 4614
"/Engine/EngineMaterials/Substrate/GLints/dict_16_192_64_0p5_0p02_0050_0002" 4615
"/Engine/EngineMaterials/Substrate/GLints/dict_16_192_64_0p5_0p02_0050_0003" 4616
"/Engine/EngineMaterials/Substrate/GLints/dict_16_192_64_0p5_0p02_0050_0004" 4617
"/Engine/EngineMaterials/Substrate/GLints/dict_16_192_64_0p5_0p02_0050_0005" 4618
"/Engine/EngineMaterials/Substrate/GLints/dict_16_192_64_0p5_0p02_0050_0006" 4619
"/Engine/EngineMaterials/Substrate/GLints/dict_16_192_64_0p5_0p02_0049_0002" 4620
"/Engine/EngineMaterials/Substrate/GLints/dict_16_192_64_0p5_0p02_0049_0004" 4621
"/Engine/EngineMaterials/Substrate/GLints/dict_16_192_64_0p5_0p02_0049_0005" 4622
"/Engine/EngineMaterials/Substrate/GLints/dict_16_192_64_0p5_0p02_0049_0006" 4623
"../../../Engine/Content/EngineMaterials/Substrate/GLints/dict_16_192_64_0p5_0p02_0048_0006.uasset" 4624
"../../../Engine/Content/EngineMaterials/Substrate/GLints/dict_16_192_64_0p5_0p02_0048_0005.uasset" 4625
"../../../Engine/Content/EngineMaterials/Substrate/GLints/dict_16_192_64_0p5_0p02_0048_0003.uasset" 4626
"../../../Engine/Content/EngineMaterials/Substrate/GLints/dict_16_192_64_0p5_0p02_0048_0002.uasset" 4627
"../../../Engine/Content/EngineMaterials/Substrate/GLints/dict_16_192_64_0p5_0p02_0047_0015.uasset" 4628
"../../../Engine/Content/EngineMaterials/Substrate/GLints/dict_16_192_64_0p5_0p02_0048_0004.uasset" 4629
"../../../Engine/Content/EngineMaterials/Substrate/GLints/dict_16_192_64_0p5_0p02_0047_0011.uasset" 4630
"../../../Engine/Content/EngineMaterials/Substrate/GLints/dict_16_192_64_0p5_0p02_0047_0014.uasset" 4631
"../../../Engine/Content/EngineMaterials/Substrate/GLints/dict_16_192_64_0p5_0p02_0047_0007.uasset" 4632
"/Engine/EngineMaterials/Substrate/GLints/dict_16_192_64_0p5_0p02_0048_0007" 4633
"../../../Engine/Content/EngineMaterials/Substrate/GLints/dict_16_192_64_0p5_0p02_0048_0001.uasset" 4634
"../../../Engine/Content/EngineMaterials/Substrate/GLints/dict_16_192_64_0p5_0p02_0047_0003.uasset" 4635
"../../../Engine/Content/EngineMaterials/Substrate/GLints/dict_16_192_64_0p5_0p02_0047_0013.uasset" 4636
"../../../Engine/Content/EngineMaterials/Substrate/GLints/dict_16_192_64_0p5_0p02_0047_0012.uasset" 4637
"../../../Engine/Content/EngineMaterials/Substrate/GLints/dict_16_192_64_0p5_0p02_0048_0000.uasset" 4638
"../../../Engine/Content/EngineMaterials/Substrate/GLints/dict_16_192_64_0p5_0p02_0047_0009.uasset" 4639
"../../../Engine/Content/EngineMaterials/Substrate/GLints/dict_16_192_64_0p5_0p02_0047_0006.uasset" 4640
"../../../Engine/Content/EngineMaterials/Substrate/GLints/dict_16_192_64_0p5_0p02_0047_0008.uasset" 4641
"../../../Engine/Content/EngineMaterials/Substrate/GLints/dict_16_192_64_0p5_0p02_0047_0010.uasset" 4642
"../../../Engine/Content/EngineMaterials/Substrate/GLints/dict_16_192_64_0p5_0p02_0047_0004.uasset" 4643
"../../../Engine/Content/EngineMaterials/Substrate/GLints/dict_16_192_64_0p5_0p02_0047_0005.uasset" 4644
"/Engine/EngineMaterials/Substrate/GLints/dict_16_192_64_0p5_0p02_0048_0008" 4645
"/Engine/EngineMaterials/Substrate/GLints/dict_16_192_64_0p5_0p02_0048_0009" 4646
"/Engine/EngineMaterials/Substrate/GLints/dict_16_192_64_0p5_0p02_0048_0010" 4647
"/Engine/EngineMaterials/Substrate/GLints/dict_16_192_64_0p5_0p02_0048_0011" 4648
"/Engine/EngineMaterials/Substrate/GLints/dict_16_192_64_0p5_0p02_0048_0012" 4649
"/Engine/EngineMaterials/Substrate/GLints/dict_16_192_64_0p5_0p02_0048_0013" 4650
"/Engine/EngineMaterials/Substrate/GLints/dict_16_192_64_0p5_0p02_0048_0014" 4651
"/Engine/EngineMaterials/Substrate/GLints/dict_16_192_64_0p5_0p02_0048_0015" 4652
"/Engine/EngineMaterials/Substrate/GLints/dict_16_192_64_0p5_0p02_0049_0000" 4653
"/Engine/EngineMaterials/Substrate/GLints/dict_16_192_64_0p5_0p02_0049_0001" 4654
"/Engine/EngineMaterials/Substrate/GLints/dict_16_192_64_0p5_0p02_0048_0003" 4655
"/Engine/EngineMaterials/Substrate/GLints/dict_16_192_64_0p5_0p02_0049_0003" 4656
"/Engine/EngineMaterials/Substrate/GLints/dict_16_192_64_0p5_0p02_0048_0005" 4657
"/Engine/EngineMaterials/Substrate/GLints/dict_16_192_64_0p5_0p02_0048_0006" 4658
"../../../Engine/Content/EngineMaterials/Substrate/GLints/dict_16_192_64_0p5_0p02_0047_0002.uasset" 4659
"../../../Engine/Content/EngineMaterials/Substrate/GLints/dict_16_192_64_0p5_0p02_0046_0013.uasset" 4660
"../../../Engine/Content/EngineMaterials/Substrate/GLints/dict_16_192_64_0p5_0p02_0046_0014.uasset" 4661
"../../../Engine/Content/EngineMaterials/Substrate/GLints/dict_16_192_64_0p5_0p02_0046_0012.uasset" 4662
"../../../Engine/Content/EngineMaterials/Substrate/GLints/dict_16_192_64_0p5_0p02_0047_0000.uasset" 4663
"../../../Engine/Content/EngineMaterials/Substrate/GLints/dict_16_192_64_0p5_0p02_0046_0009.uasset" 4664
"../../../Engine/Content/EngineMaterials/Substrate/GLints/dict_16_192_64_0p5_0p02_0046_0005.uasset" 4665
"../../../Engine/Content/EngineMaterials/Substrate/GLints/dict_16_192_64_0p5_0p02_0046_0010.uasset" 4666
"../../../Engine/Content/EngineMaterials/Substrate/GLints/dict_16_192_64_0p5_0p02_0046_0011.uasset" 4667
"../../../Engine/Content/EngineMaterials/Substrate/GLints/dict_16_192_64_0p5_0p02_0046_0015.uasset" 4668
"../../../Engine/Content/EngineMaterials/Substrate/GLints/dict_16_192_64_0p5_0p02_0046_0006.uasset" 4669
"../../../Engine/Content/EngineMaterials/Substrate/GLints/dict_16_192_64_0p5_0p02_0046_0004.uasset" 4670
"/Engine/EngineMaterials/Substrate/GLints/dict_16_192_64_0p5_0p02_0047_0003" 4671
"../../../Engine/Content/EngineMaterials/Substrate/GLints/dict_16_192_64_0p5_0p02_0046_0007.uasset" 4672
"../../../Engine/Content/EngineMaterials/Substrate/GLints/dict_16_192_64_0p5_0p02_0047_0001.uasset" 4673
"../../../Engine/Content/EngineMaterials/Substrate/GLints/dict_16_192_64_0p5_0p02_0046_0008.uasset" 4674
"/Engine/EngineMaterials/Substrate/GLints/dict_16_192_64_0p5_0p02_0047_0004" 4675
"/Engine/EngineMaterials/Substrate/GLints/dict_16_192_64_0p5_0p02_0047_0005" 4676
"/Engine/EngineMaterials/Substrate/GLints/dict_16_192_64_0p5_0p02_0047_0006" 4677
"/Engine/EngineMaterials/Substrate/GLints/dict_16_192_64_0p5_0p02_0047_0007" 4678
"/Engine/EngineMaterials/Substrate/GLints/dict_16_192_64_0p5_0p02_0047_0008" 4679
"/Engine/EngineMaterials/Substrate/GLints/dict_16_192_64_0p5_0p02_0047_0009" 4680
"/Engine/EngineMaterials/Substrate/GLints/dict_16_192_64_0p5_0p02_0047_0010" 4681
"/Engine/EngineMaterials/Substrate/GLints/dict_16_192_64_0p5_0p02_0047_0011" 4682
"/Engine/EngineMaterials/Substrate/GLints/dict_16_192_64_0p5_0p02_0047_0012" 4683
"/Engine/EngineMaterials/Substrate/GLints/dict_16_192_64_0p5_0p02_0047_0013" 4684
"/Engine/EngineMaterials/Substrate/GLints/dict_16_192_64_0p5_0p02_0047_0014" 4685
"/Engine/EngineMaterials/Substrate/GLints/dict_16_192_64_0p5_0p02_0047_0015" 4686
"/Engine/EngineMaterials/Substrate/GLints/dict_16_192_64_0p5_0p02_0048_0000" 4687
"/Engine/EngineMaterials/Substrate/GLints/dict_16_192_64_0p5_0p02_0048_0001" 4688
"/Engine/EngineMaterials/Substrate/GLints/dict_16_192_64_0p5_0p02_0048_0002" 4689
"/Engine/EngineMaterials/Substrate/GLints/dict_16_192_64_0p5_0p02_0046_0013" 4690
"/Engine/EngineMaterials/Substrate/GLints/dict_16_192_64_0p5_0p02_0048_0004" 4691
"/Engine/EngineMaterials/Substrate/GLints/dict_16_192_64_0p5_0p02_0047_0002" 4692
"../../../Engine/Content/EngineMaterials/Substrate/GLints/dict_16_192_64_0p5_0p02_0046_0001.uasset" 4693
"../../../Engine/Content/EngineMaterials/Substrate/GLints/dict_16_192_64_0p5_0p02_0046_0003.uasset" 4694
"../../../Engine/Content/EngineMaterials/Substrate/GLints/dict_16_192_64_0p5_0p02_0045_0015.uasset" 4695
"../../../Engine/Content/EngineMaterials/Substrate/GLints/dict_16_192_64_0p5_0p02_0046_0002.uasset" 4696
"../../../Engine/Content/EngineMaterials/Substrate/GLints/dict_16_192_64_0p5_0p02_0045_0014.uasset" 4697
"../../../Engine/Content/EngineMaterials/Substrate/GLints/dict_16_192_64_0p5_0p02_0045_0013.uasset" 4698
"../../../Engine/Content/EngineMaterials/Substrate/GLints/dict_16_192_64_0p5_0p02_0045_0008.uasset" 4699
"../../../Engine/Content/EngineMaterials/Substrate/GLints/dict_16_192_64_0p5_0p02_0045_0007.uasset" 4700
"../../../Engine/Content/EngineMaterials/Substrate/GLints/dict_16_192_64_0p5_0p02_0046_0000.uasset" 4701
"../../../Engine/Content/EngineMaterials/Substrate/GLints/dict_16_192_64_0p5_0p02_0045_0012.uasset" 4702
"/Engine/EngineMaterials/Substrate/GLints/dict_16_192_64_0p5_0p02_0045_0015" 4703
"../../../Engine/Content/EngineMaterials/Substrate/GLints/dict_16_192_64_0p5_0p02_0045_0001.uasset" 4704
"../../../Engine/Content/EngineMaterials/Substrate/GLints/dict_16_192_64_0p5_0p02_0045_0010.uasset" 4705
"../../../Engine/Content/EngineMaterials/Substrate/GLints/dict_16_192_64_0p5_0p02_0045_0003.uasset" 4706
"../../../Engine/Content/EngineMaterials/Substrate/GLints/dict_16_192_64_0p5_0p02_0045_0002.uasset" 4707
"../../../Engine/Content/EngineMaterials/Substrate/GLints/dict_16_192_64_0p5_0p02_0045_0011.uasset" 4708
"../../../Engine/Content/EngineMaterials/Substrate/GLints/dict_16_192_64_0p5_0p02_0045_0006.uasset" 4709
"../../../Engine/Content/EngineMaterials/Substrate/GLints/dict_16_192_64_0p5_0p02_0045_0004.uasset" 4710
"../../../Engine/Content/EngineMaterials/Substrate/GLints/dict_16_192_64_0p5_0p02_0045_0005.uasset" 4711
"../../../Engine/Content/EngineMaterials/Substrate/GLints/dict_16_192_64_0p5_0p02_0045_0009.uasset" 4712
"/Engine/EngineMaterials/Substrate/GLints/dict_16_192_64_0p5_0p02_0046_0004" 4713
"/Engine/EngineMaterials/Substrate/GLints/dict_16_192_64_0p5_0p02_0046_0005" 4714
"/Engine/EngineMaterials/Substrate/GLints/dict_16_192_64_0p5_0p02_0046_0006" 4715
"/Engine/EngineMaterials/Substrate/GLints/dict_16_192_64_0p5_0p02_0046_0007" 4716
"/Engine/EngineMaterials/Substrate/GLints/dict_16_192_64_0p5_0p02_0046_0008" 4717
"/Engine/EngineMaterials/Substrate/GLints/dict_16_192_64_0p5_0p02_0046_0009" 4718
"/Engine/EngineMaterials/Substrate/GLints/dict_16_192_64_0p5_0p02_0046_0010" 4719
"/Engine/EngineMaterials/Substrate/GLints/dict_16_192_64_0p5_0p02_0046_0011" 4720
"/Engine/EngineMaterials/Substrate/GLints/dict_16_192_64_0p5_0p02_0046_0012" 4721
"/Engine/EngineMaterials/Substrate/GLints/dict_16_192_64_0p5_0p02_0046_0001" 4722
"/Engine/EngineMaterials/Substrate/GLints/dict_16_192_64_0p5_0p02_0046_0014" 4723
"/Engine/EngineMaterials/Substrate/GLints/dict_16_192_64_0p5_0p02_0046_0015" 4724
"/Engine/EngineMaterials/Substrate/GLints/dict_16_192_64_0p5_0p02_0047_0000" 4725
"/Engine/EngineMaterials/Substrate/GLints/dict_16_192_64_0p5_0p02_0046_0002" 4726
"/Engine/EngineMaterials/Substrate/GLints/dict_16_192_64_0p5_0p02_0047_0001" 4727
"/Engine/EngineMaterials/Substrate/GLints/dict_16_192_64_0p5_0p02_0046_0003" 4728
"../../../Engine/Content/EngineMaterials/Substrate/GLints/dict_16_192_64_0p5_0p02_0044_0014.uasset" 4729
"../../../Engine/Content/EngineMaterials/Substrate/GLints/dict_16_192_64_0p5_0p02_0044_0015.uasset" 4730
"../../../Engine/Content/EngineMaterials/Substrate/GLints/dict_16_192_64_0p5_0p02_0044_0012.uasset" 4731
"../../../Engine/Content/EngineMaterials/Substrate/GLints/dict_16_192_64_0p5_0p02_0044_0011.uasset" 4732
"../../../Engine/Content/EngineMaterials/Substrate/GLints/dict_16_192_64_0p5_0p02_0044_0007.uasset" 4733
"../../../Engine/Content/EngineMaterials/Substrate/GLints/dict_16_192_64_0p5_0p02_0044_0008.uasset" 4734
"../../../Engine/Content/EngineMaterials/Substrate/GLints/dict_16_192_64_0p5_0p02_0044_0004.uasset" 4735
"../../../Engine/Content/EngineMaterials/Substrate/GLints/dict_16_192_64_0p5_0p02_0044_0013.uasset" 4736
"../../../Engine/Content/EngineMaterials/Substrate/GLints/dict_16_192_64_0p5_0p02_0044_0003.uasset" 4737
"../../../Engine/Content/EngineMaterials/Substrate/GLints/dict_16_192_64_0p5_0p02_0044_0000.uasset" 4738
"../../../Engine/Content/EngineMaterials/Substrate/GLints/dict_16_192_64_0p5_0p02_0044_0001.uasset" 4739
"../../../Engine/Content/EngineMaterials/Substrate/GLints/dict_16_192_64_0p5_0p02_0044_0006.uasset" 4740
"../../../Engine/Content/EngineMaterials/Substrate/GLints/dict_16_192_64_0p5_0p02_0044_0009.uasset" 4741
"../../../Engine/Content/EngineMaterials/Substrate/GLints/dict_16_192_64_0p5_0p02_0044_0005.uasset" 4742
"/Engine/EngineMaterials/Substrate/GLints/dict_16_192_64_0p5_0p02_0045_0001" 4743
"../../../Engine/Content/EngineMaterials/Substrate/GLints/dict_16_192_64_0p5_0p02_0044_0010.uasset" 4744
"../../../Engine/Content/EngineMaterials/Substrate/GLints/dict_16_192_64_0p5_0p02_0044_0002.uasset" 4745
"../../../Engine/Content/EngineMaterials/Substrate/GLints/dict_16_192_64_0p5_0p02_0045_0000.uasset" 4746
"/Engine/EngineMaterials/Substrate/GLints/dict_16_192_64_0p5_0p02_0045_0002" 4747
"/Engine/EngineMaterials/Substrate/GLints/dict_16_192_64_0p5_0p02_0045_0003" 4748
"/Engine/EngineMaterials/Substrate/GLints/dict_16_192_64_0p5_0p02_0045_0004" 4749
"/Engine/EngineMaterials/Substrate/GLints/dict_16_192_64_0p5_0p02_0045_0005" 4750
"/Engine/EngineMaterials/Substrate/GLints/dict_16_192_64_0p5_0p02_0045_0006" 4751
"/Engine/EngineMaterials/Substrate/GLints/dict_16_192_64_0p5_0p02_0045_0007" 4752
"/Engine/EngineMaterials/Substrate/GLints/dict_16_192_64_0p5_0p02_0045_0008" 4753
"/Engine/EngineMaterials/Substrate/GLints/dict_16_192_64_0p5_0p02_0045_0009" 4754
"/Engine/EngineMaterials/Substrate/GLints/dict_16_192_64_0p5_0p02_0045_0010" 4755
"/Engine/EngineMaterials/Substrate/GLints/dict_16_192_64_0p5_0p02_0045_0011" 4756
"/Engine/EngineMaterials/Substrate/GLints/dict_16_192_64_0p5_0p02_0045_0012" 4757
"/Engine/EngineMaterials/Substrate/GLints/dict_16_192_64_0p5_0p02_0045_0013" 4758
"/Engine/EngineMaterials/Substrate/GLints/dict_16_192_64_0p5_0p02_0045_0014" 4759
"/Engine/EngineMaterials/Substrate/GLints/dict_16_192_64_0p5_0p02_0046_0000" 4760
"/Engine/EngineMaterials/Substrate/GLints/dict_16_192_64_0p5_0p02_0044_0011" 4761
"/Engine/EngineMaterials/Substrate/GLints/dict_16_192_64_0p5_0p02_0044_0012" 4762
"/Engine/EngineMaterials/Substrate/GLints/dict_16_192_64_0p5_0p02_0044_0014" 4763
"/Engine/EngineMaterials/Substrate/GLints/dict_16_192_64_0p5_0p02_0044_0015" 4764
"../../../Engine/Content/EngineMaterials/Substrate/GLints/dict_16_192_64_0p5_0p02_0043_0014.uasset" 4765
"../../../Engine/Content/EngineMaterials/Substrate/GLints/dict_16_192_64_0p5_0p02_0043_0015.uasset" 4766
"../../../Engine/Content/EngineMaterials/Substrate/GLints/dict_16_192_64_0p5_0p02_0043_0013.uasset" 4767
"../../../Engine/Content/EngineMaterials/Substrate/GLints/dict_16_192_64_0p5_0p02_0043_0012.uasset" 4768
"../../../Engine/Content/EngineMaterials/Substrate/GLints/dict_16_192_64_0p5_0p02_0043_0008.uasset" 4769
"../../../Engine/Content/EngineMaterials/Substrate/GLints/dict_16_192_64_0p5_0p02_0043_0011.uasset" 4770
"../../../Engine/Content/EngineMaterials/Substrate/GLints/dict_16_192_64_0p5_0p02_0043_0002.uasset" 4771
"../../../Engine/Content/EngineMaterials/Substrate/GLints/dict_16_192_64_0p5_0p02_0043_0000.uasset" 4772
"/Engine/EngineMaterials/Substrate/GLints/dict_16_192_64_0p5_0p02_0044_0000" 4773
"../../../Engine/Content/EngineMaterials/Substrate/GLints/dict_16_192_64_0p5_0p02_0043_0005.uasset" 4774
"../../../Engine/Content/EngineMaterials/Substrate/GLints/dict_16_192_64_0p5_0p02_0042_0013.uasset" 4775
"../../../Engine/Content/EngineMaterials/Substrate/GLints/dict_16_192_64_0p5_0p02_0042_0015.uasset" 4776
"../../../Engine/Content/EngineMaterials/Substrate/GLints/dict_16_192_64_0p5_0p02_0043_0004.uasset" 4777
"../../../Engine/Content/EngineMaterials/Substrate/GLints/dict_16_192_64_0p5_0p02_0043_0010.uasset" 4778
"../../../Engine/Content/EngineMaterials/Substrate/GLints/dict_16_192_64_0p5_0p02_0043_0001.uasset" 4779
"../../../Engine/Content/EngineMaterials/Substrate/GLints/dict_16_192_64_0p5_0p02_0043_0007.uasset" 4780
"../../../Engine/Content/EngineMaterials/Substrate/GLints/dict_16_192_64_0p5_0p02_0043_0009.uasset" 4781
"../../../Engine/Content/EngineMaterials/Substrate/GLints/dict_16_192_64_0p5_0p02_0043_0003.uasset" 4782
"../../../Engine/Content/EngineMaterials/Substrate/GLints/dict_16_192_64_0p5_0p02_0042_0014.uasset" 4783
"../../../Engine/Content/EngineMaterials/Substrate/GLints/dict_16_192_64_0p5_0p02_0043_0006.uasset" 4784
"/Engine/EngineMaterials/Substrate/GLints/dict_16_192_64_0p5_0p02_0044_0001" 4785
"/Engine/EngineMaterials/Substrate/GLints/dict_16_192_64_0p5_0p02_0044_0002" 4786
"/Engine/EngineMaterials/Substrate/GLints/dict_16_192_64_0p5_0p02_0044_0003" 4787
"/Engine/EngineMaterials/Substrate/GLints/dict_16_192_64_0p5_0p02_0044_0004" 4788
"/Engine/EngineMaterials/Substrate/GLints/dict_16_192_64_0p5_0p02_0044_0005" 4789
"/Engine/EngineMaterials/Substrate/GLints/dict_16_192_64_0p5_0p02_0044_0006" 4790
"/Engine/EngineMaterials/Substrate/GLints/dict_16_192_64_0p5_0p02_0044_0007" 4791
"/Engine/EngineMaterials/Substrate/GLints/dict_16_192_64_0p5_0p02_0044_0008" 4792
"/Engine/EngineMaterials/Substrate/GLints/dict_16_192_64_0p5_0p02_0044_0009" 4793
"/Engine/EngineMaterials/Substrate/GLints/dict_16_192_64_0p5_0p02_0044_0010" 4794
"/Engine/EngineMaterials/Substrate/GLints/dict_16_192_64_0p5_0p02_0043_0013" 4795
"/Engine/EngineMaterials/Substrate/GLints/dict_16_192_64_0p5_0p02_0044_0013" 4796
"/Engine/EngineMaterials/Substrate/GLints/dict_16_192_64_0p5_0p02_0043_0014" 4797
"/Engine/EngineMaterials/Substrate/GLints/dict_16_192_64_0p5_0p02_0043_0015" 4798
"/Engine/EngineMaterials/Substrate/GLints/dict_16_192_64_0p5_0p02_0045_0000" 4799
"../../../Engine/Content/EngineMaterials/Substrate/GLints/dict_16_192_64_0p5_0p02_0042_0012.uasset" 4800
"../../../Engine/Content/EngineMaterials/Substrate/GLints/dict_16_192_64_0p5_0p02_0042_0010.uasset" 4801
"../../../Engine/Content/EngineMaterials/Substrate/GLints/dict_16_192_64_0p5_0p02_0042_0006.uasset" 4802
"../../../Engine/Content/EngineMaterials/Substrate/GLints/dict_16_192_64_0p5_0p02_0042_0011.uasset" 4803
"../../../Engine/Content/EngineMaterials/Substrate/GLints/dict_16_192_64_0p5_0p02_0042_0003.uasset" 4804
"../../../Engine/Content/EngineMaterials/Substrate/GLints/dict_16_192_64_0p5_0p02_0042_0008.uasset" 4805
"../../../Engine/Content/EngineMaterials/Substrate/GLints/dict_16_192_64_0p5_0p02_0041_0013.uasset" 4806
"../../../Engine/Content/EngineMaterials/Substrate/GLints/dict_16_192_64_0p5_0p02_0041_0015.uasset" 4807
"../../../Engine/Content/EngineMaterials/Substrate/GLints/dict_16_192_64_0p5_0p02_0042_0002.uasset" 4808
"/Engine/EngineMaterials/Substrate/GLints/dict_16_192_64_0p5_0p02_0042_0013" 4809
"../../../Engine/Content/EngineMaterials/Substrate/GLints/dict_16_192_64_0p5_0p02_0042_0007.uasset" 4810
"../../../Engine/Content/EngineMaterials/Substrate/GLints/dict_16_192_64_0p5_0p02_0042_0000.uasset" 4811
"../../../Engine/Content/EngineMaterials/Substrate/GLints/dict_16_192_64_0p5_0p02_0041_0014.uasset" 4812
"../../../Engine/Content/EngineMaterials/Substrate/GLints/dict_16_192_64_0p5_0p02_0042_0009.uasset" 4813
"../../../Engine/Content/EngineMaterials/Substrate/GLints/dict_16_192_64_0p5_0p02_0042_0005.uasset" 4814
"../../../Engine/Content/EngineMaterials/Substrate/GLints/dict_16_192_64_0p5_0p02_0042_0001.uasset" 4815
"../../../Engine/Content/EngineMaterials/Substrate/GLints/dict_16_192_64_0p5_0p02_0042_0004.uasset" 4816
"/Engine/EngineMaterials/Substrate/GLints/dict_16_192_64_0p5_0p02_0042_0014" 4817
"/Engine/EngineMaterials/Substrate/GLints/dict_16_192_64_0p5_0p02_0042_0015" 4818
"/Engine/EngineMaterials/Substrate/GLints/dict_16_192_64_0p5_0p02_0043_0000" 4819
"/Engine/EngineMaterials/Substrate/GLints/dict_16_192_64_0p5_0p02_0043_0001" 4820
"/Engine/EngineMaterials/Substrate/GLints/dict_16_192_64_0p5_0p02_0043_0002" 4821
"/Engine/EngineMaterials/Substrate/GLints/dict_16_192_64_0p5_0p02_0043_0003" 4822
"/Engine/EngineMaterials/Substrate/GLints/dict_16_192_64_0p5_0p02_0043_0004" 4823
"/Engine/EngineMaterials/Substrate/GLints/dict_16_192_64_0p5_0p02_0043_0005" 4824
"/Engine/EngineMaterials/Substrate/GLints/dict_16_192_64_0p5_0p02_0043_0006" 4825
"/Engine/EngineMaterials/Substrate/GLints/dict_16_192_64_0p5_0p02_0043_0007" 4826
"/Engine/EngineMaterials/Substrate/GLints/dict_16_192_64_0p5_0p02_0043_0008" 4827
"/Engine/EngineMaterials/Substrate/GLints/dict_16_192_64_0p5_0p02_0043_0009" 4828
"/Engine/EngineMaterials/Substrate/GLints/dict_16_192_64_0p5_0p02_0043_0010" 4829
"/Engine/EngineMaterials/Substrate/GLints/dict_16_192_64_0p5_0p02_0043_0011" 4830
"/Engine/EngineMaterials/Substrate/GLints/dict_16_192_64_0p5_0p02_0043_0012" 4831
"/Engine/EngineMaterials/Substrate/GLints/dict_16_192_64_0p5_0p02_0042_0010" 4832
"/Engine/EngineMaterials/Substrate/GLints/dict_16_192_64_0p5_0p02_0042_0012" 4833
"../../../Engine/Content/EngineMaterials/Substrate/GLints/dict_16_192_64_0p5_0p02_0041_0012.uasset" 4834
"../../../Engine/Content/EngineMaterials/Substrate/GLints/dict_16_192_64_0p5_0p02_0041_0011.uasset" 4835
"../../../Engine/Content/EngineMaterials/Substrate/GLints/dict_16_192_64_0p5_0p02_0041_0010.uasset" 4836
"../../../Engine/Content/EngineMaterials/Substrate/GLints/dict_16_192_64_0p5_0p02_0041_0007.uasset" 4837
"../../../Engine/Content/EngineMaterials/Substrate/GLints/dict_16_192_64_0p5_0p02_0041_0003.uasset" 4838
"../../../Engine/Content/EngineMaterials/Substrate/GLints/dict_16_192_64_0p5_0p02_0041_0006.uasset" 4839
"../../../Engine/Content/EngineMaterials/Substrate/GLints/dict_16_192_64_0p5_0p02_0041_0002.uasset" 4840
"../../../Engine/Content/EngineMaterials/Substrate/GLints/dict_16_192_64_0p5_0p02_0041_0000.uasset" 4841
"../../../Engine/Content/EngineMaterials/Substrate/GLints/dict_16_192_64_0p5_0p02_0041_0008.uasset" 4842
"../../../Engine/Content/EngineMaterials/Substrate/GLints/dict_16_192_64_0p5_0p02_0041_0001.uasset" 4843
"../../../Engine/Content/EngineMaterials/Substrate/GLints/dict_16_192_64_0p5_0p02_0041_0009.uasset" 4844
"../../../Engine/Content/EngineMaterials/Substrate/GLints/dict_16_192_64_0p5_0p02_0040_0015.uasset" 4845
"../../../Engine/Content/EngineMaterials/Substrate/GLints/dict_16_192_64_0p5_0p02_0040_0011.uasset" 4846
"../../../Engine/Content/EngineMaterials/Substrate/GLints/dict_16_192_64_0p5_0p02_0040_0013.uasset" 4847
"../../../Engine/Content/EngineMaterials/Substrate/GLints/dict_16_192_64_0p5_0p02_0041_0004.uasset" 4848
"../../../Engine/Content/EngineMaterials/Substrate/GLints/dict_16_192_64_0p5_0p02_0040_0014.uasset" 4849
"../../../Engine/Content/EngineMaterials/Substrate/GLints/dict_16_192_64_0p5_0p02_0041_0005.uasset" 4850
"../../../Engine/Content/EngineMaterials/Substrate/GLints/dict_16_192_64_0p5_0p02_0040_0012.uasset" 4851
"/Engine/EngineMaterials/Substrate/GLints/dict_16_192_64_0p5_0p02_0041_0013" 4852
"/Engine/EngineMaterials/Substrate/GLints/dict_16_192_64_0p5_0p02_0041_0014" 4853
"/Engine/EngineMaterials/Substrate/GLints/dict_16_192_64_0p5_0p02_0041_0015" 4854
"/Engine/EngineMaterials/Substrate/GLints/dict_16_192_64_0p5_0p02_0042_0000" 4855
"/Engine/EngineMaterials/Substrate/GLints/dict_16_192_64_0p5_0p02_0042_0001" 4856
"/Engine/EngineMaterials/Substrate/GLints/dict_16_192_64_0p5_0p02_0042_0002" 4857
"/Engine/EngineMaterials/Substrate/GLints/dict_16_192_64_0p5_0p02_0042_0003" 4858
"/Engine/EngineMaterials/Substrate/GLints/dict_16_192_64_0p5_0p02_0042_0004" 4859
"/Engine/EngineMaterials/Substrate/GLints/dict_16_192_64_0p5_0p02_0042_0005" 4860
"/Engine/EngineMaterials/Substrate/GLints/dict_16_192_64_0p5_0p02_0042_0006" 4861
"/Engine/EngineMaterials/Substrate/GLints/dict_16_192_64_0p5_0p02_0042_0007" 4862
"/Engine/EngineMaterials/Substrate/GLints/dict_16_192_64_0p5_0p02_0041_0010" 4863
"/Engine/EngineMaterials/Substrate/GLints/dict_16_192_64_0p5_0p02_0042_0008" 4864
"/Engine/EngineMaterials/Substrate/GLints/dict_16_192_64_0p5_0p02_0042_0009" 4865
"/Engine/EngineMaterials/Substrate/GLints/dict_16_192_64_0p5_0p02_0041_0011" 4866
"/Engine/EngineMaterials/Substrate/GLints/dict_16_192_64_0p5_0p02_0042_0011" 4867
"/Engine/EngineMaterials/Substrate/GLints/dict_16_192_64_0p5_0p02_0041_0012" 4868
"../../../Engine/Content/EngineMaterials/Substrate/GLints/dict_16_192_64_0p5_0p02_0040_0010.uasset" 4869
"../../../Engine/Content/EngineMaterials/Substrate/GLints/dict_16_192_64_0p5_0p02_0040_0009.uasset" 4870
"../../../Engine/Content/EngineMaterials/Substrate/GLints/dict_16_192_64_0p5_0p02_0040_0006.uasset" 4871
"../../../Engine/Content/EngineMaterials/Substrate/GLints/dict_16_192_64_0p5_0p02_0040_0008.uasset" 4872
"../../../Engine/Content/EngineMaterials/Substrate/GLints/dict_16_192_64_0p5_0p02_0040_0005.uasset" 4873
"../../../Engine/Content/EngineMaterials/Substrate/GLints/dict_16_192_64_0p5_0p02_0039_0014.uasset" 4874
"../../../Engine/Content/EngineMaterials/Substrate/GLints/dict_16_192_64_0p5_0p02_0039_0013.uasset" 4875
"../../../Engine/Content/EngineMaterials/Substrate/GLints/dict_16_192_64_0p5_0p02_0039_0015.uasset" 4876
"../../../Engine/Content/EngineMaterials/Substrate/GLints/dict_16_192_64_0p5_0p02_0039_0011.uasset" 4877
"/Engine/EngineMaterials/Substrate/GLints/dict_16_192_64_0p5_0p02_0040_0011" 4878
"../../../Engine/Content/EngineMaterials/Substrate/GLints/dict_16_192_64_0p5_0p02_0040_0003.uasset" 4879
"../../../Engine/Content/EngineMaterials/Substrate/GLints/dict_16_192_64_0p5_0p02_0040_0002.uasset" 4880
"../../../Engine/Content/EngineMaterials/Substrate/GLints/dict_16_192_64_0p5_0p02_0040_0004.uasset" 4881
"../../../Engine/Content/EngineMaterials/Substrate/GLints/dict_16_192_64_0p5_0p02_0040_0007.uasset" 4882
"../../../Engine/Content/EngineMaterials/Substrate/GLints/dict_16_192_64_0p5_0p02_0039_0010.uasset" 4883
"../../../Engine/Content/EngineMaterials/Substrate/GLints/dict_16_192_64_0p5_0p02_0040_0000.uasset" 4884
"../../../Engine/Content/EngineMaterials/Substrate/GLints/dict_16_192_64_0p5_0p02_0040_0001.uasset" 4885
"../../../Engine/Content/EngineMaterials/Substrate/GLints/dict_16_192_64_0p5_0p02_0039_0012.uasset" 4886
"/Engine/EngineMaterials/Substrate/GLints/dict_16_192_64_0p5_0p02_0040_0012" 4887
"/Engine/EngineMaterials/Substrate/GLints/dict_16_192_64_0p5_0p02_0040_0013" 4888
"/Engine/EngineMaterials/Substrate/GLints/dict_16_192_64_0p5_0p02_0040_0014" 4889
"/Engine/EngineMaterials/Substrate/GLints/dict_16_192_64_0p5_0p02_0040_0015" 4890
"/Engine/EngineMaterials/Substrate/GLints/dict_16_192_64_0p5_0p02_0041_0000" 4891
"/Engine/EngineMaterials/Substrate/GLints/dict_16_192_64_0p5_0p02_0041_0001" 4892
"/Engine/EngineMaterials/Substrate/GLints/dict_16_192_64_0p5_0p02_0041_0002" 4893
"/Engine/EngineMaterials/Substrate/GLints/dict_16_192_64_0p5_0p02_0041_0003" 4894
"/Engine/EngineMaterials/Substrate/GLints/dict_16_192_64_0p5_0p02_0041_0004" 4895
"/Engine/EngineMaterials/Substrate/GLints/dict_16_192_64_0p5_0p02_0041_0005" 4896
"/Engine/EngineMaterials/Substrate/GLints/dict_16_192_64_0p5_0p02_0041_0006" 4897
"/Engine/EngineMaterials/Substrate/GLints/dict_16_192_64_0p5_0p02_0041_0007" 4898
"/Engine/EngineMaterials/Substrate/GLints/dict_16_192_64_0p5_0p02_0041_0008" 4899
"/Engine/EngineMaterials/Substrate/GLints/dict_16_192_64_0p5_0p02_0041_0009" 4900
"/Engine/EngineMaterials/Substrate/GLints/dict_16_192_64_0p5_0p02_0040_0006" 4901
"/Engine/EngineMaterials/Substrate/GLints/dict_16_192_64_0p5_0p02_0040_0008" 4902
"/Engine/EngineMaterials/Substrate/GLints/dict_16_192_64_0p5_0p02_0040_0009" 4903
"/Engine/EngineMaterials/Substrate/GLints/dict_16_192_64_0p5_0p02_0040_0010" 4904
"../../../Engine/Content/EngineMaterials/Substrate/GLints/dict_16_192_64_0p5_0p02_0039_0009.uasset" 4905
"../../../Engine/Content/EngineMaterials/Substrate/GLints/dict_16_192_64_0p5_0p02_0039_0007.uasset" 4906
"../../../Engine/Content/EngineMaterials/Substrate/GLints/dict_16_192_64_0p5_0p02_0039_0008.uasset" 4907
"../../../Engine/Content/EngineMaterials/Substrate/GLints/dict_16_192_64_0p5_0p02_0039_0004.uasset" 4908
"../../../Engine/Content/EngineMaterials/Substrate/GLints/dict_16_192_64_0p5_0p02_0039_0006.uasset" 4909
"../../../Engine/Content/EngineMaterials/Substrate/GLints/dict_16_192_64_0p5_0p02_0039_0000.uasset" 4910
"../../../Engine/Content/EngineMaterials/Substrate/GLints/dict_16_192_64_0p5_0p02_0038_0014.uasset" 4911
"../../../Engine/Content/EngineMaterials/Substrate/GLints/dict_16_192_64_0p5_0p02_0038_0011.uasset" 4912
"../../../Engine/Content/EngineMaterials/Substrate/GLints/dict_16_192_64_0p5_0p02_0038_0007.uasset" 4913
"../../../Engine/Content/EngineMaterials/Substrate/GLints/dict_16_192_64_0p5_0p02_0039_0003.uasset" 4914
"../../../Engine/Content/EngineMaterials/Substrate/GLints/dict_16_192_64_0p5_0p02_0039_0005.uasset" 4915
"../../../Engine/Content/EngineMaterials/Substrate/GLints/dict_16_192_64_0p5_0p02_0038_0015.uasset" 4916
"../../../Engine/Content/EngineMaterials/Substrate/GLints/dict_16_192_64_0p5_0p02_0038_0010.uasset" 4917
"../../../Engine/Content/EngineMaterials/Substrate/GLints/dict_16_192_64_0p5_0p02_0038_0008.uasset" 4918
"../../../Engine/Content/EngineMaterials/Substrate/GLints/dict_16_192_64_0p5_0p02_0038_0009.uasset" 4919
"../../../Engine/Content/EngineMaterials/Substrate/GLints/dict_16_192_64_0p5_0p02_0039_0002.uasset" 4920
"../../../Engine/Content/EngineMaterials/Substrate/GLints/dict_16_192_64_0p5_0p02_0039_0001.uasset" 4921
"../../../Engine/Content/EngineMaterials/Substrate/GLints/dict_16_192_64_0p5_0p02_0038_0012.uasset" 4922
"/Engine/EngineMaterials/Substrate/GLints/dict_16_192_64_0p5_0p02_0039_0010" 4923
"../../../Engine/Content/EngineMaterials/Substrate/GLints/dict_16_192_64_0p5_0p02_0038_0013.uasset" 4924
"/Engine/EngineMaterials/Substrate/GLints/dict_16_192_64_0p5_0p02_0039_0011" 4925
"/Engine/EngineMaterials/Substrate/GLints/dict_16_192_64_0p5_0p02_0039_0012" 4926
"/Engine/EngineMaterials/Substrate/GLints/dict_16_192_64_0p5_0p02_0039_0013" 4927
"/Engine/EngineMaterials/Substrate/GLints/dict_16_192_64_0p5_0p02_0039_0014" 4928
"/Engine/EngineMaterials/Substrate/GLints/dict_16_192_64_0p5_0p02_0039_0015" 4929
"/Engine/EngineMaterials/Substrate/GLints/dict_16_192_64_0p5_0p02_0040_0000" 4930
"/Engine/EngineMaterials/Substrate/GLints/dict_16_192_64_0p5_0p02_0040_0001" 4931
"/Engine/EngineMaterials/Substrate/GLints/dict_16_192_64_0p5_0p02_0040_0002" 4932
"/Engine/EngineMaterials/Substrate/GLints/dict_16_192_64_0p5_0p02_0040_0003" 4933
"/Engine/EngineMaterials/Substrate/GLints/dict_16_192_64_0p5_0p02_0040_0004" 4934
"/Engine/EngineMaterials/Substrate/GLints/dict_16_192_64_0p5_0p02_0040_0005" 4935
"/Engine/EngineMaterials/Substrate/GLints/dict_16_192_64_0p5_0p02_0040_0007" 4936
"/Engine/EngineMaterials/Substrate/GLints/dict_16_192_64_0p5_0p02_0039_0007" 4937
"/Engine/EngineMaterials/Substrate/GLints/dict_16_192_64_0p5_0p02_0039_0008" 4938
"/Engine/EngineMaterials/Substrate/GLints/dict_16_192_64_0p5_0p02_0039_0009" 4939
"../../../Engine/Content/EngineMaterials/Substrate/GLints/dict_16_192_64_0p5_0p02_0038_0005.uasset" 4940
"../../../Engine/Content/EngineMaterials/Substrate/GLints/dict_16_192_64_0p5_0p02_0038_0004.uasset" 4941
"../../../Engine/Content/EngineMaterials/Substrate/GLints/dict_16_192_64_0p5_0p02_0038_0006.uasset" 4942
"../../../Engine/Content/EngineMaterials/Substrate/GLints/dict_16_192_64_0p5_0p02_0038_0003.uasset" 4943
"../../../Engine/Content/EngineMaterials/Substrate/GLints/dict_16_192_64_0p5_0p02_0037_0015.uasset" 4944
"../../../Engine/Content/EngineMaterials/Substrate/GLints/dict_16_192_64_0p5_0p02_0037_0011.uasset" 4945
"../../../Engine/Content/EngineMaterials/Substrate/GLints/dict_16_192_64_0p5_0p02_0038_0001.uasset" 4946
"../../../Engine/Content/EngineMaterials/Substrate/GLints/dict_16_192_64_0p5_0p02_0038_0000.uasset" 4947
"../../../Engine/Content/EngineMaterials/Substrate/GLints/dict_16_192_64_0p5_0p02_0037_0014.uasset" 4948
"../../../Engine/Content/EngineMaterials/Substrate/GLints/dict_16_192_64_0p5_0p02_0037_0013.uasset" 4949
"../../../Engine/Content/EngineMaterials/Substrate/GLints/dict_16_192_64_0p5_0p02_0037_0010.uasset" 4950
"../../../Engine/Content/EngineMaterials/Substrate/GLints/dict_16_192_64_0p5_0p02_0037_0007.uasset" 4951
"../../../Engine/Content/EngineMaterials/Substrate/GLints/dict_16_192_64_0p5_0p02_0038_0002.uasset" 4952
"../../../Engine/Content/EngineMaterials/Substrate/GLints/dict_16_192_64_0p5_0p02_0037_0009.uasset" 4953
"../../../Engine/Content/EngineMaterials/Substrate/GLints/dict_16_192_64_0p5_0p02_0037_0008.uasset" 4954
"/Engine/EngineMaterials/Substrate/GLints/dict_16_192_64_0p5_0p02_0038_0007" 4955
"../../../Engine/Content/EngineMaterials/Substrate/GLints/dict_16_192_64_0p5_0p02_0037_0012.uasset" 4956
"/Engine/EngineMaterials/Substrate/GLints/dict_16_192_64_0p5_0p02_0038_0008" 4957
"/Engine/EngineMaterials/Substrate/GLints/dict_16_192_64_0p5_0p02_0038_0009" 4958
"/Engine/EngineMaterials/Substrate/GLints/dict_16_192_64_0p5_0p02_0038_0010" 4959
"/Engine/EngineMaterials/Substrate/GLints/dict_16_192_64_0p5_0p02_0038_0011" 4960
"/Engine/EngineMaterials/Substrate/GLints/dict_16_192_64_0p5_0p02_0038_0012" 4961
"/Engine/EngineMaterials/Substrate/GLints/dict_16_192_64_0p5_0p02_0038_0013" 4962
"/Engine/EngineMaterials/Substrate/GLints/dict_16_192_64_0p5_0p02_0038_0014" 4963
"/Engine/EngineMaterials/Substrate/GLints/dict_16_192_64_0p5_0p02_0038_0015" 4964
"/Engine/EngineMaterials/Substrate/GLints/dict_16_192_64_0p5_0p02_0039_0000" 4965
"/Engine/EngineMaterials/Substrate/GLints/dict_16_192_64_0p5_0p02_0039_0001" 4966
"/Engine/EngineMaterials/Substrate/GLints/dict_16_192_64_0p5_0p02_0039_0002" 4967
"/Engine/EngineMaterials/Substrate/GLints/dict_16_192_64_0p5_0p02_0039_0003" 4968
"/Engine/EngineMaterials/Substrate/GLints/dict_16_192_64_0p5_0p02_0039_0004" 4969
"/Engine/EngineMaterials/Substrate/GLints/dict_16_192_64_0p5_0p02_0039_0005" 4970
"/Engine/EngineMaterials/Substrate/GLints/dict_16_192_64_0p5_0p02_0039_0006" 4971
"/Engine/EngineMaterials/Substrate/GLints/dict_16_192_64_0p5_0p02_0038_0004" 4972
"/Engine/EngineMaterials/Substrate/GLints/dict_16_192_64_0p5_0p02_0038_0005" 4973
"/Engine/EngineMaterials/Substrate/GLints/dict_16_192_64_0p5_0p02_0038_0006" 4974
"../../../Engine/Content/EngineMaterials/Substrate/GLints/dict_16_192_64_0p5_0p02_0037_0006.uasset" 4975
"../../../Engine/Content/EngineMaterials/Substrate/GLints/dict_16_192_64_0p5_0p02_0037_0004.uasset" 4976
"../../../Engine/Content/EngineMaterials/Substrate/GLints/dict_16_192_64_0p5_0p02_0037_0005.uasset" 4977
"../../../Engine/Content/EngineMaterials/Substrate/GLints/dict_16_192_64_0p5_0p02_0037_0000.uasset" 4978
"../../../Engine/Content/EngineMaterials/Substrate/GLints/dict_16_192_64_0p5_0p02_0036_0010.uasset" 4979
"../../../Engine/Content/EngineMaterials/Substrate/GLints/dict_16_192_64_0p5_0p02_0036_0004.uasset" 4980
"../../../Engine/Content/EngineMaterials/Substrate/GLints/dict_16_192_64_0p5_0p02_0036_0007.uasset" 4981
"../../../Engine/Content/EngineMaterials/Substrate/GLints/dict_16_192_64_0p5_0p02_0037_0001.uasset" 4982
"../../../Engine/Content/EngineMaterials/Substrate/GLints/dict_16_192_64_0p5_0p02_0037_0003.uasset" 4983
"../../../Engine/Content/EngineMaterials/Substrate/GLints/dict_16_192_64_0p5_0p02_0036_0013.uasset" 4984
"../../../Engine/Content/EngineMaterials/Substrate/GLints/dict_16_192_64_0p5_0p02_0037_0002.uasset" 4985
"../../../Engine/Content/EngineMaterials/Substrate/GLints/dict_16_192_64_0p5_0p02_0036_0009.uasset" 4986
"../../../Engine/Content/EngineMaterials/Substrate/GLints/dict_16_192_64_0p5_0p02_0036_0011.uasset" 4987
"../../../Engine/Content/EngineMaterials/Substrate/GLints/dict_16_192_64_0p5_0p02_0036_0005.uasset" 4988
"../../../Engine/Content/EngineMaterials/Substrate/GLints/dict_16_192_64_0p5_0p02_0036_0012.uasset" 4989
"../../../Engine/Content/EngineMaterials/Substrate/GLints/dict_16_192_64_0p5_0p02_0036_0008.uasset" 4990
"/Engine/EngineMaterials/Substrate/GLints/dict_16_192_64_0p5_0p02_0037_0007" 4991
"../../../Engine/Content/EngineMaterials/Substrate/GLints/dict_16_192_64_0p5_0p02_0036_0015.uasset" 4992
"../../../Engine/Content/EngineMaterials/Substrate/GLints/dict_16_192_64_0p5_0p02_0036_0014.uasset" 4993
"../../../Engine/Content/EngineMaterials/Substrate/GLints/dict_16_192_64_0p5_0p02_0036_0006.uasset" 4994
"/Engine/EngineMaterials/Substrate/GLints/dict_16_192_64_0p5_0p02_0037_0008" 4995
"/Engine/EngineMaterials/Substrate/GLints/dict_16_192_64_0p5_0p02_0037_0009" 4996
"/Engine/EngineMaterials/Substrate/GLints/dict_16_192_64_0p5_0p02_0037_0010" 4997
"/Engine/EngineMaterials/Substrate/GLints/dict_16_192_64_0p5_0p02_0037_0011" 4998
"/Engine/EngineMaterials/Substrate/GLints/dict_16_192_64_0p5_0p02_0037_0012" 4999
"/Engine/EngineMaterials/Substrate/GLints/dict_16_192_64_0p5_0p02_0037_0013" 5000
"/Engine/EngineMaterials/Substrate/GLints/dict_16_192_64_0p5_0p02_0037_0014" 5001
"/Engine/EngineMaterials/Substrate/GLints/dict_16_192_64_0p5_0p02_0037_0015" 5002
"/Engine/EngineMaterials/Substrate/GLints/dict_16_192_64_0p5_0p02_0038_0000" 5003
"/Engine/EngineMaterials/Substrate/GLints/dict_16_192_64_0p5_0p02_0038_0001" 5004
"/Engine/EngineMaterials/Substrate/GLints/dict_16_192_64_0p5_0p02_0038_0002" 5005
"/Engine/EngineMaterials/Substrate/GLints/dict_16_192_64_0p5_0p02_0038_0003" 5006
"/Engine/EngineMaterials/Substrate/GLints/dict_16_192_64_0p5_0p02_0037_0004" 5007
"/Engine/EngineMaterials/Substrate/GLints/dict_16_192_64_0p5_0p02_0037_0006" 5008
"../../../Engine/Content/EngineMaterials/Substrate/GLints/dict_16_192_64_0p5_0p02_0036_0002.uasset" 5009
"../../../Engine/Content/EngineMaterials/Substrate/GLints/dict_16_192_64_0p5_0p02_0036_0003.uasset" 5010
"../../../Engine/Content/EngineMaterials/Substrate/GLints/dict_16_192_64_0p5_0p02_0036_0001.uasset" 5011
"../../../Engine/Content/EngineMaterials/Substrate/GLints/dict_16_192_64_0p5_0p02_0035_0013.uasset" 5012
"../../../Engine/Content/EngineMaterials/Substrate/GLints/dict_16_192_64_0p5_0p02_0035_0015.uasset" 5013
"../../../Engine/Content/EngineMaterials/Substrate/GLints/dict_16_192_64_0p5_0p02_0036_0000.uasset" 5014
"../../../Engine/Content/EngineMaterials/Substrate/GLints/dict_16_192_64_0p5_0p02_0035_0007.uasset" 5015
"../../../Engine/Content/EngineMaterials/Substrate/GLints/dict_16_192_64_0p5_0p02_0035_0014.uasset" 5016
"/Engine/EngineMaterials/Substrate/GLints/dict_16_192_64_0p5_0p02_0036_0004" 5017
"../../../Engine/Content/EngineMaterials/Substrate/GLints/dict_16_192_64_0p5_0p02_0035_0009.uasset" 5018
"../../../Engine/Content/EngineMaterials/Substrate/GLints/dict_16_192_64_0p5_0p02_0035_0005.uasset" 5019
"../../../Engine/Content/EngineMaterials/Substrate/GLints/dict_16_192_64_0p5_0p02_0035_0008.uasset" 5020
"../../../Engine/Content/EngineMaterials/Substrate/GLints/dict_16_192_64_0p5_0p02_0035_0006.uasset" 5021
"../../../Engine/Content/EngineMaterials/Substrate/GLints/dict_16_192_64_0p5_0p02_0035_0011.uasset" 5022
"../../../Engine/Content/EngineMaterials/Substrate/GLints/dict_16_192_64_0p5_0p02_0035_0012.uasset" 5023
"../../../Engine/Content/EngineMaterials/Substrate/GLints/dict_16_192_64_0p5_0p02_0035_0010.uasset" 5024
"/Engine/EngineMaterials/Substrate/GLints/dict_16_192_64_0p5_0p02_0036_0005" 5025
"/Engine/EngineMaterials/Substrate/GLints/dict_16_192_64_0p5_0p02_0036_0006" 5026
"/Engine/EngineMaterials/Substrate/GLints/dict_16_192_64_0p5_0p02_0036_0007" 5027
"/Engine/EngineMaterials/Substrate/GLints/dict_16_192_64_0p5_0p02_0036_0008" 5028
"/Engine/EngineMaterials/Substrate/GLints/dict_16_192_64_0p5_0p02_0036_0009" 5029
"/Engine/EngineMaterials/Substrate/GLints/dict_16_192_64_0p5_0p02_0036_0010" 5030
"/Engine/EngineMaterials/Substrate/GLints/dict_16_192_64_0p5_0p02_0036_0011" 5031
"/Engine/EngineMaterials/Substrate/GLints/dict_16_192_64_0p5_0p02_0036_0012" 5032
"/Engine/EngineMaterials/Substrate/GLints/dict_16_192_64_0p5_0p02_0036_0013" 5033
"/Engine/EngineMaterials/Substrate/GLints/dict_16_192_64_0p5_0p02_0036_0014" 5034
"/Engine/EngineMaterials/Substrate/GLints/dict_16_192_64_0p5_0p02_0036_0015" 5035
"/Engine/EngineMaterials/Substrate/GLints/dict_16_192_64_0p5_0p02_0037_0000" 5036
"/Engine/EngineMaterials/Substrate/GLints/dict_16_192_64_0p5_0p02_0037_0001" 5037
"/Engine/EngineMaterials/Substrate/GLints/dict_16_192_64_0p5_0p02_0037_0002" 5038
"/Engine/EngineMaterials/Substrate/GLints/dict_16_192_64_0p5_0p02_0037_0003" 5039
"/Engine/EngineMaterials/Substrate/GLints/dict_16_192_64_0p5_0p02_0036_0001" 5040
"/Engine/EngineMaterials/Substrate/GLints/dict_16_192_64_0p5_0p02_0036_0002" 5041
"/Engine/EngineMaterials/Substrate/GLints/dict_16_192_64_0p5_0p02_0037_0005" 5042
"/Engine/EngineMaterials/Substrate/GLints/dict_16_192_64_0p5_0p02_0036_0003" 5043
"../../../Engine/Content/EngineMaterials/Substrate/GLints/dict_16_192_64_0p5_0p02_0035_0003.uasset" 5044
"../../../Engine/Content/EngineMaterials/Substrate/GLints/dict_16_192_64_0p5_0p02_0035_0004.uasset" 5045
"../../../Engine/Content/EngineMaterials/Substrate/GLints/dict_16_192_64_0p5_0p02_0035_0000.uasset" 5046
"../../../Engine/Content/EngineMaterials/Substrate/GLints/dict_16_192_64_0p5_0p02_0034_0015.uasset" 5047
"../../../Engine/Content/EngineMaterials/Substrate/GLints/dict_16_192_64_0p5_0p02_0034_0013.uasset" 5048
"../../../Engine/Content/EngineMaterials/Substrate/GLints/dict_16_192_64_0p5_0p02_0034_0011.uasset" 5049
"../../../Engine/Content/EngineMaterials/Substrate/GLints/dict_16_192_64_0p5_0p02_0035_0002.uasset" 5050
"../../../Engine/Content/EngineMaterials/Substrate/GLints/dict_16_192_64_0p5_0p02_0034_0007.uasset" 5051
"../../../Engine/Content/EngineMaterials/Substrate/GLints/dict_16_192_64_0p5_0p02_0034_0012.uasset" 5052
"../../../Engine/Content/EngineMaterials/Substrate/GLints/dict_16_192_64_0p5_0p02_0034_0005.uasset" 5053
"../../../Engine/Content/EngineMaterials/Substrate/GLints/dict_16_192_64_0p5_0p02_0034_0010.uasset" 5054
"../../../Engine/Content/EngineMaterials/Substrate/GLints/dict_16_192_64_0p5_0p02_0034_0002.uasset" 5055
"../../../Engine/Content/EngineMaterials/Substrate/GLints/dict_16_192_64_0p5_0p02_0034_0014.uasset" 5056
"../../../Engine/Content/EngineMaterials/Substrate/GLints/dict_16_192_64_0p5_0p02_0035_0001.uasset" 5057
"../../../Engine/Content/EngineMaterials/Substrate/GLints/dict_16_192_64_0p5_0p02_0034_0008.uasset" 5058
"../../../Engine/Content/EngineMaterials/Substrate/GLints/dict_16_192_64_0p5_0p02_0034_0004.uasset" 5059
"../../../Engine/Content/EngineMaterials/Substrate/GLints/dict_16_192_64_0p5_0p02_0034_0009.uasset" 5060
"../../../Engine/Content/EngineMaterials/Substrate/GLints/dict_16_192_64_0p5_0p02_0034_0003.uasset" 5061
"/Engine/EngineMaterials/Substrate/GLints/dict_16_192_64_0p5_0p02_0035_0005" 5062
"../../../Engine/Content/EngineMaterials/Substrate/GLints/dict_16_192_64_0p5_0p02_0034_0006.uasset" 5063
"../../../Engine/Content/EngineMaterials/Substrate/GLints/dict_16_192_64_0p5_0p02_0034_0001.uasset" 5064
"/Engine/EngineMaterials/Substrate/GLints/dict_16_192_64_0p5_0p02_0035_0006" 5065
"/Engine/EngineMaterials/Substrate/GLints/dict_16_192_64_0p5_0p02_0035_0007" 5066
"/Engine/EngineMaterials/Substrate/GLints/dict_16_192_64_0p5_0p02_0035_0008" 5067
"/Engine/EngineMaterials/Substrate/GLints/dict_16_192_64_0p5_0p02_0034_0015" 5068
"/Engine/EngineMaterials/Substrate/GLints/dict_16_192_64_0p5_0p02_0035_0009" 5069
"/Engine/EngineMaterials/Substrate/GLints/dict_16_192_64_0p5_0p02_0035_0010" 5070
"/Engine/EngineMaterials/Substrate/GLints/dict_16_192_64_0p5_0p02_0035_0011" 5071
"/Engine/EngineMaterials/Substrate/GLints/dict_16_192_64_0p5_0p02_0035_0012" 5072
"/Engine/EngineMaterials/Substrate/GLints/dict_16_192_64_0p5_0p02_0035_0013" 5073
"/Engine/EngineMaterials/Substrate/GLints/dict_16_192_64_0p5_0p02_0035_0014" 5074
"/Engine/EngineMaterials/Substrate/GLints/dict_16_192_64_0p5_0p02_0035_0015" 5075
"/Engine/EngineMaterials/Substrate/GLints/dict_16_192_64_0p5_0p02_0036_0000" 5076
"/Engine/EngineMaterials/Substrate/GLints/dict_16_192_64_0p5_0p02_0035_0000" 5077
"/Engine/EngineMaterials/Substrate/GLints/dict_16_192_64_0p5_0p02_0035_0002" 5078
"/Engine/EngineMaterials/Substrate/GLints/dict_16_192_64_0p5_0p02_0035_0003" 5079
"/Engine/EngineMaterials/Substrate/GLints/dict_16_192_64_0p5_0p02_0035_0004" 5080
"../../../Engine/Content/EngineMaterials/Substrate/GLints/dict_16_192_64_0p5_0p02_0033_0015.uasset" 5081
"../../../Engine/Content/EngineMaterials/Substrate/GLints/dict_16_192_64_0p5_0p02_0033_0014.uasset" 5082
"../../../Engine/Content/EngineMaterials/Substrate/GLints/dict_16_192_64_0p5_0p02_0033_0009.uasset" 5083
"../../../Engine/Content/EngineMaterials/Substrate/GLints/dict_16_192_64_0p5_0p02_0034_0000.uasset" 5084
"../../../Engine/Content/EngineMaterials/Substrate/GLints/dict_16_192_64_0p5_0p02_0033_0013.uasset" 5085
"../../../Engine/Content/EngineMaterials/Substrate/GLints/dict_16_192_64_0p5_0p02_0033_0004.uasset" 5086
"../../../Engine/Content/EngineMaterials/Substrate/GLints/dict_16_192_64_0p5_0p02_0033_0012.uasset" 5087
"../../../Engine/Content/EngineMaterials/Substrate/GLints/dict_16_192_64_0p5_0p02_0033_0001.uasset" 5088
"../../../Engine/Content/EngineMaterials/Substrate/GLints/dict_16_192_64_0p5_0p02_0033_0005.uasset" 5089
"../../../Engine/Content/EngineMaterials/Substrate/GLints/dict_16_192_64_0p5_0p02_0033_0003.uasset" 5090
"../../../Engine/Content/EngineMaterials/Substrate/GLints/dict_16_192_64_0p5_0p02_0033_0000.uasset" 5091
"../../../Engine/Content/EngineMaterials/Substrate/GLints/dict_16_192_64_0p5_0p02_0033_0006.uasset" 5092
"../../../Engine/Content/EngineMaterials/Substrate/GLints/dict_16_192_64_0p5_0p02_0033_0010.uasset" 5093
"../../../Engine/Content/EngineMaterials/Substrate/GLints/dict_16_192_64_0p5_0p02_0033_0011.uasset" 5094
"../../../Engine/Content/EngineMaterials/Substrate/GLints/dict_16_192_64_0p5_0p02_0033_0007.uasset" 5095
"/Engine/EngineMaterials/Substrate/GLints/dict_16_192_64_0p5_0p02_0034_0001" 5096
"../../../Engine/Content/EngineMaterials/Substrate/GLints/dict_16_192_64_0p5_0p02_0033_0002.uasset" 5097
"../../../Engine/Content/EngineMaterials/Substrate/GLints/dict_16_192_64_0p5_0p02_0033_0008.uasset" 5098
"/Engine/EngineMaterials/Substrate/GLints/dict_16_192_64_0p5_0p02_0034_0002" 5099
"/Engine/EngineMaterials/Substrate/GLints/dict_16_192_64_0p5_0p02_0034_0003" 5100
"/Engine/EngineMaterials/Substrate/GLints/dict_16_192_64_0p5_0p02_0034_0004" 5101
"/Engine/EngineMaterials/Substrate/GLints/dict_16_192_64_0p5_0p02_0034_0005" 5102
"/Engine/EngineMaterials/Substrate/GLints/dict_16_192_64_0p5_0p02_0034_0006" 5103
"/Engine/EngineMaterials/Substrate/GLints/dict_16_192_64_0p5_0p02_0034_0007" 5104
"/Engine/EngineMaterials/Substrate/GLints/dict_16_192_64_0p5_0p02_0034_0008" 5105
"/Engine/EngineMaterials/Substrate/GLints/dict_16_192_64_0p5_0p02_0034_0009" 5106
"/Engine/EngineMaterials/Substrate/GLints/dict_16_192_64_0p5_0p02_0034_0010" 5107
"/Engine/EngineMaterials/Substrate/GLints/dict_16_192_64_0p5_0p02_0034_0011" 5108
"/Engine/EngineMaterials/Substrate/GLints/dict_16_192_64_0p5_0p02_0034_0012" 5109
"/Engine/EngineMaterials/Substrate/GLints/dict_16_192_64_0p5_0p02_0034_0013" 5110
"/Engine/EngineMaterials/Substrate/GLints/dict_16_192_64_0p5_0p02_0034_0014" 5111
"/Engine/EngineMaterials/Substrate/GLints/dict_16_192_64_0p5_0p02_0035_0001" 5112
"/Engine/EngineMaterials/Substrate/GLints/dict_16_192_64_0p5_0p02_0033_0014" 5113
"/Engine/EngineMaterials/Substrate/GLints/dict_16_192_64_0p5_0p02_0033_0015" 5114
"../../../Engine/Content/EngineMaterials/Substrate/GLints/dict_16_192_64_0p5_0p02_0032_0015.uasset" 5115
"../../../Engine/Content/EngineMaterials/Substrate/GLints/dict_16_192_64_0p5_0p02_0032_0013.uasset" 5116
"../../../Engine/Content/EngineMaterials/Substrate/GLints/dict_16_192_64_0p5_0p02_0032_0012.uasset" 5117
"../../../Engine/Content/EngineMaterials/Substrate/GLints/dict_16_192_64_0p5_0p02_0032_0010.uasset" 5118
"../../../Engine/Content/EngineMaterials/Substrate/GLints/dict_16_192_64_0p5_0p02_0032_0014.uasset" 5119
"../../../Engine/Content/EngineMaterials/Substrate/GLints/dict_16_192_64_0p5_0p02_0032_0005.uasset" 5120
"../../../Engine/Content/EngineMaterials/Substrate/GLints/dict_16_192_64_0p5_0p02_0032_0007.uasset" 5121
"../../../Engine/Content/EngineMaterials/Substrate/GLints/dict_16_192_64_0p5_0p02_0032_0002.uasset" 5122
"../../../Engine/Content/EngineMaterials/Substrate/GLints/dict_16_192_64_0p5_0p02_0032_0000.uasset" 5123
"../../../Engine/Content/EngineMaterials/Substrate/GLints/dict_16_192_64_0p5_0p02_0032_0009.uasset" 5124
"../../../Engine/Content/EngineMaterials/Substrate/GLints/dict_16_192_64_0p5_0p02_0032_0006.uasset" 5125
"../../../Engine/Content/EngineMaterials/Substrate/GLints/dict_16_192_64_0p5_0p02_0032_0001.uasset" 5126
"../../../Engine/Content/EngineMaterials/Substrate/GLints/dict_16_192_64_0p5_0p02_0031_0015.uasset" 5127
"../../../Engine/Content/EngineMaterials/Substrate/GLints/dict_16_192_64_0p5_0p02_0032_0008.uasset" 5128
"../../../Engine/Content/EngineMaterials/Substrate/GLints/dict_16_192_64_0p5_0p02_0032_0003.uasset" 5129
"../../../Engine/Content/EngineMaterials/Substrate/GLints/dict_16_192_64_0p5_0p02_0032_0004.uasset" 5130
"../../../Engine/Content/EngineMaterials/Substrate/GLints/dict_16_192_64_0p5_0p02_0032_0011.uasset" 5131
"/Engine/EngineMaterials/Substrate/GLints/dict_16_192_64_0p5_0p02_0033_0000" 5132
"/Engine/EngineMaterials/Substrate/GLints/dict_16_192_64_0p5_0p02_0033_0001" 5133
"/Engine/EngineMaterials/Substrate/GLints/dict_16_192_64_0p5_0p02_0033_0002" 5134
"/Engine/EngineMaterials/Substrate/GLints/dict_16_192_64_0p5_0p02_0033_0003" 5135
"/Engine/EngineMaterials/Substrate/GLints/dict_16_192_64_0p5_0p02_0033_0004" 5136
"/Engine/EngineMaterials/Substrate/GLints/dict_16_192_64_0p5_0p02_0033_0005" 5137
"/Engine/EngineMaterials/Substrate/GLints/dict_16_192_64_0p5_0p02_0033_0006" 5138
"/Engine/EngineMaterials/Substrate/GLints/dict_16_192_64_0p5_0p02_0033_0007" 5139
"/Engine/EngineMaterials/Substrate/GLints/dict_16_192_64_0p5_0p02_0033_0008" 5140
"/Engine/EngineMaterials/Substrate/GLints/dict_16_192_64_0p5_0p02_0033_0009" 5141
"/Engine/EngineMaterials/Substrate/GLints/dict_16_192_64_0p5_0p02_0033_0010" 5142
"/Engine/EngineMaterials/Substrate/GLints/dict_16_192_64_0p5_0p02_0033_0011" 5143
"/Engine/EngineMaterials/Substrate/GLints/dict_16_192_64_0p5_0p02_0033_0012" 5144
"/Engine/EngineMaterials/Substrate/GLints/dict_16_192_64_0p5_0p02_0033_0013" 5145
"/Engine/EngineMaterials/Substrate/GLints/dict_16_192_64_0p5_0p02_0032_0013" 5146
"/Engine/EngineMaterials/Substrate/GLints/dict_16_192_64_0p5_0p02_0032_0015" 5147
"/Engine/EngineMaterials/Substrate/GLints/dict_16_192_64_0p5_0p02_0034_0000" 5148
"../../../Engine/Content/EngineMaterials/Substrate/GLints/dict_16_192_64_0p5_0p02_0031_0013.uasset" 5149
"../../../Engine/Content/EngineMaterials/Substrate/GLints/dict_16_192_64_0p5_0p02_0031_0012.uasset" 5150
"../../../Engine/Content/EngineMaterials/Substrate/GLints/dict_16_192_64_0p5_0p02_0031_0014.uasset" 5151
"../../../Engine/Content/EngineMaterials/Substrate/GLints/dict_16_192_64_0p5_0p02_0031_0010.uasset" 5152
"../../../Engine/Content/EngineMaterials/Substrate/GLints/dict_16_192_64_0p5_0p02_0031_0007.uasset" 5153
"../../../Engine/Content/EngineMaterials/Substrate/GLints/dict_16_192_64_0p5_0p02_0031_0005.uasset" 5154
"../../../Engine/Content/EngineMaterials/Substrate/GLints/dict_16_192_64_0p5_0p02_0031_0004.uasset" 5155
"../../../Engine/Content/EngineMaterials/Substrate/GLints/dict_16_192_64_0p5_0p02_0031_0003.uasset" 5156
"../../../Engine/Content/EngineMaterials/Substrate/GLints/dict_16_192_64_0p5_0p02_0031_0011.uasset" 5157
"../../../Engine/Content/EngineMaterials/Substrate/GLints/dict_16_192_64_0p5_0p02_0031_0002.uasset" 5158
"../../../Engine/Content/EngineMaterials/Substrate/GLints/dict_16_192_64_0p5_0p02_0030_0014.uasset" 5159
"../../../Engine/Content/EngineMaterials/Substrate/GLints/dict_16_192_64_0p5_0p02_0031_0009.uasset" 5160
"/Engine/EngineMaterials/Substrate/GLints/dict_16_192_64_0p5_0p02_0031_0015" 5161
"../../../Engine/Content/EngineMaterials/Substrate/GLints/dict_16_192_64_0p5_0p02_0031_0001.uasset" 5162
"../../../Engine/Content/EngineMaterials/Substrate/GLints/dict_16_192_64_0p5_0p02_0030_0015.uasset" 5163
"../../../Engine/Content/EngineMaterials/Substrate/GLints/dict_16_192_64_0p5_0p02_0031_0000.uasset" 5164
"../../../Engine/Content/EngineMaterials/Substrate/GLints/dict_16_192_64_0p5_0p02_0031_0006.uasset" 5165
"../../../Engine/Content/EngineMaterials/Substrate/GLints/dict_16_192_64_0p5_0p02_0031_0008.uasset" 5166
"/Engine/EngineMaterials/Substrate/GLints/dict_16_192_64_0p5_0p02_0032_0000" 5167
"/Engine/EngineMaterials/Substrate/GLints/dict_16_192_64_0p5_0p02_0032_0001" 5168
"/Engine/EngineMaterials/Substrate/GLints/dict_16_192_64_0p5_0p02_0032_0002" 5169
"/Engine/EngineMaterials/Substrate/GLints/dict_16_192_64_0p5_0p02_0032_0003" 5170
"/Engine/EngineMaterials/Substrate/GLints/dict_16_192_64_0p5_0p02_0032_0004" 5171
"/Engine/EngineMaterials/Substrate/GLints/dict_16_192_64_0p5_0p02_0032_0005" 5172
"/Engine/EngineMaterials/Substrate/GLints/dict_16_192_64_0p5_0p02_0032_0006" 5173
"/Engine/EngineMaterials/Substrate/GLints/dict_16_192_64_0p5_0p02_0032_0007" 5174
"/Engine/EngineMaterials/Substrate/GLints/dict_16_192_64_0p5_0p02_0032_0008" 5175
"/Engine/EngineMaterials/Substrate/GLints/dict_16_192_64_0p5_0p02_0032_0009" 5176
"/Engine/EngineMaterials/Substrate/GLints/dict_16_192_64_0p5_0p02_0032_0010" 5177
"/Engine/EngineMaterials/Substrate/GLints/dict_16_192_64_0p5_0p02_0032_0011" 5178
"/Engine/EngineMaterials/Substrate/GLints/dict_16_192_64_0p5_0p02_0032_0012" 5179
"/Engine/EngineMaterials/Substrate/GLints/dict_16_192_64_0p5_0p02_0031_0005" 5180
"/Engine/EngineMaterials/Substrate/GLints/dict_16_192_64_0p5_0p02_0031_0007" 5181
"/Engine/EngineMaterials/Substrate/GLints/dict_16_192_64_0p5_0p02_0031_0010" 5182
"/Engine/EngineMaterials/Substrate/GLints/dict_16_192_64_0p5_0p02_0031_0012" 5183
"/Engine/EngineMaterials/Substrate/GLints/dict_16_192_64_0p5_0p02_0032_0014" 5184
"/Engine/EngineMaterials/Substrate/GLints/dict_16_192_64_0p5_0p02_0031_0013" 5185
"/Engine/EngineMaterials/Substrate/GLints/dict_16_192_64_0p5_0p02_0031_0014" 5186
"../../../Engine/Content/EngineMaterials/Substrate/GLints/dict_16_192_64_0p5_0p02_0030_0013.uasset" 5187
"../../../Engine/Content/EngineMaterials/Substrate/GLints/dict_16_192_64_0p5_0p02_0030_0012.uasset" 5188
"../../../Engine/Content/EngineMaterials/Substrate/GLints/dict_16_192_64_0p5_0p02_0030_0011.uasset" 5189
"../../../Engine/Content/EngineMaterials/Substrate/GLints/dict_16_192_64_0p5_0p02_0030_0009.uasset" 5190
"../../../Engine/Content/EngineMaterials/Substrate/GLints/dict_16_192_64_0p5_0p02_0030_0007.uasset" 5191
"../../../Engine/Content/EngineMaterials/Substrate/GLints/dict_16_192_64_0p5_0p02_0030_0006.uasset" 5192
"../../../Engine/Content/EngineMaterials/Substrate/GLints/dict_16_192_64_0p5_0p02_0030_0008.uasset" 5193
"../../../Engine/Content/EngineMaterials/Substrate/GLints/dict_16_192_64_0p5_0p02_0030_0004.uasset" 5194
"../../../Engine/Content/EngineMaterials/Substrate/GLints/dict_16_192_64_0p5_0p02_0030_0003.uasset" 5195
"../../../Engine/Content/EngineMaterials/Substrate/GLints/dict_16_192_64_0p5_0p02_0030_0002.uasset" 5196
"../../../Engine/Content/EngineMaterials/Substrate/GLints/dict_16_192_64_0p5_0p02_0029_0015.uasset" 5197
"../../../Engine/Content/EngineMaterials/Substrate/GLints/dict_16_192_64_0p5_0p02_0030_0010.uasset" 5198
"../../../Engine/Content/EngineMaterials/Substrate/GLints/dict_16_192_64_0p5_0p02_0029_0010.uasset" 5199
"../../../Engine/Content/EngineMaterials/Substrate/GLints/dict_16_192_64_0p5_0p02_0030_0005.uasset" 5200
"../../../Engine/Content/EngineMaterials/Substrate/GLints/dict_16_192_64_0p5_0p02_0029_0014.uasset" 5201
"../../../Engine/Content/EngineMaterials/Substrate/GLints/dict_16_192_64_0p5_0p02_0030_0000.uasset" 5202
"../../../Engine/Content/EngineMaterials/Substrate/GLints/dict_16_192_64_0p5_0p02_0030_0001.uasset" 5203
"../../../Engine/Content/EngineMaterials/Substrate/GLints/dict_16_192_64_0p5_0p02_0029_0011.uasset" 5204
"/Engine/EngineMaterials/Substrate/GLints/dict_16_192_64_0p5_0p02_0030_0014" 5205
"../../../Engine/Content/EngineMaterials/Substrate/GLints/dict_16_192_64_0p5_0p02_0029_0012.uasset" 5206
"../../../Engine/Content/EngineMaterials/Substrate/GLints/dict_16_192_64_0p5_0p02_0029_0009.uasset" 5207
"../../../Engine/Content/EngineMaterials/Substrate/GLints/dict_16_192_64_0p5_0p02_0029_0013.uasset" 5208
"/Engine/EngineMaterials/Substrate/GLints/dict_16_192_64_0p5_0p02_0030_0015" 5209
"/Engine/EngineMaterials/Substrate/GLints/dict_16_192_64_0p5_0p02_0031_0000" 5210
"/Engine/EngineMaterials/Substrate/GLints/dict_16_192_64_0p5_0p02_0031_0001" 5211
"/Engine/EngineMaterials/Substrate/GLints/dict_16_192_64_0p5_0p02_0031_0002" 5212
"/Engine/EngineMaterials/Substrate/GLints/dict_16_192_64_0p5_0p02_0031_0003" 5213
"/Engine/EngineMaterials/Substrate/GLints/dict_16_192_64_0p5_0p02_0031_0004" 5214
"/Engine/EngineMaterials/Substrate/GLints/dict_16_192_64_0p5_0p02_0031_0006" 5215
"/Engine/EngineMaterials/Substrate/GLints/dict_16_192_64_0p5_0p02_0031_0008" 5216
"/Engine/EngineMaterials/Substrate/GLints/dict_16_192_64_0p5_0p02_0031_0009" 5217
"/Engine/EngineMaterials/Substrate/GLints/dict_16_192_64_0p5_0p02_0030_0009" 5218
"/Engine/EngineMaterials/Substrate/GLints/dict_16_192_64_0p5_0p02_0031_0011" 5219
"/Engine/EngineMaterials/Substrate/GLints/dict_16_192_64_0p5_0p02_0030_0011" 5220
"/Engine/EngineMaterials/Substrate/GLints/dict_16_192_64_0p5_0p02_0030_0012" 5221
"/Engine/EngineMaterials/Substrate/GLints/dict_16_192_64_0p5_0p02_0030_0013" 5222
"../../../Engine/Content/EngineMaterials/Substrate/GLints/dict_16_192_64_0p5_0p02_0029_0008.uasset" 5223
"../../../Engine/Content/EngineMaterials/Substrate/GLints/dict_16_192_64_0p5_0p02_0029_0007.uasset" 5224
"../../../Engine/Content/EngineMaterials/Substrate/GLints/dict_16_192_64_0p5_0p02_0029_0006.uasset" 5225
"../../../Engine/Content/EngineMaterials/Substrate/GLints/dict_16_192_64_0p5_0p02_0029_0005.uasset" 5226
"../../../Engine/Content/EngineMaterials/Substrate/GLints/dict_16_192_64_0p5_0p02_0029_0002.uasset" 5227
"../../../Engine/Content/EngineMaterials/Substrate/GLints/dict_16_192_64_0p5_0p02_0029_0003.uasset" 5228
"../../../Engine/Content/EngineMaterials/Substrate/GLints/dict_16_192_64_0p5_0p02_0028_0010.uasset" 5229
"../../../Engine/Content/EngineMaterials/Substrate/GLints/dict_16_192_64_0p5_0p02_0028_0011.uasset" 5230
"../../../Engine/Content/EngineMaterials/Substrate/GLints/dict_16_192_64_0p5_0p02_0028_0012.uasset" 5231
"/Engine/EngineMaterials/Substrate/GLints/dict_16_192_64_0p5_0p02_0029_0009" 5232
"../../../Engine/Content/EngineMaterials/Substrate/GLints/dict_16_192_64_0p5_0p02_0029_0004.uasset" 5233
"../../../Engine/Content/EngineMaterials/Substrate/GLints/dict_16_192_64_0p5_0p02_0029_0000.uasset" 5234
"../../../Engine/Content/EngineMaterials/Substrate/GLints/dict_16_192_64_0p5_0p02_0028_0013.uasset" 5235
"../../../Engine/Content/EngineMaterials/Substrate/GLints/dict_16_192_64_0p5_0p02_0028_0015.uasset" 5236
"../../../Engine/Content/EngineMaterials/Substrate/GLints/dict_16_192_64_0p5_0p02_0029_0001.uasset" 5237
"../../../Engine/Content/EngineMaterials/Substrate/GLints/dict_16_192_64_0p5_0p02_0028_0014.uasset" 5238
"/Engine/EngineMaterials/Substrate/GLints/dict_16_192_64_0p5_0p02_0029_0010" 5239
"/Engine/EngineMaterials/Substrate/GLints/dict_16_192_64_0p5_0p02_0029_0011" 5240
"/Engine/EngineMaterials/Substrate/GLints/dict_16_192_64_0p5_0p02_0029_0012" 5241
"/Engine/EngineMaterials/Substrate/GLints/dict_16_192_64_0p5_0p02_0029_0013" 5242
"/Engine/EngineMaterials/Substrate/GLints/dict_16_192_64_0p5_0p02_0029_0014" 5243
"/Engine/EngineMaterials/Substrate/GLints/dict_16_192_64_0p5_0p02_0029_0015" 5244
"/Engine/EngineMaterials/Substrate/GLints/dict_16_192_64_0p5_0p02_0030_0000" 5245
"/Engine/EngineMaterials/Substrate/GLints/dict_16_192_64_0p5_0p02_0030_0001" 5246
"/Engine/EngineMaterials/Substrate/GLints/dict_16_192_64_0p5_0p02_0030_0002" 5247
"/Engine/EngineMaterials/Substrate/GLints/dict_16_192_64_0p5_0p02_0030_0003" 5248
"/Engine/EngineMaterials/Substrate/GLints/dict_16_192_64_0p5_0p02_0030_0004" 5249
"/Engine/EngineMaterials/Substrate/GLints/dict_16_192_64_0p5_0p02_0030_0005" 5250
"/Engine/EngineMaterials/Substrate/GLints/dict_16_192_64_0p5_0p02_0030_0006" 5251
"/Engine/EngineMaterials/Substrate/GLints/dict_16_192_64_0p5_0p02_0030_0007" 5252
"/Engine/EngineMaterials/Substrate/GLints/dict_16_192_64_0p5_0p02_0030_0008" 5253
"/Engine/EngineMaterials/Substrate/GLints/dict_16_192_64_0p5_0p02_0030_0010" 5254
"/Engine/EngineMaterials/Substrate/GLints/dict_16_192_64_0p5_0p02_0029_0006" 5255
"/Engine/EngineMaterials/Substrate/GLints/dict_16_192_64_0p5_0p02_0029_0007" 5256
"/Engine/EngineMaterials/Substrate/GLints/dict_16_192_64_0p5_0p02_0029_0008" 5257
"../../../Engine/Content/EngineMaterials/Substrate/GLints/dict_16_192_64_0p5_0p02_0028_0009.uasset" 5258
"../../../Engine/Content/EngineMaterials/Substrate/GLints/dict_16_192_64_0p5_0p02_0028_0007.uasset" 5259
"../../../Engine/Content/EngineMaterials/Substrate/GLints/dict_16_192_64_0p5_0p02_0028_0008.uasset" 5260
"../../../Engine/Content/EngineMaterials/Substrate/GLints/dict_16_192_64_0p5_0p02_0028_0005.uasset" 5261
"../../../Engine/Content/EngineMaterials/Substrate/GLints/dict_16_192_64_0p5_0p02_0028_0006.uasset" 5262
"../../../Engine/Content/EngineMaterials/Substrate/GLints/dict_16_192_64_0p5_0p02_0027_0013.uasset" 5263
"../../../Engine/Content/EngineMaterials/Substrate/GLints/dict_16_192_64_0p5_0p02_0027_0014.uasset" 5264
"../../../Engine/Content/EngineMaterials/Substrate/GLints/dict_16_192_64_0p5_0p02_0028_0004.uasset" 5265
"../../../Engine/Content/EngineMaterials/Substrate/GLints/dict_16_192_64_0p5_0p02_0027_0009.uasset" 5266
"../../../Engine/Content/EngineMaterials/Substrate/GLints/dict_16_192_64_0p5_0p02_0028_0000.uasset" 5267
"../../../Engine/Content/EngineMaterials/Substrate/GLints/dict_16_192_64_0p5_0p02_0027_0006.uasset" 5268
"../../../Engine/Content/EngineMaterials/Substrate/GLints/dict_16_192_64_0p5_0p02_0027_0008.uasset" 5269
"../../../Engine/Content/EngineMaterials/Substrate/GLints/dict_16_192_64_0p5_0p02_0028_0002.uasset" 5270
"../../../Engine/Content/EngineMaterials/Substrate/GLints/dict_16_192_64_0p5_0p02_0027_0011.uasset" 5271
"../../../Engine/Content/EngineMaterials/Substrate/GLints/dict_16_192_64_0p5_0p02_0028_0003.uasset" 5272
"../../../Engine/Content/EngineMaterials/Substrate/GLints/dict_16_192_64_0p5_0p02_0027_0012.uasset" 5273
"../../../Engine/Content/EngineMaterials/Substrate/GLints/dict_16_192_64_0p5_0p02_0027_0010.uasset" 5274
"../../../Engine/Content/EngineMaterials/Substrate/GLints/dict_16_192_64_0p5_0p02_0028_0001.uasset" 5275
"../../../Engine/Content/EngineMaterials/Substrate/GLints/dict_16_192_64_0p5_0p02_0027_0007.uasset" 5276
"../../../Engine/Content/EngineMaterials/Substrate/GLints/dict_16_192_64_0p5_0p02_0027_0015.uasset" 5277
"/Engine/EngineMaterials/Substrate/GLints/dict_16_192_64_0p5_0p02_0028_0010" 5278
"/Engine/EngineMaterials/Substrate/GLints/dict_16_192_64_0p5_0p02_0028_0011" 5279
"/Engine/EngineMaterials/Substrate/GLints/dict_16_192_64_0p5_0p02_0028_0012" 5280
"/Engine/EngineMaterials/Substrate/GLints/dict_16_192_64_0p5_0p02_0028_0013" 5281
"/Engine/EngineMaterials/Substrate/GLints/dict_16_192_64_0p5_0p02_0028_0014" 5282
"/Engine/EngineMaterials/Substrate/GLints/dict_16_192_64_0p5_0p02_0028_0015" 5283
"/Engine/EngineMaterials/Substrate/GLints/dict_16_192_64_0p5_0p02_0029_0000" 5284
"/Engine/EngineMaterials/Substrate/GLints/dict_16_192_64_0p5_0p02_0029_0001" 5285
"/Engine/EngineMaterials/Substrate/GLints/dict_16_192_64_0p5_0p02_0028_0005" 5286
"/Engine/EngineMaterials/Substrate/GLints/dict_16_192_64_0p5_0p02_0029_0002" 5287
"/Engine/EngineMaterials/Substrate/GLints/dict_16_192_64_0p5_0p02_0029_0003" 5288
"/Engine/EngineMaterials/Substrate/GLints/dict_16_192_64_0p5_0p02_0029_0004" 5289
"/Engine/EngineMaterials/Substrate/GLints/dict_16_192_64_0p5_0p02_0029_0005" 5290
"/Engine/EngineMaterials/Substrate/GLints/dict_16_192_64_0p5_0p02_0028_0006" 5291
"/Engine/EngineMaterials/Substrate/GLints/dict_16_192_64_0p5_0p02_0028_0007" 5292
"/Engine/EngineMaterials/Substrate/GLints/dict_16_192_64_0p5_0p02_0028_0008" 5293
"/Engine/EngineMaterials/Substrate/GLints/dict_16_192_64_0p5_0p02_0028_0009" 5294
"../../../Engine/Content/EngineMaterials/Substrate/GLints/dict_16_192_64_0p5_0p02_0027_0005.uasset" 5295
"../../../Engine/Content/EngineMaterials/Substrate/GLints/dict_16_192_64_0p5_0p02_0027_0003.uasset" 5296
"../../../Engine/Content/EngineMaterials/Substrate/GLints/dict_16_192_64_0p5_0p02_0027_0004.uasset" 5297
"../../../Engine/Content/EngineMaterials/Substrate/GLints/dict_16_192_64_0p5_0p02_0026_0015.uasset" 5298
"../../../Engine/Content/EngineMaterials/Substrate/GLints/dict_16_192_64_0p5_0p02_0026_0011.uasset" 5299
"../../../Engine/Content/EngineMaterials/Substrate/GLints/dict_16_192_64_0p5_0p02_0026_0014.uasset" 5300
"../../../Engine/Content/EngineMaterials/Substrate/GLints/dict_16_192_64_0p5_0p02_0026_0006.uasset" 5301
"../../../Engine/Content/EngineMaterials/Substrate/GLints/dict_16_192_64_0p5_0p02_0026_0009.uasset" 5302
"/Engine/EngineMaterials/Substrate/GLints/dict_16_192_64_0p5_0p02_0027_0006" 5303
"../../../Engine/Content/EngineMaterials/Substrate/GLints/dict_16_192_64_0p5_0p02_0027_0002.uasset" 5304
"../../../Engine/Content/EngineMaterials/Substrate/GLints/dict_16_192_64_0p5_0p02_0027_0001.uasset" 5305
"../../../Engine/Content/EngineMaterials/Substrate/GLints/dict_16_192_64_0p5_0p02_0026_0010.uasset" 5306
"../../../Engine/Content/EngineMaterials/Substrate/GLints/dict_16_192_64_0p5_0p02_0026_0005.uasset" 5307
"../../../Engine/Content/EngineMaterials/Substrate/GLints/dict_16_192_64_0p5_0p02_0026_0012.uasset" 5308
"../../../Engine/Content/EngineMaterials/Substrate/GLints/dict_16_192_64_0p5_0p02_0026_0007.uasset" 5309
"../../../Engine/Content/EngineMaterials/Substrate/GLints/dict_16_192_64_0p5_0p02_0027_0000.uasset" 5310
"../../../Engine/Content/EngineMaterials/Substrate/GLints/dict_16_192_64_0p5_0p02_0026_0013.uasset" 5311
"../../../Engine/Content/EngineMaterials/Substrate/GLints/dict_16_192_64_0p5_0p02_0026_0008.uasset" 5312
"/Engine/EngineMaterials/Substrate/GLints/dict_16_192_64_0p5_0p02_0027_0007" 5313
"/Engine/EngineMaterials/Substrate/GLints/dict_16_192_64_0p5_0p02_0027_0008" 5314
"/Engine/EngineMaterials/Substrate/GLints/dict_16_192_64_0p5_0p02_0027_0009" 5315
"/Engine/EngineMaterials/Substrate/GLints/dict_16_192_64_0p5_0p02_0027_0010" 5316
"/Engine/EngineMaterials/Substrate/GLints/dict_16_192_64_0p5_0p02_0027_0011" 5317
"/Engine/EngineMaterials/Substrate/GLints/dict_16_192_64_0p5_0p02_0027_0012" 5318
"/Engine/EngineMaterials/Substrate/GLints/dict_16_192_64_0p5_0p02_0027_0013" 5319
"/Engine/EngineMaterials/Substrate/GLints/dict_16_192_64_0p5_0p02_0027_0014" 5320
"/Engine/EngineMaterials/Substrate/GLints/dict_16_192_64_0p5_0p02_0027_0015" 5321
"/Engine/EngineMaterials/Substrate/GLints/dict_16_192_64_0p5_0p02_0028_0000" 5322
"/Engine/EngineMaterials/Substrate/GLints/dict_16_192_64_0p5_0p02_0028_0001" 5323
"/Engine/EngineMaterials/Substrate/GLints/dict_16_192_64_0p5_0p02_0028_0002" 5324
"/Engine/EngineMaterials/Substrate/GLints/dict_16_192_64_0p5_0p02_0028_0003" 5325
"/Engine/EngineMaterials/Substrate/GLints/dict_16_192_64_0p5_0p02_0028_0004" 5326
"/Engine/EngineMaterials/Substrate/GLints/dict_16_192_64_0p5_0p02_0027_0003" 5327
"/Engine/EngineMaterials/Substrate/GLints/dict_16_192_64_0p5_0p02_0027_0004" 5328
"/Engine/EngineMaterials/Substrate/GLints/dict_16_192_64_0p5_0p02_0027_0005" 5329
"../../../Engine/Content/EngineMaterials/Substrate/GLints/dict_16_192_64_0p5_0p02_0026_0004.uasset" 5330
"../../../Engine/Content/EngineMaterials/Substrate/GLints/dict_16_192_64_0p5_0p02_0026_0003.uasset" 5331
"../../../Engine/Content/EngineMaterials/Substrate/GLints/dict_16_192_64_0p5_0p02_0026_0002.uasset" 5332
"../../../Engine/Content/EngineMaterials/Substrate/GLints/dict_16_192_64_0p5_0p02_0025_0015.uasset" 5333
"../../../Engine/Content/EngineMaterials/Substrate/GLints/dict_16_192_64_0p5_0p02_0025_0013.uasset" 5334
"../../../Engine/Content/EngineMaterials/Substrate/GLints/dict_16_192_64_0p5_0p02_0025_0010.uasset" 5335
"../../../Engine/Content/EngineMaterials/Substrate/GLints/dict_16_192_64_0p5_0p02_0025_0006.uasset" 5336
"/Engine/EngineMaterials/Substrate/GLints/dict_16_192_64_0p5_0p02_0026_0005" 5337
"../../../Engine/Content/EngineMaterials/Substrate/GLints/dict_16_192_64_0p5_0p02_0025_0004.uasset" 5338
"../../../Engine/Content/EngineMaterials/Substrate/GLints/dict_16_192_64_0p5_0p02_0025_0009.uasset" 5339
"../../../Engine/Content/EngineMaterials/Substrate/GLints/dict_16_192_64_0p5_0p02_0025_0005.uasset" 5340
"../../../Engine/Content/EngineMaterials/Substrate/GLints/dict_16_192_64_0p5_0p02_0025_0012.uasset" 5341
"../../../Engine/Content/EngineMaterials/Substrate/GLints/dict_16_192_64_0p5_0p02_0025_0014.uasset" 5342
"../../../Engine/Content/EngineMaterials/Substrate/GLints/dict_16_192_64_0p5_0p02_0025_0008.uasset" 5343
"../../../Engine/Content/EngineMaterials/Substrate/GLints/dict_16_192_64_0p5_0p02_0025_0007.uasset" 5344
"../../../Engine/Content/EngineMaterials/Substrate/GLints/dict_16_192_64_0p5_0p02_0025_0003.uasset" 5345
"../../../Engine/Content/EngineMaterials/Substrate/GLints/dict_16_192_64_0p5_0p02_0026_0001.uasset" 5346
"../../../Engine/Content/EngineMaterials/Substrate/GLints/dict_16_192_64_0p5_0p02_0025_0011.uasset" 5347
"../../../Engine/Content/EngineMaterials/Substrate/GLints/dict_16_192_64_0p5_0p02_0026_0000.uasset" 5348
"/Engine/EngineMaterials/Substrate/GLints/dict_16_192_64_0p5_0p02_0026_0006" 5349
"/Engine/EngineMaterials/Substrate/GLints/dict_16_192_64_0p5_0p02_0026_0007" 5350
"/Engine/EngineMaterials/Substrate/GLints/dict_16_192_64_0p5_0p02_0026_0008" 5351
"/Engine/EngineMaterials/Substrate/GLints/dict_16_192_64_0p5_0p02_0026_0009" 5352
"/Engine/EngineMaterials/Substrate/GLints/dict_16_192_64_0p5_0p02_0026_0010" 5353
"/Engine/EngineMaterials/Substrate/GLints/dict_16_192_64_0p5_0p02_0026_0011" 5354
"/Engine/EngineMaterials/Substrate/GLints/dict_16_192_64_0p5_0p02_0026_0012" 5355
"/Engine/EngineMaterials/Substrate/GLints/dict_16_192_64_0p5_0p02_0026_0013" 5356
"/Engine/EngineMaterials/Substrate/GLints/dict_16_192_64_0p5_0p02_0026_0014" 5357
"/Engine/EngineMaterials/Substrate/GLints/dict_16_192_64_0p5_0p02_0026_0015" 5358
"/Engine/EngineMaterials/Substrate/GLints/dict_16_192_64_0p5_0p02_0027_0000" 5359
"/Engine/EngineMaterials/Substrate/GLints/dict_16_192_64_0p5_0p02_0027_0001" 5360
"/Engine/EngineMaterials/Substrate/GLints/dict_16_192_64_0p5_0p02_0027_0002" 5361
"/Engine/EngineMaterials/Substrate/GLints/dict_16_192_64_0p5_0p02_0026_0002" 5362
"/Engine/EngineMaterials/Substrate/GLints/dict_16_192_64_0p5_0p02_0026_0003" 5363
"/Engine/EngineMaterials/Substrate/GLints/dict_16_192_64_0p5_0p02_0026_0004" 5364
"../../../Engine/Content/EngineMaterials/Substrate/GLints/dict_16_192_64_0p5_0p02_0025_0002.uasset" 5365
"../../../Engine/Content/EngineMaterials/Substrate/GLints/dict_16_192_64_0p5_0p02_0025_0000.uasset" 5366
"../../../Engine/Content/EngineMaterials/Substrate/GLints/dict_16_192_64_0p5_0p02_0025_0001.uasset" 5367
"../../../Engine/Content/EngineMaterials/Substrate/GLints/dict_16_192_64_0p5_0p02_0024_0013.uasset" 5368
"../../../Engine/Content/EngineMaterials/Substrate/GLints/dict_16_192_64_0p5_0p02_0024_0012.uasset" 5369
"../../../Engine/Content/EngineMaterials/Substrate/GLints/dict_16_192_64_0p5_0p02_0024_0014.uasset" 5370
"../../../Engine/Content/EngineMaterials/Substrate/GLints/dict_16_192_64_0p5_0p02_0024_0011.uasset" 5371
"../../../Engine/Content/EngineMaterials/Substrate/GLints/dict_16_192_64_0p5_0p02_0024_0007.uasset" 5372
"../../../Engine/Content/EngineMaterials/Substrate/GLints/dict_16_192_64_0p5_0p02_0024_0004.uasset" 5373
"../../../Engine/Content/EngineMaterials/Substrate/GLints/dict_16_192_64_0p5_0p02_0024_0009.uasset" 5374
"../../../Engine/Content/EngineMaterials/Substrate/GLints/dict_16_192_64_0p5_0p02_0024_0003.uasset" 5375
"../../../Engine/Content/EngineMaterials/Substrate/GLints/dict_16_192_64_0p5_0p02_0024_0006.uasset" 5376
"../../../Engine/Content/EngineMaterials/Substrate/GLints/dict_16_192_64_0p5_0p02_0024_0015.uasset" 5377
"../../../Engine/Content/EngineMaterials/Substrate/GLints/dict_16_192_64_0p5_0p02_0024_0002.uasset" 5378
"../../../Engine/Content/EngineMaterials/Substrate/GLints/dict_16_192_64_0p5_0p02_0024_0010.uasset" 5379
"../../../Engine/Content/EngineMaterials/Substrate/GLints/dict_16_192_64_0p5_0p02_0024_0008.uasset" 5380
"../../../Engine/Content/EngineMaterials/Substrate/GLints/dict_16_192_64_0p5_0p02_0024_0005.uasset" 5381
"/Engine/EngineMaterials/Substrate/GLints/dict_16_192_64_0p5_0p02_0025_0003" 5382
"/Engine/EngineMaterials/Substrate/GLints/dict_16_192_64_0p5_0p02_0025_0004" 5383
"/Engine/EngineMaterials/Substrate/GLints/dict_16_192_64_0p5_0p02_0025_0005" 5384
"/Engine/EngineMaterials/Substrate/GLints/dict_16_192_64_0p5_0p02_0025_0006" 5385
"/Engine/EngineMaterials/Substrate/GLints/dict_16_192_64_0p5_0p02_0025_0007" 5386
"/Engine/EngineMaterials/Substrate/GLints/dict_16_192_64_0p5_0p02_0025_0008" 5387
"/Engine/EngineMaterials/Substrate/GLints/dict_16_192_64_0p5_0p02_0025_0009" 5388
"/Engine/EngineMaterials/Substrate/GLints/dict_16_192_64_0p5_0p02_0025_0010" 5389
"/Engine/EngineMaterials/Substrate/GLints/dict_16_192_64_0p5_0p02_0025_0011" 5390
"/Engine/EngineMaterials/Substrate/GLints/dict_16_192_64_0p5_0p02_0025_0012" 5391
"/Engine/EngineMaterials/Substrate/GLints/dict_16_192_64_0p5_0p02_0025_0013" 5392
"/Engine/EngineMaterials/Substrate/GLints/dict_16_192_64_0p5_0p02_0025_0014" 5393
"/Engine/EngineMaterials/Substrate/GLints/dict_16_192_64_0p5_0p02_0025_0015" 5394
"/Engine/EngineMaterials/Substrate/GLints/dict_16_192_64_0p5_0p02_0026_0000" 5395
"/Engine/EngineMaterials/Substrate/GLints/dict_16_192_64_0p5_0p02_0026_0001" 5396
"/Engine/EngineMaterials/Substrate/GLints/dict_16_192_64_0p5_0p02_0024_0013" 5397
"/Engine/EngineMaterials/Substrate/GLints/dict_16_192_64_0p5_0p02_0025_0000" 5398
"/Engine/EngineMaterials/Substrate/GLints/dict_16_192_64_0p5_0p02_0025_0001" 5399
"/Engine/EngineMaterials/Substrate/GLints/dict_16_192_64_0p5_0p02_0025_0002" 5400
"../../../Engine/Content/EngineMaterials/Substrate/GLints/dict_16_192_64_0p5_0p02_0024_0000.uasset" 5401
"../../../Engine/Content/EngineMaterials/Substrate/GLints/dict_16_192_64_0p5_0p02_0024_0001.uasset" 5402
"../../../Engine/Content/EngineMaterials/Substrate/GLints/dict_16_192_64_0p5_0p02_0023_0014.uasset" 5403
"../../../Engine/Content/EngineMaterials/Substrate/GLints/dict_16_192_64_0p5_0p02_0023_0015.uasset" 5404
"../../../Engine/Content/EngineMaterials/Substrate/GLints/dict_16_192_64_0p5_0p02_0023_0012.uasset" 5405
"../../../Engine/Content/EngineMaterials/Substrate/GLints/dict_16_192_64_0p5_0p02_0023_0005.uasset" 5406
"../../../Engine/Content/EngineMaterials/Substrate/GLints/dict_16_192_64_0p5_0p02_0023_0013.uasset" 5407
"../../../Engine/Content/EngineMaterials/Substrate/GLints/dict_16_192_64_0p5_0p02_0023_0011.uasset" 5408
"../../../Engine/Content/EngineMaterials/Substrate/GLints/dict_16_192_64_0p5_0p02_0023_0000.uasset" 5409
"../../../Engine/Content/EngineMaterials/Substrate/GLints/dict_16_192_64_0p5_0p02_0023_0001.uasset" 5410
"../../../Engine/Content/EngineMaterials/Substrate/GLints/dict_16_192_64_0p5_0p02_0023_0003.uasset" 5411
"../../../Engine/Content/EngineMaterials/Substrate/GLints/dict_16_192_64_0p5_0p02_0023_0009.uasset" 5412
"/Engine/EngineMaterials/Substrate/GLints/dict_16_192_64_0p5_0p02_0024_0002" 5413
"../../../Engine/Content/EngineMaterials/Substrate/GLints/dict_16_192_64_0p5_0p02_0023_0004.uasset" 5414
"../../../Engine/Content/EngineMaterials/Substrate/GLints/dict_16_192_64_0p5_0p02_0023_0010.uasset" 5415
"../../../Engine/Content/EngineMaterials/Substrate/GLints/dict_16_192_64_0p5_0p02_0023_0007.uasset" 5416
"../../../Engine/Content/EngineMaterials/Substrate/GLints/dict_16_192_64_0p5_0p02_0023_0002.uasset" 5417
"../../../Engine/Content/EngineMaterials/Substrate/GLints/dict_16_192_64_0p5_0p02_0023_0008.uasset" 5418
"../../../Engine/Content/EngineMaterials/Substrate/GLints/dict_16_192_64_0p5_0p02_0022_0015.uasset" 5419
"../../../Engine/Content/EngineMaterials/Substrate/GLints/dict_16_192_64_0p5_0p02_0023_0006.uasset" 5420
"/Engine/EngineMaterials/Substrate/GLints/dict_16_192_64_0p5_0p02_0024_0003" 5421
"/Engine/EngineMaterials/Substrate/GLints/dict_16_192_64_0p5_0p02_0024_0004" 5422
"/Engine/EngineMaterials/Substrate/GLints/dict_16_192_64_0p5_0p02_0024_0005" 5423
"/Engine/EngineMaterials/Substrate/GLints/dict_16_192_64_0p5_0p02_0024_0006" 5424
"/Engine/EngineMaterials/Substrate/GLints/dict_16_192_64_0p5_0p02_0024_0007" 5425
"/Engine/EngineMaterials/Substrate/GLints/dict_16_192_64_0p5_0p02_0024_0008" 5426
"/Engine/EngineMaterials/Substrate/GLints/dict_16_192_64_0p5_0p02_0024_0009" 5427
"/Engine/EngineMaterials/Substrate/GLints/dict_16_192_64_0p5_0p02_0024_0010" 5428
"/Engine/EngineMaterials/Substrate/GLints/dict_16_192_64_0p5_0p02_0024_0011" 5429
"/Engine/EngineMaterials/Substrate/GLints/dict_16_192_64_0p5_0p02_0024_0012" 5430
"/Engine/EngineMaterials/Substrate/GLints/dict_16_192_64_0p5_0p02_0024_0014" 5431
"/Engine/EngineMaterials/Substrate/GLints/dict_16_192_64_0p5_0p02_0024_0015" 5432
"/Engine/EngineMaterials/Substrate/GLints/dict_16_192_64_0p5_0p02_0024_0000" 5433
"/Engine/EngineMaterials/Substrate/GLints/dict_16_192_64_0p5_0p02_0024_0001" 5434
"../../../Engine/Content/EngineMaterials/Substrate/GLints/dict_16_192_64_0p5_0p02_0022_0012.uasset" 5435
"../../../Engine/Content/EngineMaterials/Substrate/GLints/dict_16_192_64_0p5_0p02_0022_0013.uasset" 5436
"../../../Engine/Content/EngineMaterials/Substrate/GLints/dict_16_192_64_0p5_0p02_0022_0010.uasset" 5437
"../../../Engine/Content/EngineMaterials/Substrate/GLints/dict_16_192_64_0p5_0p02_0022_0011.uasset" 5438
"../../../Engine/Content/EngineMaterials/Substrate/GLints/dict_16_192_64_0p5_0p02_0022_0008.uasset" 5439
"../../../Engine/Content/EngineMaterials/Substrate/GLints/dict_16_192_64_0p5_0p02_0022_0005.uasset" 5440
"../../../Engine/Content/EngineMaterials/Substrate/GLints/dict_16_192_64_0p5_0p02_0022_0003.uasset" 5441
"../../../Engine/Content/EngineMaterials/Substrate/GLints/dict_16_192_64_0p5_0p02_0022_0002.uasset" 5442
"../../../Engine/Content/EngineMaterials/Substrate/GLints/dict_16_192_64_0p5_0p02_0022_0009.uasset" 5443
"/Engine/EngineMaterials/Substrate/GLints/dict_16_192_64_0p5_0p02_0022_0015" 5444
"../../../Engine/Content/EngineMaterials/Substrate/GLints/dict_16_192_64_0p5_0p02_0022_0007.uasset" 5445
"../../../Engine/Content/EngineMaterials/Substrate/GLints/dict_16_192_64_0p5_0p02_0022_0004.uasset" 5446
"../../../Engine/Content/EngineMaterials/Substrate/GLints/dict_16_192_64_0p5_0p02_0022_0014.uasset" 5447
"../../../Engine/Content/EngineMaterials/Substrate/GLints/dict_16_192_64_0p5_0p02_0022_0001.uasset" 5448
"../../../Engine/Content/EngineMaterials/Substrate/GLints/dict_16_192_64_0p5_0p02_0022_0000.uasset" 5449
"../../../Engine/Content/EngineMaterials/Substrate/GLints/dict_16_192_64_0p5_0p02_0022_0006.uasset" 5450
"/Engine/EngineMaterials/Substrate/GLints/dict_16_192_64_0p5_0p02_0023_0000" 5451
"/Engine/EngineMaterials/Substrate/GLints/dict_16_192_64_0p5_0p02_0023_0001" 5452
"/Engine/EngineMaterials/Substrate/GLints/dict_16_192_64_0p5_0p02_0023_0002" 5453
"/Engine/EngineMaterials/Substrate/GLints/dict_16_192_64_0p5_0p02_0023_0003" 5454
"/Engine/EngineMaterials/Substrate/GLints/dict_16_192_64_0p5_0p02_0023_0004" 5455
"/Engine/EngineMaterials/Substrate/GLints/dict_16_192_64_0p5_0p02_0023_0005" 5456
"/Engine/EngineMaterials/Substrate/GLints/dict_16_192_64_0p5_0p02_0023_0006" 5457
"/Engine/EngineMaterials/Substrate/GLints/dict_16_192_64_0p5_0p02_0023_0007" 5458
"/Engine/EngineMaterials/Substrate/GLints/dict_16_192_64_0p5_0p02_0023_0008" 5459
"/Engine/EngineMaterials/Substrate/GLints/dict_16_192_64_0p5_0p02_0023_0009" 5460
"/Engine/EngineMaterials/Substrate/GLints/dict_16_192_64_0p5_0p02_0023_0010" 5461
"/Engine/EngineMaterials/Substrate/GLints/dict_16_192_64_0p5_0p02_0023_0011" 5462
"/Engine/EngineMaterials/Substrate/GLints/dict_16_192_64_0p5_0p02_0023_0012" 5463
"/Engine/EngineMaterials/Substrate/GLints/dict_16_192_64_0p5_0p02_0023_0013" 5464
"/Engine/EngineMaterials/Substrate/GLints/dict_16_192_64_0p5_0p02_0022_0010" 5465
"/Engine/EngineMaterials/Substrate/GLints/dict_16_192_64_0p5_0p02_0023_0014" 5466
"/Engine/EngineMaterials/Substrate/GLints/dict_16_192_64_0p5_0p02_0022_0011" 5467
"/Engine/EngineMaterials/Substrate/GLints/dict_16_192_64_0p5_0p02_0022_0012" 5468
"/Engine/EngineMaterials/Substrate/GLints/dict_16_192_64_0p5_0p02_0023_0015" 5469
"/Engine/EngineMaterials/Substrate/GLints/dict_16_192_64_0p5_0p02_0022_0013" 5470
"../../../Engine/Content/EngineMaterials/Substrate/GLints/dict_16_192_64_0p5_0p02_0021_0014.uasset" 5471
"../../../Engine/Content/EngineMaterials/Substrate/GLints/dict_16_192_64_0p5_0p02_0021_0015.uasset" 5472
"../../../Engine/Content/EngineMaterials/Substrate/GLints/dict_16_192_64_0p5_0p02_0021_0011.uasset" 5473
"../../../Engine/Content/EngineMaterials/Substrate/GLints/dict_16_192_64_0p5_0p02_0021_0007.uasset" 5474
"../../../Engine/Content/EngineMaterials/Substrate/GLints/dict_16_192_64_0p5_0p02_0021_0010.uasset" 5475
"../../../Engine/Content/EngineMaterials/Substrate/GLints/dict_16_192_64_0p5_0p02_0021_0008.uasset" 5476
"../../../Engine/Content/EngineMaterials/Substrate/GLints/dict_16_192_64_0p5_0p02_0020_0015.uasset" 5477
"../../../Engine/Content/EngineMaterials/Substrate/GLints/dict_16_192_64_0p5_0p02_0021_0000.uasset" 5478
"/Engine/EngineMaterials/Substrate/GLints/dict_16_192_64_0p5_0p02_0022_0000" 5479
"../../../Engine/Content/EngineMaterials/Substrate/GLints/dict_16_192_64_0p5_0p02_0021_0003.uasset" 5480
"../../../Engine/Content/EngineMaterials/Substrate/GLints/dict_16_192_64_0p5_0p02_0021_0005.uasset" 5481
"../../../Engine/Content/EngineMaterials/Substrate/GLints/dict_16_192_64_0p5_0p02_0020_0014.uasset" 5482
"../../../Engine/Content/EngineMaterials/Substrate/GLints/dict_16_192_64_0p5_0p02_0020_0012.uasset" 5483
"../../../Engine/Content/EngineMaterials/Substrate/GLints/dict_16_192_64_0p5_0p02_0021_0006.uasset" 5484
"../../../Engine/Content/EngineMaterials/Substrate/GLints/dict_16_192_64_0p5_0p02_0021_0012.uasset" 5485
"../../../Engine/Content/EngineMaterials/Substrate/GLints/dict_16_192_64_0p5_0p02_0021_0004.uasset" 5486
"../../../Engine/Content/EngineMaterials/Substrate/GLints/dict_16_192_64_0p5_0p02_0021_0002.uasset" 5487
"../../../Engine/Content/EngineMaterials/Substrate/GLints/dict_16_192_64_0p5_0p02_0021_0001.uasset" 5488
"../../../Engine/Content/EngineMaterials/Substrate/GLints/dict_16_192_64_0p5_0p02_0020_0011.uasset" 5489
"../../../Engine/Content/EngineMaterials/Substrate/GLints/dict_16_192_64_0p5_0p02_0021_0013.uasset" 5490
"/Engine/EngineMaterials/Substrate/GLints/dict_16_192_64_0p5_0p02_0022_0001" 5491
"../../../Engine/Content/EngineMaterials/Substrate/GLints/dict_16_192_64_0p5_0p02_0021_0009.uasset" 5492
"../../../Engine/Content/EngineMaterials/Substrate/GLints/dict_16_192_64_0p5_0p02_0020_0013.uasset" 5493
"/Engine/EngineMaterials/Substrate/GLints/dict_16_192_64_0p5_0p02_0022_0002" 5494
"/Engine/EngineMaterials/Substrate/GLints/dict_16_192_64_0p5_0p02_0022_0003" 5495
"/Engine/EngineMaterials/Substrate/GLints/dict_16_192_64_0p5_0p02_0022_0004" 5496
"/Engine/EngineMaterials/Substrate/GLints/dict_16_192_64_0p5_0p02_0022_0005" 5497
"/Engine/EngineMaterials/Substrate/GLints/dict_16_192_64_0p5_0p02_0022_0006" 5498
"/Engine/EngineMaterials/Substrate/GLints/dict_16_192_64_0p5_0p02_0022_0007" 5499
"/Engine/EngineMaterials/Substrate/GLints/dict_16_192_64_0p5_0p02_0022_0008" 5500
"/Engine/EngineMaterials/Substrate/GLints/dict_16_192_64_0p5_0p02_0022_0009" 5501
"/Engine/EngineMaterials/Substrate/GLints/dict_16_192_64_0p5_0p02_0021_0011" 5502
"/Engine/EngineMaterials/Substrate/GLints/dict_16_192_64_0p5_0p02_0021_0014" 5503
"/Engine/EngineMaterials/Substrate/GLints/dict_16_192_64_0p5_0p02_0021_0015" 5504
"/Engine/EngineMaterials/Substrate/GLints/dict_16_192_64_0p5_0p02_0022_0014" 5505
"../../../Engine/Content/EngineMaterials/Substrate/GLints/dict_16_192_64_0p5_0p02_0020_0008.uasset" 5506
"../../../Engine/Content/EngineMaterials/Substrate/GLints/dict_16_192_64_0p5_0p02_0020_0010.uasset" 5507
"../../../Engine/Content/EngineMaterials/Substrate/GLints/dict_16_192_64_0p5_0p02_0020_0007.uasset" 5508
"../../../Engine/Content/EngineMaterials/Substrate/GLints/dict_16_192_64_0p5_0p02_0020_0009.uasset" 5509
"../../../Engine/Content/EngineMaterials/Substrate/GLints/dict_16_192_64_0p5_0p02_0020_0005.uasset" 5510
"/Engine/EngineMaterials/Substrate/GLints/dict_16_192_64_0p5_0p02_0020_0011" 5511
"../../../Engine/Content/EngineMaterials/Substrate/GLints/dict_16_192_64_0p5_0p02_0020_0006.uasset" 5512
"../../../Engine/Content/EngineMaterials/Substrate/GLints/dict_16_192_64_0p5_0p02_0020_0003.uasset" 5513
"../../../Engine/Content/EngineMaterials/Substrate/GLints/dict_16_192_64_0p5_0p02_0020_0002.uasset" 5514
"../../../Engine/Content/EngineMaterials/Substrate/GLints/dict_16_192_64_0p5_0p02_0020_0004.uasset" 5515
"../../../Engine/Content/EngineMaterials/Substrate/GLints/dict_16_192_64_0p5_0p02_0020_0000.uasset" 5516
"../../../Engine/Content/EngineMaterials/Substrate/GLints/dict_16_192_64_0p5_0p02_0020_0001.uasset" 5517
"../../../Engine/Content/EngineMaterials/Substrate/GLints/dict_16_192_64_0p5_0p02_0019_0013.uasset" 5518
"../../../Engine/Content/EngineMaterials/Substrate/GLints/dict_16_192_64_0p5_0p02_0019_0014.uasset" 5519
"../../../Engine/Content/EngineMaterials/Substrate/GLints/dict_16_192_64_0p5_0p02_0019_0015.uasset" 5520
"/Engine/EngineMaterials/Substrate/GLints/dict_16_192_64_0p5_0p02_0020_0012" 5521
"/Engine/EngineMaterials/Substrate/GLints/dict_16_192_64_0p5_0p02_0020_0013" 5522
"/Engine/EngineMaterials/Substrate/GLints/dict_16_192_64_0p5_0p02_0020_0014" 5523
"/Engine/EngineMaterials/Substrate/GLints/dict_16_192_64_0p5_0p02_0020_0015" 5524
"/Engine/EngineMaterials/Substrate/GLints/dict_16_192_64_0p5_0p02_0021_0000" 5525
"/Engine/EngineMaterials/Substrate/GLints/dict_16_192_64_0p5_0p02_0021_0001" 5526
"/Engine/EngineMaterials/Substrate/GLints/dict_16_192_64_0p5_0p02_0021_0002" 5527
"/Engine/EngineMaterials/Substrate/GLints/dict_16_192_64_0p5_0p02_0021_0003" 5528
"/Engine/EngineMaterials/Substrate/GLints/dict_16_192_64_0p5_0p02_0021_0004" 5529
"/Engine/EngineMaterials/Substrate/GLints/dict_16_192_64_0p5_0p02_0021_0005" 5530
"/Engine/EngineMaterials/Substrate/GLints/dict_16_192_64_0p5_0p02_0021_0006" 5531
"/Engine/EngineMaterials/Substrate/GLints/dict_16_192_64_0p5_0p02_0021_0007" 5532
"/Engine/EngineMaterials/Substrate/GLints/dict_16_192_64_0p5_0p02_0021_0008" 5533
"/Engine/EngineMaterials/Substrate/GLints/dict_16_192_64_0p5_0p02_0021_0009" 5534
"/Engine/EngineMaterials/Substrate/GLints/dict_16_192_64_0p5_0p02_0021_0010" 5535
"/Engine/EngineMaterials/Substrate/GLints/dict_16_192_64_0p5_0p02_0020_0007" 5536
"/Engine/EngineMaterials/Substrate/GLints/dict_16_192_64_0p5_0p02_0021_0012" 5537
"/Engine/EngineMaterials/Substrate/GLints/dict_16_192_64_0p5_0p02_0021_0013" 5538
"/Engine/EngineMaterials/Substrate/GLints/dict_16_192_64_0p5_0p02_0020_0008" 5539
"/Engine/EngineMaterials/Substrate/GLints/dict_16_192_64_0p5_0p02_0020_0009" 5540
"/Engine/EngineMaterials/Substrate/GLints/dict_16_192_64_0p5_0p02_0020_0010" 5541
"../../../Engine/Content/EngineMaterials/Substrate/GLints/dict_16_192_64_0p5_0p02_0019_0011.uasset" 5542
"../../../Engine/Content/EngineMaterials/Substrate/GLints/dict_16_192_64_0p5_0p02_0019_0012.uasset" 5543
"../../../Engine/Content/EngineMaterials/Substrate/GLints/dict_16_192_64_0p5_0p02_0019_0010.uasset" 5544
"../../../Engine/Content/EngineMaterials/Substrate/GLints/dict_16_192_64_0p5_0p02_0019_0004.uasset" 5545
"../../../Engine/Content/EngineMaterials/Substrate/GLints/dict_16_192_64_0p5_0p02_0019_0006.uasset" 5546
"../../../Engine/Content/EngineMaterials/Substrate/GLints/dict_16_192_64_0p5_0p02_0019_0002.uasset" 5547
"../../../Engine/Content/EngineMaterials/Substrate/GLints/dict_16_192_64_0p5_0p02_0019_0009.uasset" 5548
"../../../Engine/Content/EngineMaterials/Substrate/GLints/dict_16_192_64_0p5_0p02_0018_0014.uasset" 5549
"../../../Engine/Content/EngineMaterials/Substrate/GLints/dict_16_192_64_0p5_0p02_0019_0001.uasset" 5550
"../../../Engine/Content/EngineMaterials/Substrate/GLints/dict_16_192_64_0p5_0p02_0018_0009.uasset" 5551
"../../../Engine/Content/EngineMaterials/Substrate/GLints/dict_16_192_64_0p5_0p02_0019_0005.uasset" 5552
"../../../Engine/Content/EngineMaterials/Substrate/GLints/dict_16_192_64_0p5_0p02_0019_0000.uasset" 5553
"../../../Engine/Content/EngineMaterials/Substrate/GLints/dict_16_192_64_0p5_0p02_0018_0010.uasset" 5554
"../../../Engine/Content/EngineMaterials/Substrate/GLints/dict_16_192_64_0p5_0p02_0018_0013.uasset" 5555
"/Engine/EngineMaterials/Substrate/GLints/dict_16_192_64_0p5_0p02_0019_0013" 5556
"../../../Engine/Content/EngineMaterials/Substrate/GLints/dict_16_192_64_0p5_0p02_0018_0008.uasset" 5557
"../../../Engine/Content/EngineMaterials/Substrate/GLints/dict_16_192_64_0p5_0p02_0018_0011.uasset" 5558
"../../../Engine/Content/EngineMaterials/Substrate/GLints/dict_16_192_64_0p5_0p02_0019_0008.uasset" 5559
"../../../Engine/Content/EngineMaterials/Substrate/GLints/dict_16_192_64_0p5_0p02_0019_0003.uasset" 5560
"../../../Engine/Content/EngineMaterials/Substrate/GLints/dict_16_192_64_0p5_0p02_0018_0012.uasset" 5561
"../../../Engine/Content/EngineMaterials/Substrate/GLints/dict_16_192_64_0p5_0p02_0018_0015.uasset" 5562
"../../../Engine/Content/EngineMaterials/Substrate/GLints/dict_16_192_64_0p5_0p02_0018_0007.uasset" 5563
"../../../Engine/Content/EngineMaterials/Substrate/GLints/dict_16_192_64_0p5_0p02_0019_0007.uasset" 5564
"/Engine/EngineMaterials/Substrate/GLints/dict_16_192_64_0p5_0p02_0019_0014" 5565
"/Engine/EngineMaterials/Substrate/GLints/dict_16_192_64_0p5_0p02_0019_0015" 5566
"/Engine/EngineMaterials/Substrate/GLints/dict_16_192_64_0p5_0p02_0020_0000" 5567
"/Engine/EngineMaterials/Substrate/GLints/dict_16_192_64_0p5_0p02_0020_0001" 5568
"/Engine/EngineMaterials/Substrate/GLints/dict_16_192_64_0p5_0p02_0020_0002" 5569
"/Engine/EngineMaterials/Substrate/GLints/dict_16_192_64_0p5_0p02_0020_0003" 5570
"/Engine/EngineMaterials/Substrate/GLints/dict_16_192_64_0p5_0p02_0020_0004" 5571
"/Engine/EngineMaterials/Substrate/GLints/dict_16_192_64_0p5_0p02_0020_0005" 5572
"/Engine/EngineMaterials/Substrate/GLints/dict_16_192_64_0p5_0p02_0020_0006" 5573
"/Engine/EngineMaterials/Substrate/GLints/dict_16_192_64_0p5_0p02_0019_0010" 5574
"/Engine/EngineMaterials/Substrate/GLints/dict_16_192_64_0p5_0p02_0019_0011" 5575
"/Engine/EngineMaterials/Substrate/GLints/dict_16_192_64_0p5_0p02_0019_0012" 5576
"../../../Engine/Content/EngineMaterials/Substrate/GLints/dict_16_192_64_0p5_0p02_0018_0005.uasset" 5577
"../../../Engine/Content/EngineMaterials/Substrate/GLints/dict_16_192_64_0p5_0p02_0018_0004.uasset" 5578
"../../../Engine/Content/EngineMaterials/Substrate/GLints/dict_16_192_64_0p5_0p02_0018_0006.uasset" 5579
"../../../Engine/Content/EngineMaterials/Substrate/GLints/dict_16_192_64_0p5_0p02_0018_0003.uasset" 5580
"../../../Engine/Content/EngineMaterials/Substrate/GLints/dict_16_192_64_0p5_0p02_0018_0002.uasset" 5581
"../../../Engine/Content/EngineMaterials/Substrate/GLints/dict_16_192_64_0p5_0p02_0017_0013.uasset" 5582
"../../../Engine/Content/EngineMaterials/Substrate/GLints/dict_16_192_64_0p5_0p02_0017_0012.uasset" 5583
"/Engine/EngineMaterials/Substrate/GLints/dict_16_192_64_0p5_0p02_0018_0007" 5584
"../../../Engine/Content/EngineMaterials/Substrate/GLints/dict_16_192_64_0p5_0p02_0018_0000.uasset" 5585
"../../../Engine/Content/EngineMaterials/Substrate/GLints/dict_16_192_64_0p5_0p02_0018_0001.uasset" 5586
"../../../Engine/Content/EngineMaterials/Substrate/GLints/dict_16_192_64_0p5_0p02_0017_0011.uasset" 5587
"../../../Engine/Content/EngineMaterials/Substrate/GLints/dict_16_192_64_0p5_0p02_0017_0014.uasset" 5588
"../../../Engine/Content/EngineMaterials/Substrate/GLints/dict_16_192_64_0p5_0p02_0017_0010.uasset" 5589
"../../../Engine/Content/EngineMaterials/Substrate/GLints/dict_16_192_64_0p5_0p02_0017_0015.uasset" 5590
"/Engine/EngineMaterials/Substrate/GLints/dict_16_192_64_0p5_0p02_0018_0008" 5591
"/Engine/EngineMaterials/Substrate/GLints/dict_16_192_64_0p5_0p02_0018_0009" 5592
"/Engine/EngineMaterials/Substrate/GLints/dict_16_192_64_0p5_0p02_0018_0010" 5593
"/Engine/EngineMaterials/Substrate/GLints/dict_16_192_64_0p5_0p02_0018_0011" 5594
"/Engine/EngineMaterials/Substrate/GLints/dict_16_192_64_0p5_0p02_0018_0012" 5595
"/Engine/EngineMaterials/Substrate/GLints/dict_16_192_64_0p5_0p02_0018_0013" 5596
"/Engine/EngineMaterials/Substrate/GLints/dict_16_192_64_0p5_0p02_0018_0014" 5597
"/Engine/EngineMaterials/Substrate/GLints/dict_16_192_64_0p5_0p02_0018_0015" 5598
"/Engine/EngineMaterials/Substrate/GLints/dict_16_192_64_0p5_0p02_0019_0000" 5599
"/Engine/EngineMaterials/Substrate/GLints/dict_16_192_64_0p5_0p02_0019_0001" 5600
"/Engine/EngineMaterials/Substrate/GLints/dict_16_192_64_0p5_0p02_0019_0002" 5601
"/Engine/EngineMaterials/Substrate/GLints/dict_16_192_64_0p5_0p02_0019_0003" 5602
"/Engine/EngineMaterials/Substrate/GLints/dict_16_192_64_0p5_0p02_0019_0004" 5603
"/Engine/EngineMaterials/Substrate/GLints/dict_16_192_64_0p5_0p02_0019_0005" 5604
"/Engine/EngineMaterials/Substrate/GLints/dict_16_192_64_0p5_0p02_0019_0006" 5605
"/Engine/EngineMaterials/Substrate/GLints/dict_16_192_64_0p5_0p02_0019_0007" 5606
"/Engine/EngineMaterials/Substrate/GLints/dict_16_192_64_0p5_0p02_0019_0008" 5607
"/Engine/EngineMaterials/Substrate/GLints/dict_16_192_64_0p5_0p02_0019_0009" 5608
"/Engine/EngineMaterials/Substrate/GLints/dict_16_192_64_0p5_0p02_0018_0004" 5609
"/Engine/EngineMaterials/Substrate/GLints/dict_16_192_64_0p5_0p02_0018_0005" 5610
"/Engine/EngineMaterials/Substrate/GLints/dict_16_192_64_0p5_0p02_0018_0006" 5611
"../../../Engine/Content/EngineMaterials/Substrate/GLints/dict_16_192_64_0p5_0p02_0017_0008.uasset" 5612
"../../../Engine/Content/EngineMaterials/Substrate/GLints/dict_16_192_64_0p5_0p02_0017_0007.uasset" 5613
"../../../Engine/Content/EngineMaterials/Substrate/GLints/dict_16_192_64_0p5_0p02_0017_0009.uasset" 5614
"../../../Engine/Content/EngineMaterials/Substrate/GLints/dict_16_192_64_0p5_0p02_0017_0002.uasset" 5615
"../../../Engine/Content/EngineMaterials/Substrate/GLints/dict_16_192_64_0p5_0p02_0017_0000.uasset" 5616
"../../../Engine/Content/EngineMaterials/Substrate/GLints/dict_16_192_64_0p5_0p02_0016_0015.uasset" 5617
"../../../Engine/Content/EngineMaterials/Substrate/GLints/dict_16_192_64_0p5_0p02_0016_0010.uasset" 5618
"../../../Engine/Content/EngineMaterials/Substrate/GLints/dict_16_192_64_0p5_0p02_0017_0003.uasset" 5619
"../../../Engine/Content/EngineMaterials/Substrate/GLints/dict_16_192_64_0p5_0p02_0016_0012.uasset" 5620
"../../../Engine/Content/EngineMaterials/Substrate/GLints/dict_16_192_64_0p5_0p02_0016_0004.uasset" 5621
"../../../Engine/Content/EngineMaterials/Substrate/GLints/dict_16_192_64_0p5_0p02_0017_0004.uasset" 5622
"../../../Engine/Content/EngineMaterials/Substrate/GLints/dict_16_192_64_0p5_0p02_0017_0006.uasset" 5623
"../../../Engine/Content/EngineMaterials/Substrate/GLints/dict_16_192_64_0p5_0p02_0016_0013.uasset" 5624
"../../../Engine/Content/EngineMaterials/Substrate/GLints/dict_16_192_64_0p5_0p02_0016_0011.uasset" 5625
"../../../Engine/Content/EngineMaterials/Substrate/GLints/dict_16_192_64_0p5_0p02_0016_0014.uasset" 5626
"../../../Engine/Content/EngineMaterials/Substrate/GLints/dict_16_192_64_0p5_0p02_0017_0005.uasset" 5627
"../../../Engine/Content/EngineMaterials/Substrate/GLints/dict_16_192_64_0p5_0p02_0016_0007.uasset" 5628
"../../../Engine/Content/EngineMaterials/Substrate/GLints/dict_16_192_64_0p5_0p02_0016_0008.uasset" 5629
"../../../Engine/Content/EngineMaterials/Substrate/GLints/dict_16_192_64_0p5_0p02_0017_0001.uasset" 5630
"../../../Engine/Content/EngineMaterials/Substrate/GLints/dict_16_192_64_0p5_0p02_0016_0009.uasset" 5631
"../../../Engine/Content/EngineMaterials/Substrate/GLints/dict_16_192_64_0p5_0p02_0016_0006.uasset" 5632
"../../../Engine/Content/EngineMaterials/Substrate/GLints/dict_16_192_64_0p5_0p02_0016_0005.uasset" 5633
"/Engine/EngineMaterials/Substrate/GLints/dict_16_192_64_0p5_0p02_0017_0010" 5634
"/Engine/EngineMaterials/Substrate/GLints/dict_16_192_64_0p5_0p02_0017_0011" 5635
"/Engine/EngineMaterials/Substrate/GLints/dict_16_192_64_0p5_0p02_0017_0012" 5636
"/Engine/EngineMaterials/Substrate/GLints/dict_16_192_64_0p5_0p02_0017_0013" 5637
"/Engine/EngineMaterials/Substrate/GLints/dict_16_192_64_0p5_0p02_0017_0014" 5638
"/Engine/EngineMaterials/Substrate/GLints/dict_16_192_64_0p5_0p02_0017_0015" 5639
"/Engine/EngineMaterials/Substrate/GLints/dict_16_192_64_0p5_0p02_0018_0000" 5640
"/Engine/EngineMaterials/Substrate/GLints/dict_16_192_64_0p5_0p02_0017_0002" 5641
"/Engine/EngineMaterials/Substrate/GLints/dict_16_192_64_0p5_0p02_0018_0001" 5642
"/Engine/EngineMaterials/Substrate/GLints/dict_16_192_64_0p5_0p02_0018_0002" 5643
"/Engine/EngineMaterials/Substrate/GLints/dict_16_192_64_0p5_0p02_0018_0003" 5644
"/Engine/EngineMaterials/Substrate/GLints/dict_16_192_64_0p5_0p02_0017_0007" 5645
"/Engine/EngineMaterials/Substrate/GLints/dict_16_192_64_0p5_0p02_0017_0008" 5646
"/Engine/EngineMaterials/Substrate/GLints/dict_16_192_64_0p5_0p02_0017_0009" 5647
"../../../Engine/Content/EngineMaterials/Substrate/GLints/dict_16_192_64_0p5_0p02_0016_0001.uasset" 5648
"../../../Engine/Content/EngineMaterials/Substrate/GLints/dict_16_192_64_0p5_0p02_0016_0003.uasset" 5649
"../../../Engine/Content/EngineMaterials/Substrate/GLints/dict_16_192_64_0p5_0p02_0015_0015.uasset" 5650
"../../../Engine/Content/EngineMaterials/Substrate/GLints/dict_16_192_64_0p5_0p02_0016_0002.uasset" 5651
"../../../Engine/Content/EngineMaterials/Substrate/GLints/dict_16_192_64_0p5_0p02_0015_0008.uasset" 5652
"../../../Engine/Content/EngineMaterials/Substrate/GLints/dict_16_192_64_0p5_0p02_0015_0009.uasset" 5653
"../../../Engine/Content/EngineMaterials/Substrate/GLints/dict_16_192_64_0p5_0p02_0015_0006.uasset" 5654
"/Engine/EngineMaterials/Substrate/GLints/dict_16_192_64_0p5_0p02_0016_0004" 5655
"../../../Engine/Content/EngineMaterials/Substrate/GLints/dict_16_192_64_0p5_0p02_0016_0000.uasset" 5656
"../../../Engine/Content/EngineMaterials/Substrate/GLints/dict_16_192_64_0p5_0p02_0015_0010.uasset" 5657
"../../../Engine/Content/EngineMaterials/Substrate/GLints/dict_16_192_64_0p5_0p02_0015_0012.uasset" 5658
"../../../Engine/Content/EngineMaterials/Substrate/GLints/dict_16_192_64_0p5_0p02_0015_0014.uasset" 5659
"../../../Engine/Content/EngineMaterials/Substrate/GLints/dict_16_192_64_0p5_0p02_0015_0011.uasset" 5660
"../../../Engine/Content/EngineMaterials/Substrate/GLints/dict_16_192_64_0p5_0p02_0015_0013.uasset" 5661
"../../../Engine/Content/EngineMaterials/Substrate/GLints/dict_16_192_64_0p5_0p02_0015_0007.uasset" 5662
"/Engine/EngineMaterials/Substrate/GLints/dict_16_192_64_0p5_0p02_0016_0005" 5663
"/Engine/EngineMaterials/Substrate/GLints/dict_16_192_64_0p5_0p02_0016_0006" 5664
"/Engine/EngineMaterials/Substrate/GLints/dict_16_192_64_0p5_0p02_0016_0007" 5665
"/Engine/EngineMaterials/Substrate/GLints/dict_16_192_64_0p5_0p02_0016_0008" 5666
"/Engine/EngineMaterials/Substrate/GLints/dict_16_192_64_0p5_0p02_0016_0009" 5667
"/Engine/EngineMaterials/Substrate/GLints/dict_16_192_64_0p5_0p02_0016_0010" 5668
"/Engine/EngineMaterials/Substrate/GLints/dict_16_192_64_0p5_0p02_0016_0011" 5669
"/Engine/EngineMaterials/Substrate/GLints/dict_16_192_64_0p5_0p02_0016_0012" 5670
"/Engine/EngineMaterials/Substrate/GLints/dict_16_192_64_0p5_0p02_0016_0013" 5671
"/Engine/EngineMaterials/Substrate/GLints/dict_16_192_64_0p5_0p02_0016_0014" 5672
"/Engine/EngineMaterials/Substrate/GLints/dict_16_192_64_0p5_0p02_0016_0015" 5673
"/Engine/EngineMaterials/Substrate/GLints/dict_16_192_64_0p5_0p02_0017_0000" 5674
"/Engine/EngineMaterials/Substrate/GLints/dict_16_192_64_0p5_0p02_0017_0001" 5675
"/Engine/EngineMaterials/Substrate/GLints/dict_16_192_64_0p5_0p02_0015_0015" 5676
"/Engine/EngineMaterials/Substrate/GLints/dict_16_192_64_0p5_0p02_0017_0003" 5677
"/Engine/EngineMaterials/Substrate/GLints/dict_16_192_64_0p5_0p02_0017_0004" 5678
"/Engine/EngineMaterials/Substrate/GLints/dict_16_192_64_0p5_0p02_0017_0005" 5679
"/Engine/EngineMaterials/Substrate/GLints/dict_16_192_64_0p5_0p02_0017_0006" 5680
"/Engine/EngineMaterials/Substrate/GLints/dict_16_192_64_0p5_0p02_0016_0001" 5681
"/Engine/EngineMaterials/Substrate/GLints/dict_16_192_64_0p5_0p02_0016_0003" 5682
"../../../Engine/Content/EngineMaterials/Substrate/GLints/dict_16_192_64_0p5_0p02_0015_0005.uasset" 5683
"../../../Engine/Content/EngineMaterials/Substrate/GLints/dict_16_192_64_0p5_0p02_0014_0014.uasset" 5684
"../../../Engine/Content/EngineMaterials/Substrate/GLints/dict_16_192_64_0p5_0p02_0015_0004.uasset" 5685
"../../../Engine/Content/EngineMaterials/Substrate/GLints/dict_16_192_64_0p5_0p02_0014_0012.uasset" 5686
"../../../Engine/Content/EngineMaterials/Substrate/GLints/dict_16_192_64_0p5_0p02_0014_0009.uasset" 5687
"../../../Engine/Content/EngineMaterials/Substrate/GLints/dict_16_192_64_0p5_0p02_0014_0005.uasset" 5688
"../../../Engine/Content/EngineMaterials/Substrate/GLints/dict_16_192_64_0p5_0p02_0014_0011.uasset" 5689
"../../../Engine/Content/EngineMaterials/Substrate/GLints/dict_16_192_64_0p5_0p02_0014_0001.uasset" 5690
"/Engine/EngineMaterials/Substrate/GLints/dict_16_192_64_0p5_0p02_0014_0014" 5691
"../../../Engine/Content/EngineMaterials/Substrate/GLints/dict_16_192_64_0p5_0p02_0014_0015.uasset" 5692
"../../../Engine/Content/EngineMaterials/Substrate/GLints/dict_16_192_64_0p5_0p02_0015_0001.uasset" 5693
"../../../Engine/Content/EngineMaterials/Substrate/GLints/dict_16_192_64_0p5_0p02_0014_0010.uasset" 5694
"../../../Engine/Content/EngineMaterials/Substrate/GLints/dict_16_192_64_0p5_0p02_0014_0008.uasset" 5695
"../../../Engine/Content/EngineMaterials/Substrate/GLints/dict_16_192_64_0p5_0p02_0014_0007.uasset" 5696
"../../../Engine/Content/EngineMaterials/Substrate/GLints/dict_16_192_64_0p5_0p02_0015_0003.uasset" 5697
"../../../Engine/Content/EngineMaterials/Substrate/GLints/dict_16_192_64_0p5_0p02_0015_0000.uasset" 5698
"../../../Engine/Content/EngineMaterials/Substrate/GLints/dict_16_192_64_0p5_0p02_0014_0004.uasset" 5699
"../../../Engine/Content/EngineMaterials/Substrate/GLints/dict_16_192_64_0p5_0p02_0014_0006.uasset" 5700
"../../../Engine/Content/EngineMaterials/Substrate/GLints/dict_16_192_64_0p5_0p02_0014_0013.uasset" 5701
"../../../Engine/Content/EngineMaterials/Substrate/GLints/dict_16_192_64_0p5_0p02_0014_0003.uasset" 5702
"/Engine/EngineMaterials/Substrate/GLints/dict_16_192_64_0p5_0p02_0015_0006" 5703
"../../../Engine/Content/EngineMaterials/Substrate/GLints/dict_16_192_64_0p5_0p02_0014_0002.uasset" 5704
"../../../Engine/Content/EngineMaterials/Substrate/GLints/dict_16_192_64_0p5_0p02_0015_0002.uasset" 5705
"/Engine/EngineMaterials/Substrate/GLints/dict_16_192_64_0p5_0p02_0015_0007" 5706
"/Engine/EngineMaterials/Substrate/GLints/dict_16_192_64_0p5_0p02_0015_0008" 5707
"/Engine/EngineMaterials/Substrate/GLints/dict_16_192_64_0p5_0p02_0015_0009" 5708
"/Engine/EngineMaterials/Substrate/GLints/dict_16_192_64_0p5_0p02_0015_0010" 5709
"/Engine/EngineMaterials/Substrate/GLints/dict_16_192_64_0p5_0p02_0015_0011" 5710
"/Engine/EngineMaterials/Substrate/GLints/dict_16_192_64_0p5_0p02_0015_0012" 5711
"/Engine/EngineMaterials/Substrate/GLints/dict_16_192_64_0p5_0p02_0015_0013" 5712
"/Engine/EngineMaterials/Substrate/GLints/dict_16_192_64_0p5_0p02_0015_0014" 5713
"/Engine/EngineMaterials/Substrate/GLints/dict_16_192_64_0p5_0p02_0016_0000" 5714
"/Engine/EngineMaterials/Substrate/GLints/dict_16_192_64_0p5_0p02_0015_0004" 5715
"/Engine/EngineMaterials/Substrate/GLints/dict_16_192_64_0p5_0p02_0016_0002" 5716
"/Engine/EngineMaterials/Substrate/GLints/dict_16_192_64_0p5_0p02_0015_0005" 5717
"../../../Engine/Content/EngineMaterials/Substrate/GLints/dict_16_192_64_0p5_0p02_0013_0014.uasset" 5718
"../../../Engine/Content/EngineMaterials/Substrate/GLints/dict_16_192_64_0p5_0p02_0013_0015.uasset" 5719
"../../../Engine/Content/EngineMaterials/Substrate/GLints/dict_16_192_64_0p5_0p02_0014_0000.uasset" 5720
"../../../Engine/Content/EngineMaterials/Substrate/GLints/dict_16_192_64_0p5_0p02_0013_0013.uasset" 5721
"../../../Engine/Content/EngineMaterials/Substrate/GLints/dict_16_192_64_0p5_0p02_0013_0012.uasset" 5722
"../../../Engine/Content/EngineMaterials/Substrate/GLints/dict_16_192_64_0p5_0p02_0013_0007.uasset" 5723
"../../../Engine/Content/EngineMaterials/Substrate/GLints/dict_16_192_64_0p5_0p02_0013_0010.uasset" 5724
"/Engine/EngineMaterials/Substrate/GLints/dict_16_192_64_0p5_0p02_0014_0001" 5725
"../../../Engine/Content/EngineMaterials/Substrate/GLints/dict_16_192_64_0p5_0p02_0013_0003.uasset" 5726
"../../../Engine/Content/EngineMaterials/Substrate/GLints/dict_16_192_64_0p5_0p02_0013_0004.uasset" 5727
"../../../Engine/Content/EngineMaterials/Substrate/GLints/dict_16_192_64_0p5_0p02_0013_0008.uasset" 5728
"../../../Engine/Content/EngineMaterials/Substrate/GLints/dict_16_192_64_0p5_0p02_0013_0006.uasset" 5729
"../../../Engine/Content/EngineMaterials/Substrate/GLints/dict_16_192_64_0p5_0p02_0013_0005.uasset" 5730
"../../../Engine/Content/EngineMaterials/Substrate/GLints/dict_16_192_64_0p5_0p02_0013_0009.uasset" 5731
"../../../Engine/Content/EngineMaterials/Substrate/GLints/dict_16_192_64_0p5_0p02_0013_0011.uasset" 5732
"/Engine/EngineMaterials/Substrate/GLints/dict_16_192_64_0p5_0p02_0014_0002" 5733
"/Engine/EngineMaterials/Substrate/GLints/dict_16_192_64_0p5_0p02_0014_0003" 5734
"/Engine/EngineMaterials/Substrate/GLints/dict_16_192_64_0p5_0p02_0014_0004" 5735
"/Engine/EngineMaterials/Substrate/GLints/dict_16_192_64_0p5_0p02_0014_0005" 5736
"/Engine/EngineMaterials/Substrate/GLints/dict_16_192_64_0p5_0p02_0014_0006" 5737
"/Engine/EngineMaterials/Substrate/GLints/dict_16_192_64_0p5_0p02_0014_0007" 5738
"/Engine/EngineMaterials/Substrate/GLints/dict_16_192_64_0p5_0p02_0014_0008" 5739
"/Engine/EngineMaterials/Substrate/GLints/dict_16_192_64_0p5_0p02_0014_0009" 5740
"/Engine/EngineMaterials/Substrate/GLints/dict_16_192_64_0p5_0p02_0014_0010" 5741
"/Engine/EngineMaterials/Substrate/GLints/dict_16_192_64_0p5_0p02_0014_0011" 5742
"/Engine/EngineMaterials/Substrate/GLints/dict_16_192_64_0p5_0p02_0014_0012" 5743
"/Engine/EngineMaterials/Substrate/GLints/dict_16_192_64_0p5_0p02_0014_0013" 5744
"/Engine/EngineMaterials/Substrate/GLints/dict_16_192_64_0p5_0p02_0014_0015" 5745
"/Engine/EngineMaterials/Substrate/GLints/dict_16_192_64_0p5_0p02_0015_0000" 5746
"/Engine/EngineMaterials/Substrate/GLints/dict_16_192_64_0p5_0p02_0015_0001" 5747
"/Engine/EngineMaterials/Substrate/GLints/dict_16_192_64_0p5_0p02_0015_0002" 5748
"/Engine/EngineMaterials/Substrate/GLints/dict_16_192_64_0p5_0p02_0015_0003" 5749
"/Engine/EngineMaterials/Substrate/GLints/dict_16_192_64_0p5_0p02_0013_0014" 5750
"/Engine/EngineMaterials/Substrate/GLints/dict_16_192_64_0p5_0p02_0013_0015" 5751
"/Engine/EngineMaterials/Substrate/GLints/dict_16_192_64_0p5_0p02_0014_0000" 5752
"../../../Engine/Content/EngineMaterials/Substrate/GLints/dict_16_192_64_0p5_0p02_0013_0002.uasset" 5753
"../../../Engine/Content/EngineMaterials/Substrate/GLints/dict_16_192_64_0p5_0p02_0013_0000.uasset" 5754
"../../../Engine/Content/EngineMaterials/Substrate/GLints/dict_16_192_64_0p5_0p02_0012_0014.uasset" 5755
"../../../Engine/Content/EngineMaterials/Substrate/GLints/dict_16_192_64_0p5_0p02_0012_0015.uasset" 5756
"../../../Engine/Content/EngineMaterials/Substrate/GLints/dict_16_192_64_0p5_0p02_0012_0009.uasset" 5757
"../../../Engine/Content/EngineMaterials/Substrate/GLints/dict_16_192_64_0p5_0p02_0012_0005.uasset" 5758
"../../../Engine/Content/EngineMaterials/Substrate/GLints/dict_16_192_64_0p5_0p02_0013_0001.uasset" 5759
"../../../Engine/Content/EngineMaterials/Substrate/GLints/dict_16_192_64_0p5_0p02_0012_0002.uasset" 5760
"/Engine/EngineMaterials/Substrate/GLints/dict_16_192_64_0p5_0p02_0013_0003" 5761
"../../../Engine/Content/EngineMaterials/Substrate/GLints/dict_16_192_64_0p5_0p02_0012_0011.uasset" 5762
"../../../Engine/Content/EngineMaterials/Substrate/GLints/dict_16_192_64_0p5_0p02_0012_0008.uasset" 5763
"../../../Engine/Content/EngineMaterials/Substrate/GLints/dict_16_192_64_0p5_0p02_0012_0012.uasset" 5764
"../../../Engine/Content/EngineMaterials/Substrate/GLints/dict_16_192_64_0p5_0p02_0012_0006.uasset" 5765
"../../../Engine/Content/EngineMaterials/Substrate/GLints/dict_16_192_64_0p5_0p02_0012_0003.uasset" 5766
"../../../Engine/Content/EngineMaterials/Substrate/GLints/dict_16_192_64_0p5_0p02_0012_0007.uasset" 5767
"../../../Engine/Content/EngineMaterials/Substrate/GLints/dict_16_192_64_0p5_0p02_0012_0010.uasset" 5768
"../../../Engine/Content/EngineMaterials/Substrate/GLints/dict_16_192_64_0p5_0p02_0011_0014.uasset" 5769
"../../../Engine/Content/EngineMaterials/Substrate/GLints/dict_16_192_64_0p5_0p02_0012_0001.uasset" 5770
"/Engine/EngineMaterials/Substrate/GLints/dict_16_192_64_0p5_0p02_0013_0004" 5771
"../../../Engine/Content/EngineMaterials/Substrate/GLints/dict_16_192_64_0p5_0p02_0012_0004.uasset" 5772
"../../../Engine/Content/EngineMaterials/Substrate/GLints/dict_16_192_64_0p5_0p02_0011_0015.uasset" 5773
"../../../Engine/Content/EngineMaterials/Substrate/GLints/dict_16_192_64_0p5_0p02_0012_0000.uasset" 5774
"../../../Engine/Content/EngineMaterials/Substrate/GLints/dict_16_192_64_0p5_0p02_0012_0013.uasset" 5775
"/Engine/EngineMaterials/Substrate/GLints/dict_16_192_64_0p5_0p02_0013_0005" 5776
"/Engine/EngineMaterials/Substrate/GLints/dict_16_192_64_0p5_0p02_0013_0006" 5777
"/Engine/EngineMaterials/Substrate/GLints/dict_16_192_64_0p5_0p02_0013_0007" 5778
"/Engine/EngineMaterials/Substrate/GLints/dict_16_192_64_0p5_0p02_0013_0008" 5779
"/Engine/EngineMaterials/Substrate/GLints/dict_16_192_64_0p5_0p02_0013_0009" 5780
"/Engine/EngineMaterials/Substrate/GLints/dict_16_192_64_0p5_0p02_0013_0010" 5781
"/Engine/EngineMaterials/Substrate/GLints/dict_16_192_64_0p5_0p02_0013_0011" 5782
"/Engine/EngineMaterials/Substrate/GLints/dict_16_192_64_0p5_0p02_0013_0012" 5783
"/Engine/EngineMaterials/Substrate/GLints/dict_16_192_64_0p5_0p02_0013_0013" 5784
"/Engine/EngineMaterials/Substrate/GLints/dict_16_192_64_0p5_0p02_0012_0014" 5785
"/Engine/EngineMaterials/Substrate/GLints/dict_16_192_64_0p5_0p02_0012_0015" 5786
"/Engine/EngineMaterials/Substrate/GLints/dict_16_192_64_0p5_0p02_0013_0000" 5787
"/Engine/EngineMaterials/Substrate/GLints/dict_16_192_64_0p5_0p02_0013_0002" 5788
"../../../Engine/Content/EngineMaterials/Substrate/GLints/dict_16_192_64_0p5_0p02_0011_0012.uasset" 5789
"../../../Engine/Content/EngineMaterials/Substrate/GLints/dict_16_192_64_0p5_0p02_0011_0011.uasset" 5790
"../../../Engine/Content/EngineMaterials/Substrate/GLints/dict_16_192_64_0p5_0p02_0011_0013.uasset" 5791
"../../../Engine/Content/EngineMaterials/Substrate/GLints/dict_16_192_64_0p5_0p02_0011_0010.uasset" 5792
"../../../Engine/Content/EngineMaterials/Substrate/GLints/dict_16_192_64_0p5_0p02_0011_0008.uasset" 5793
"../../../Engine/Content/EngineMaterials/Substrate/GLints/dict_16_192_64_0p5_0p02_0011_0007.uasset" 5794
"../../../Engine/Content/EngineMaterials/Substrate/GLints/dict_16_192_64_0p5_0p02_0011_0006.uasset" 5795
"../../../Engine/Content/EngineMaterials/Substrate/GLints/dict_16_192_64_0p5_0p02_0010_0015.uasset" 5796
"../../../Engine/Content/EngineMaterials/Substrate/GLints/dict_16_192_64_0p5_0p02_0011_0000.uasset" 5797
"../../../Engine/Content/EngineMaterials/Substrate/GLints/dict_16_192_64_0p5_0p02_0011_0002.uasset" 5798
"../../../Engine/Content/EngineMaterials/Substrate/GLints/dict_16_192_64_0p5_0p02_0011_0001.uasset" 5799
"../../../Engine/Content/EngineMaterials/Substrate/GLints/dict_16_192_64_0p5_0p02_0011_0004.uasset" 5800
"/Engine/EngineMaterials/Substrate/GLints/dict_16_192_64_0p5_0p02_0011_0014" 5801
"../../../Engine/Content/EngineMaterials/Substrate/GLints/dict_16_192_64_0p5_0p02_0011_0009.uasset" 5802
"../../../Engine/Content/EngineMaterials/Substrate/GLints/dict_16_192_64_0p5_0p02_0011_0003.uasset" 5803
"../../../Engine/Content/EngineMaterials/Substrate/GLints/dict_16_192_64_0p5_0p02_0011_0005.uasset" 5804
"/Engine/EngineMaterials/Substrate/GLints/dict_16_192_64_0p5_0p02_0011_0015" 5805
"/Engine/EngineMaterials/Substrate/GLints/dict_16_192_64_0p5_0p02_0012_0000" 5806
"/Engine/EngineMaterials/Substrate/GLints/dict_16_192_64_0p5_0p02_0012_0001" 5807
"/Engine/EngineMaterials/Substrate/GLints/dict_16_192_64_0p5_0p02_0012_0002" 5808
"/Engine/EngineMaterials/Substrate/GLints/dict_16_192_64_0p5_0p02_0012_0003" 5809
"/Engine/EngineMaterials/Substrate/GLints/dict_16_192_64_0p5_0p02_0012_0004" 5810
"/Engine/EngineMaterials/Substrate/GLints/dict_16_192_64_0p5_0p02_0012_0005" 5811
"/Engine/EngineMaterials/Substrate/GLints/dict_16_192_64_0p5_0p02_0012_0006" 5812
"/Engine/EngineMaterials/Substrate/GLints/dict_16_192_64_0p5_0p02_0012_0007" 5813
"/Engine/EngineMaterials/Substrate/GLints/dict_16_192_64_0p5_0p02_0012_0008" 5814
"/Engine/EngineMaterials/Substrate/GLints/dict_16_192_64_0p5_0p02_0012_0009" 5815
"/Engine/EngineMaterials/Substrate/GLints/dict_16_192_64_0p5_0p02_0012_0010" 5816
"/Engine/EngineMaterials/Substrate/GLints/dict_16_192_64_0p5_0p02_0012_0011" 5817
"/Engine/EngineMaterials/Substrate/GLints/dict_16_192_64_0p5_0p02_0012_0012" 5818
"/Engine/EngineMaterials/Substrate/GLints/dict_16_192_64_0p5_0p02_0012_0013" 5819
"/Engine/EngineMaterials/Substrate/GLints/dict_16_192_64_0p5_0p02_0011_0010" 5820
"/Engine/EngineMaterials/Substrate/GLints/dict_16_192_64_0p5_0p02_0011_0011" 5821
"/Engine/EngineMaterials/Substrate/GLints/dict_16_192_64_0p5_0p02_0011_0012" 5822
"/Engine/EngineMaterials/Substrate/GLints/dict_16_192_64_0p5_0p02_0013_0001" 5823
"/Engine/EngineMaterials/Substrate/GLints/dict_16_192_64_0p5_0p02_0011_0013" 5824
"../../../Engine/Content/EngineMaterials/Substrate/GLints/dict_16_192_64_0p5_0p02_0010_0014.uasset" 5825
"../../../Engine/Content/EngineMaterials/Substrate/GLints/dict_16_192_64_0p5_0p02_0010_0013.uasset" 5826
"../../../Engine/Content/EngineMaterials/Substrate/GLints/dict_16_192_64_0p5_0p02_0010_0012.uasset" 5827
"../../../Engine/Content/EngineMaterials/Substrate/GLints/dict_16_192_64_0p5_0p02_0010_0011.uasset" 5828
"../../../Engine/Content/EngineMaterials/Substrate/GLints/dict_16_192_64_0p5_0p02_0010_0008.uasset" 5829
"../../../Engine/Content/EngineMaterials/Substrate/GLints/dict_16_192_64_0p5_0p02_0010_0010.uasset" 5830
"../../../Engine/Content/EngineMaterials/Substrate/GLints/dict_16_192_64_0p5_0p02_0010_0009.uasset" 5831
"../../../Engine/Content/EngineMaterials/Substrate/GLints/dict_16_192_64_0p5_0p02_0010_0004.uasset" 5832
"../../../Engine/Content/EngineMaterials/Substrate/GLints/dict_16_192_64_0p5_0p02_0009_0014.uasset" 5833
"../../../Engine/Content/EngineMaterials/Substrate/GLints/dict_16_192_64_0p5_0p02_0009_0012.uasset" 5834
"../../../Engine/Content/EngineMaterials/Substrate/GLints/dict_16_192_64_0p5_0p02_0009_0013.uasset" 5835
"../../../Engine/Content/EngineMaterials/Substrate/GLints/dict_16_192_64_0p5_0p02_0010_0001.uasset" 5836
"../../../Engine/Content/EngineMaterials/Substrate/GLints/dict_16_192_64_0p5_0p02_0009_0010.uasset" 5837
"../../../Engine/Content/EngineMaterials/Substrate/GLints/dict_16_192_64_0p5_0p02_0010_0002.uasset" 5838
"../../../Engine/Content/EngineMaterials/Substrate/GLints/dict_16_192_64_0p5_0p02_0010_0006.uasset" 5839
"../../../Engine/Content/EngineMaterials/Substrate/GLints/dict_16_192_64_0p5_0p02_0009_0011.uasset" 5840
"../../../Engine/Content/EngineMaterials/Substrate/GLints/dict_16_192_64_0p5_0p02_0010_0000.uasset" 5841
"../../../Engine/Content/EngineMaterials/Substrate/GLints/dict_16_192_64_0p5_0p02_0010_0007.uasset" 5842
"../../../Engine/Content/EngineMaterials/Substrate/GLints/dict_16_192_64_0p5_0p02_0009_0015.uasset" 5843
"../../../Engine/Content/EngineMaterials/Substrate/GLints/dict_16_192_64_0p5_0p02_0010_0003.uasset" 5844
"/Engine/EngineMaterials/Substrate/GLints/dict_16_192_64_0p5_0p02_0010_0015" 5845
"../../../Engine/Content/EngineMaterials/Substrate/GLints/dict_16_192_64_0p5_0p02_0010_0005.uasset" 5846
"/Engine/EngineMaterials/Substrate/GLints/dict_16_192_64_0p5_0p02_0011_0000" 5847
"/Engine/EngineMaterials/Substrate/GLints/dict_16_192_64_0p5_0p02_0011_0001" 5848
"/Engine/EngineMaterials/Substrate/GLints/dict_16_192_64_0p5_0p02_0011_0002" 5849
"/Engine/EngineMaterials/Substrate/GLints/dict_16_192_64_0p5_0p02_0011_0003" 5850
"/Engine/EngineMaterials/Substrate/GLints/dict_16_192_64_0p5_0p02_0011_0004" 5851
"/Engine/EngineMaterials/Substrate/GLints/dict_16_192_64_0p5_0p02_0011_0005" 5852
"/Engine/EngineMaterials/Substrate/GLints/dict_16_192_64_0p5_0p02_0011_0006" 5853
"/Engine/EngineMaterials/Substrate/GLints/dict_16_192_64_0p5_0p02_0011_0007" 5854
"/Engine/EngineMaterials/Substrate/GLints/dict_16_192_64_0p5_0p02_0011_0008" 5855
"/Engine/EngineMaterials/Substrate/GLints/dict_16_192_64_0p5_0p02_0011_0009" 5856
"/Engine/EngineMaterials/Substrate/GLints/dict_16_192_64_0p5_0p02_0010_0008" 5857
"/Engine/EngineMaterials/Substrate/GLints/dict_16_192_64_0p5_0p02_0010_0010" 5858
"/Engine/EngineMaterials/Substrate/GLints/dict_16_192_64_0p5_0p02_0010_0011" 5859
"/Engine/EngineMaterials/Substrate/GLints/dict_16_192_64_0p5_0p02_0010_0012" 5860
"/Engine/EngineMaterials/Substrate/GLints/dict_16_192_64_0p5_0p02_0010_0013" 5861
"/Engine/EngineMaterials/Substrate/GLints/dict_16_192_64_0p5_0p02_0010_0014" 5862
"../../../Engine/Content/EngineMaterials/Substrate/GLints/dict_16_192_64_0p5_0p02_0009_0009.uasset" 5863
"../../../Engine/Content/EngineMaterials/Substrate/GLints/dict_16_192_64_0p5_0p02_0009_0007.uasset" 5864
"../../../Engine/Content/EngineMaterials/Substrate/GLints/dict_16_192_64_0p5_0p02_0009_0008.uasset" 5865
"../../../Engine/Content/EngineMaterials/Substrate/GLints/dict_16_192_64_0p5_0p02_0009_0003.uasset" 5866
"../../../Engine/Content/EngineMaterials/Substrate/GLints/dict_16_192_64_0p5_0p02_0009_0001.uasset" 5867
"../../../Engine/Content/EngineMaterials/Substrate/GLints/dict_16_192_64_0p5_0p02_0008_0014.uasset" 5868
"../../../Engine/Content/EngineMaterials/Substrate/GLints/dict_16_192_64_0p5_0p02_0009_0000.uasset" 5869
"../../../Engine/Content/EngineMaterials/Substrate/GLints/dict_16_192_64_0p5_0p02_0008_0011.uasset" 5870
"../../../Engine/Content/EngineMaterials/Substrate/GLints/dict_16_192_64_0p5_0p02_0008_0010.uasset" 5871
"../../../Engine/Content/EngineMaterials/Substrate/GLints/dict_16_192_64_0p5_0p02_0008_0015.uasset" 5872
"../../../Engine/Content/EngineMaterials/Substrate/GLints/dict_16_192_64_0p5_0p02_0008_0013.uasset" 5873
"../../../Engine/Content/EngineMaterials/Substrate/GLints/dict_16_192_64_0p5_0p02_0009_0006.uasset" 5874
"../../../Engine/Content/EngineMaterials/Substrate/GLints/dict_16_192_64_0p5_0p02_0008_0009.uasset" 5875
"../../../Engine/Content/EngineMaterials/Substrate/GLints/dict_16_192_64_0p5_0p02_0009_0004.uasset" 5876
"../../../Engine/Content/EngineMaterials/Substrate/GLints/dict_16_192_64_0p5_0p02_0009_0002.uasset" 5877
"/Engine/EngineMaterials/Substrate/GLints/dict_16_192_64_0p5_0p02_0009_0010" 5878
"../../../Engine/Content/EngineMaterials/Substrate/GLints/dict_16_192_64_0p5_0p02_0009_0005.uasset" 5879
"../../../Engine/Content/EngineMaterials/Substrate/GLints/dict_16_192_64_0p5_0p02_0008_0012.uasset" 5880
"/Engine/EngineMaterials/Substrate/GLints/dict_16_192_64_0p5_0p02_0009_0011" 5881
"/Engine/EngineMaterials/Substrate/GLints/dict_16_192_64_0p5_0p02_0009_0012" 5882
"/Engine/EngineMaterials/Substrate/GLints/dict_16_192_64_0p5_0p02_0009_0013" 5883
"/Engine/EngineMaterials/Substrate/GLints/dict_16_192_64_0p5_0p02_0009_0014" 5884
"/Engine/EngineMaterials/Substrate/GLints/dict_16_192_64_0p5_0p02_0009_0015" 5885
"/Engine/EngineMaterials/Substrate/GLints/dict_16_192_64_0p5_0p02_0010_0000" 5886
"/Engine/EngineMaterials/Substrate/GLints/dict_16_192_64_0p5_0p02_0010_0001" 5887
"/Engine/EngineMaterials/Substrate/GLints/dict_16_192_64_0p5_0p02_0010_0002" 5888
"/Engine/EngineMaterials/Substrate/GLints/dict_16_192_64_0p5_0p02_0010_0003" 5889
"/Engine/EngineMaterials/Substrate/GLints/dict_16_192_64_0p5_0p02_0010_0004" 5890
"/Engine/EngineMaterials/Substrate/GLints/dict_16_192_64_0p5_0p02_0010_0005" 5891
"/Engine/EngineMaterials/Substrate/GLints/dict_16_192_64_0p5_0p02_0010_0006" 5892
"/Engine/EngineMaterials/Substrate/GLints/dict_16_192_64_0p5_0p02_0010_0007" 5893
"/Engine/EngineMaterials/Substrate/GLints/dict_16_192_64_0p5_0p02_0010_0009" 5894
"/Engine/EngineMaterials/Substrate/GLints/dict_16_192_64_0p5_0p02_0009_0007" 5895
"/Engine/EngineMaterials/Substrate/GLints/dict_16_192_64_0p5_0p02_0009_0008" 5896
"/Engine/EngineMaterials/Substrate/GLints/dict_16_192_64_0p5_0p02_0009_0009" 5897
"../../../Engine/Content/EngineMaterials/Substrate/GLints/dict_16_192_64_0p5_0p02_0008_0008.uasset" 5898
"../../../Engine/Content/EngineMaterials/Substrate/GLints/dict_16_192_64_0p5_0p02_0008_0007.uasset" 5899
"../../../Engine/Content/EngineMaterials/Substrate/GLints/dict_16_192_64_0p5_0p02_0008_0006.uasset" 5900
"../../../Engine/Content/EngineMaterials/Substrate/GLints/dict_16_192_64_0p5_0p02_0008_0004.uasset" 5901
"../../../Engine/Content/EngineMaterials/Substrate/GLints/dict_16_192_64_0p5_0p02_0008_0005.uasset" 5902
"../../../Engine/Content/EngineMaterials/Substrate/GLints/dict_16_192_64_0p5_0p02_0008_0000.uasset" 5903
"../../../Engine/Content/EngineMaterials/Substrate/GLints/dict_16_192_64_0p5_0p02_0008_0001.uasset" 5904
"../../../Engine/Content/EngineMaterials/Substrate/GLints/dict_16_192_64_0p5_0p02_0007_0013.uasset" 5905
"/Engine/EngineMaterials/Substrate/GLints/dict_16_192_64_0p5_0p02_0008_0009" 5906
"../../../Engine/Content/EngineMaterials/Substrate/GLints/dict_16_192_64_0p5_0p02_0008_0003.uasset" 5907
"../../../Engine/Content/EngineMaterials/Substrate/GLints/dict_16_192_64_0p5_0p02_0007_0009.uasset" 5908
"../../../Engine/Content/EngineMaterials/Substrate/GLints/dict_16_192_64_0p5_0p02_0007_0010.uasset" 5909
"../../../Engine/Content/EngineMaterials/Substrate/GLints/dict_16_192_64_0p5_0p02_0007_0007.uasset" 5910
"../../../Engine/Content/EngineMaterials/Substrate/GLints/dict_16_192_64_0p5_0p02_0007_0015.uasset" 5911
"../../../Engine/Content/EngineMaterials/Substrate/GLints/dict_16_192_64_0p5_0p02_0007_0014.uasset" 5912
"../../../Engine/Content/EngineMaterials/Substrate/GLints/dict_16_192_64_0p5_0p02_0007_0011.uasset" 5913
"../../../Engine/Content/EngineMaterials/Substrate/GLints/dict_16_192_64_0p5_0p02_0007_0012.uasset" 5914
"../../../Engine/Content/EngineMaterials/Substrate/GLints/dict_16_192_64_0p5_0p02_0007_0008.uasset" 5915
"../../../Engine/Content/EngineMaterials/Substrate/GLints/dict_16_192_64_0p5_0p02_0008_0002.uasset" 5916
"/Engine/EngineMaterials/Substrate/GLints/dict_16_192_64_0p5_0p02_0008_0010" 5917
"/Engine/EngineMaterials/Substrate/GLints/dict_16_192_64_0p5_0p02_0008_0011" 5918
"/Engine/EngineMaterials/Substrate/GLints/dict_16_192_64_0p5_0p02_0008_0012" 5919
"/Engine/EngineMaterials/Substrate/GLints/dict_16_192_64_0p5_0p02_0008_0013" 5920
"/Engine/EngineMaterials/Substrate/GLints/dict_16_192_64_0p5_0p02_0008_0014" 5921
"/Engine/EngineMaterials/Substrate/GLints/dict_16_192_64_0p5_0p02_0008_0015" 5922
"/Engine/EngineMaterials/Substrate/GLints/dict_16_192_64_0p5_0p02_0009_0000" 5923
"/Engine/EngineMaterials/Substrate/GLints/dict_16_192_64_0p5_0p02_0009_0001" 5924
"/Engine/EngineMaterials/Substrate/GLints/dict_16_192_64_0p5_0p02_0009_0002" 5925
"/Engine/EngineMaterials/Substrate/GLints/dict_16_192_64_0p5_0p02_0009_0003" 5926
"/Engine/EngineMaterials/Substrate/GLints/dict_16_192_64_0p5_0p02_0009_0004" 5927
"/Engine/EngineMaterials/Substrate/GLints/dict_16_192_64_0p5_0p02_0009_0005" 5928
"/Engine/EngineMaterials/Substrate/GLints/dict_16_192_64_0p5_0p02_0009_0006" 5929
"/Engine/EngineMaterials/Substrate/GLints/dict_16_192_64_0p5_0p02_0008_0006" 5930
"/Engine/EngineMaterials/Substrate/GLints/dict_16_192_64_0p5_0p02_0008_0007" 5931
"/Engine/EngineMaterials/Substrate/GLints/dict_16_192_64_0p5_0p02_0008_0008" 5932
"../../../Engine/Content/EngineMaterials/Substrate/GLints/dict_16_192_64_0p5_0p02_0007_0006.uasset" 5933
"../../../Engine/Content/EngineMaterials/Substrate/GLints/dict_16_192_64_0p5_0p02_0007_0005.uasset" 5934
"../../../Engine/Content/EngineMaterials/Substrate/GLints/dict_16_192_64_0p5_0p02_0007_0002.uasset" 5935
"../../../Engine/Content/EngineMaterials/Substrate/GLints/dict_16_192_64_0p5_0p02_0007_0004.uasset" 5936
"../../../Engine/Content/EngineMaterials/Substrate/GLints/dict_16_192_64_0p5_0p02_0007_0000.uasset" 5937
"../../../Engine/Content/EngineMaterials/Substrate/GLints/dict_16_192_64_0p5_0p02_0007_0001.uasset" 5938
"../../../Engine/Content/EngineMaterials/Substrate/GLints/dict_16_192_64_0p5_0p02_0007_0003.uasset" 5939
"/Engine/EngineMaterials/Substrate/GLints/dict_16_192_64_0p5_0p02_0007_0007" 5940
"../../../Engine/Content/EngineMaterials/Substrate/GLints/dict_16_192_64_0p5_0p02_0006_0007.uasset" 5941
"../../../Engine/Content/EngineMaterials/Substrate/GLints/dict_16_192_64_0p5_0p02_0006_0008.uasset" 5942
"../../../Engine/Content/EngineMaterials/Substrate/GLints/dict_16_192_64_0p5_0p02_0006_0012.uasset" 5943
"../../../Engine/Content/EngineMaterials/Substrate/GLints/dict_16_192_64_0p5_0p02_0006_0006.uasset" 5944
"../../../Engine/Content/EngineMaterials/Substrate/GLints/dict_16_192_64_0p5_0p02_0006_0015.uasset" 5945
"../../../Engine/Content/EngineMaterials/Substrate/GLints/dict_16_192_64_0p5_0p02_0006_0014.uasset" 5946
"../../../Engine/Content/EngineMaterials/Substrate/GLints/dict_16_192_64_0p5_0p02_0006_0013.uasset" 5947
"../../../Engine/Content/EngineMaterials/Substrate/GLints/dict_16_192_64_0p5_0p02_0006_0011.uasset" 5948
"../../../Engine/Content/EngineMaterials/Substrate/GLints/dict_16_192_64_0p5_0p02_0006_0010.uasset" 5949
"../../../Engine/Content/EngineMaterials/Substrate/GLints/dict_16_192_64_0p5_0p02_0006_0009.uasset" 5950
"/Engine/EngineMaterials/Substrate/GLints/dict_16_192_64_0p5_0p02_0007_0008" 5951
"/Engine/EngineMaterials/Substrate/GLints/dict_16_192_64_0p5_0p02_0007_0009" 5952
"/Engine/EngineMaterials/Substrate/GLints/dict_16_192_64_0p5_0p02_0007_0010" 5953
"/Engine/EngineMaterials/Substrate/GLints/dict_16_192_64_0p5_0p02_0007_0011" 5954
"/Engine/EngineMaterials/Substrate/GLints/dict_16_192_64_0p5_0p02_0007_0012" 5955
"/Engine/EngineMaterials/Substrate/GLints/dict_16_192_64_0p5_0p02_0007_0013" 5956
"/Engine/EngineMaterials/Substrate/GLints/dict_16_192_64_0p5_0p02_0007_0014" 5957
"/Engine/EngineMaterials/Substrate/GLints/dict_16_192_64_0p5_0p02_0007_0015" 5958
"/Engine/EngineMaterials/Substrate/GLints/dict_16_192_64_0p5_0p02_0008_0000" 5959
"/Engine/EngineMaterials/Substrate/GLints/dict_16_192_64_0p5_0p02_0008_0001" 5960
"/Engine/EngineMaterials/Substrate/GLints/dict_16_192_64_0p5_0p02_0008_0002" 5961
"/Engine/EngineMaterials/Substrate/GLints/dict_16_192_64_0p5_0p02_0008_0003" 5962
"/Engine/EngineMaterials/Substrate/GLints/dict_16_192_64_0p5_0p02_0008_0004" 5963
"/Engine/EngineMaterials/Substrate/GLints/dict_16_192_64_0p5_0p02_0008_0005" 5964
"/Engine/EngineMaterials/Substrate/GLints/dict_16_192_64_0p5_0p02_0007_0005" 5965
"/Engine/EngineMaterials/Substrate/GLints/dict_16_192_64_0p5_0p02_0007_0006" 5966
"../../../Engine/Content/EngineMaterials/Substrate/GLints/dict_16_192_64_0p5_0p02_0006_0003.uasset" 5967
"../../../Engine/Content/EngineMaterials/Substrate/GLints/dict_16_192_64_0p5_0p02_0006_0005.uasset" 5968
"../../../Engine/Content/EngineMaterials/Substrate/GLints/dict_16_192_64_0p5_0p02_0006_0004.uasset" 5969
"../../../Engine/Content/EngineMaterials/Substrate/GLints/dict_16_192_64_0p5_0p02_0005_0015.uasset" 5970
"../../../Engine/Content/EngineMaterials/Substrate/GLints/dict_16_192_64_0p5_0p02_0006_0000.uasset" 5971
"../../../Engine/Content/EngineMaterials/Substrate/GLints/dict_16_192_64_0p5_0p02_0005_0014.uasset" 5972
"../../../Engine/Content/EngineMaterials/Substrate/GLints/dict_16_192_64_0p5_0p02_0005_0006.uasset" 5973
"../../../Engine/Content/EngineMaterials/Substrate/GLints/dict_16_192_64_0p5_0p02_0006_0001.uasset" 5974
"../../../Engine/Content/EngineMaterials/Substrate/GLints/dict_16_192_64_0p5_0p02_0005_0010.uasset" 5975
"../../../Engine/Content/EngineMaterials/Substrate/GLints/dict_16_192_64_0p5_0p02_0005_0011.uasset" 5976
"/Engine/EngineMaterials/Substrate/GLints/dict_16_192_64_0p5_0p02_0006_0006" 5977
"../../../Engine/Content/EngineMaterials/Substrate/GLints/dict_16_192_64_0p5_0p02_0005_0005.uasset" 5978
"../../../Engine/Content/EngineMaterials/Substrate/GLints/dict_16_192_64_0p5_0p02_0006_0002.uasset" 5979
"../../../Engine/Content/EngineMaterials/Substrate/GLints/dict_16_192_64_0p5_0p02_0005_0008.uasset" 5980
"../../../Engine/Content/EngineMaterials/Substrate/GLints/dict_16_192_64_0p5_0p02_0005_0013.uasset" 5981
"../../../Engine/Content/EngineMaterials/Substrate/GLints/dict_16_192_64_0p5_0p02_0005_0012.uasset" 5982
"../../../Engine/Content/EngineMaterials/Substrate/GLints/dict_16_192_64_0p5_0p02_0005_0007.uasset" 5983
"../../../Engine/Content/EngineMaterials/Substrate/GLints/dict_16_192_64_0p5_0p02_0005_0009.uasset" 5984
"/Engine/EngineMaterials/Substrate/GLints/dict_16_192_64_0p5_0p02_0006_0007" 5985
"/Engine/EngineMaterials/Substrate/GLints/dict_16_192_64_0p5_0p02_0006_0008" 5986
"/Engine/EngineMaterials/Substrate/GLints/dict_16_192_64_0p5_0p02_0006_0009" 5987
"/Engine/EngineMaterials/Substrate/GLints/dict_16_192_64_0p5_0p02_0006_0010" 5988
"/Engine/EngineMaterials/Substrate/GLints/dict_16_192_64_0p5_0p02_0006_0011" 5989
"/Engine/EngineMaterials/Substrate/GLints/dict_16_192_64_0p5_0p02_0006_0012" 5990
"/Engine/EngineMaterials/Substrate/GLints/dict_16_192_64_0p5_0p02_0006_0013" 5991
"/Engine/EngineMaterials/Substrate/GLints/dict_16_192_64_0p5_0p02_0006_0014" 5992
"/Engine/EngineMaterials/Substrate/GLints/dict_16_192_64_0p5_0p02_0006_0015" 5993
"/Engine/EngineMaterials/Substrate/GLints/dict_16_192_64_0p5_0p02_0007_0000" 5994
"/Engine/EngineMaterials/Substrate/GLints/dict_16_192_64_0p5_0p02_0007_0001" 5995
"/Engine/EngineMaterials/Substrate/GLints/dict_16_192_64_0p5_0p02_0006_0003" 5996
"/Engine/EngineMaterials/Substrate/GLints/dict_16_192_64_0p5_0p02_0007_0002" 5997
"/Engine/EngineMaterials/Substrate/GLints/dict_16_192_64_0p5_0p02_0007_0003" 5998
"/Engine/EngineMaterials/Substrate/GLints/dict_16_192_64_0p5_0p02_0007_0004" 5999
"/Engine/EngineMaterials/Substrate/GLints/dict_16_192_64_0p5_0p02_0006_0004" 6000
"/Engine/EngineMaterials/Substrate/GLints/dict_16_192_64_0p5_0p02_0006_0005" 6001
"../../../Engine/Content/EngineMaterials/Substrate/GLints/dict_16_192_64_0p5_0p02_0005_0003.uasset" 6002
"../../../Engine/Content/EngineMaterials/Substrate/GLints/dict_16_192_64_0p5_0p02_0005_0000.uasset" 6003
"../../../Engine/Content/EngineMaterials/Substrate/GLints/dict_16_192_64_0p5_0p02_0005_0002.uasset" 6004
"../../../Engine/Content/EngineMaterials/Substrate/GLints/dict_16_192_64_0p5_0p02_0005_0001.uasset" 6005
"../../../Engine/Content/EngineMaterials/Substrate/GLints/dict_16_192_64_0p5_0p02_0004_0012.uasset" 6006
"../../../Engine/Content/EngineMaterials/Substrate/GLints/dict_16_192_64_0p5_0p02_0004_0010.uasset" 6007
"../../../Engine/Content/EngineMaterials/Substrate/GLints/dict_16_192_64_0p5_0p02_0004_0011.uasset" 6008
"../../../Engine/Content/EngineMaterials/Substrate/GLints/dict_16_192_64_0p5_0p02_0004_0007.uasset" 6009
"../../../Engine/Content/EngineMaterials/Substrate/GLints/dict_16_192_64_0p5_0p02_0004_0006.uasset" 6010
"../../../Engine/Content/EngineMaterials/Substrate/GLints/dict_16_192_64_0p5_0p02_0004_0005.uasset" 6011
"/Engine/EngineMaterials/Substrate/GLints/dict_16_192_64_0p5_0p02_0005_0005" 6012
"../../../Engine/Content/EngineMaterials/Substrate/GLints/dict_16_192_64_0p5_0p02_0004_0015.uasset" 6013
"../../../Engine/Content/EngineMaterials/Substrate/GLints/dict_16_192_64_0p5_0p02_0004_0003.uasset" 6014
"../../../Engine/Content/EngineMaterials/Substrate/GLints/dict_16_192_64_0p5_0p02_0004_0009.uasset" 6015
"../../../Engine/Content/EngineMaterials/Substrate/GLints/dict_16_192_64_0p5_0p02_0004_0014.uasset" 6016
"../../../Engine/Content/EngineMaterials/Substrate/GLints/dict_16_192_64_0p5_0p02_0004_0013.uasset" 6017
"../../../Engine/Content/EngineMaterials/Substrate/GLints/dict_16_192_64_0p5_0p02_0005_0004.uasset" 6018
"../../../Engine/Content/EngineMaterials/Substrate/GLints/dict_16_192_64_0p5_0p02_0004_0008.uasset" 6019
"../../../Engine/Content/EngineMaterials/Substrate/GLints/dict_16_192_64_0p5_0p02_0004_0004.uasset" 6020
"/Engine/EngineMaterials/Substrate/GLints/dict_16_192_64_0p5_0p02_0005_0006" 6021
"/Engine/EngineMaterials/Substrate/GLints/dict_16_192_64_0p5_0p02_0005_0007" 6022
"/Engine/EngineMaterials/Substrate/GLints/dict_16_192_64_0p5_0p02_0005_0008" 6023
"/Engine/EngineMaterials/Substrate/GLints/dict_16_192_64_0p5_0p02_0005_0009" 6024
"/Engine/EngineMaterials/Substrate/GLints/dict_16_192_64_0p5_0p02_0005_0010" 6025
"/Engine/EngineMaterials/Substrate/GLints/dict_16_192_64_0p5_0p02_0005_0011" 6026
"/Engine/EngineMaterials/Substrate/GLints/dict_16_192_64_0p5_0p02_0005_0012" 6027
"/Engine/EngineMaterials/Substrate/GLints/dict_16_192_64_0p5_0p02_0005_0013" 6028
"/Engine/EngineMaterials/Substrate/GLints/dict_16_192_64_0p5_0p02_0005_0014" 6029
"/Engine/EngineMaterials/Substrate/GLints/dict_16_192_64_0p5_0p02_0005_0015" 6030
"/Engine/EngineMaterials/Substrate/GLints/dict_16_192_64_0p5_0p02_0006_0000" 6031
"/Engine/EngineMaterials/Substrate/GLints/dict_16_192_64_0p5_0p02_0006_0001" 6032
"/Engine/EngineMaterials/Substrate/GLints/dict_16_192_64_0p5_0p02_0006_0002" 6033
"/Engine/EngineMaterials/Substrate/GLints/dict_16_192_64_0p5_0p02_0005_0000" 6034
"/Engine/EngineMaterials/Substrate/GLints/dict_16_192_64_0p5_0p02_0005_0002" 6035
"/Engine/EngineMaterials/Substrate/GLints/dict_16_192_64_0p5_0p02_0005_0003" 6036
"../../../Engine/Content/EngineMaterials/Substrate/GLints/dict_16_192_64_0p5_0p02_0004_0002.uasset" 6037
"../../../Engine/Content/EngineMaterials/Substrate/GLints/dict_16_192_64_0p5_0p02_0004_0001.uasset" 6038
"../../../Engine/Content/EngineMaterials/Substrate/GLints/dict_16_192_64_0p5_0p02_0003_0015.uasset" 6039
"../../../Engine/Content/EngineMaterials/Substrate/GLints/dict_16_192_64_0p5_0p02_0003_0014.uasset" 6040
"../../../Engine/Content/EngineMaterials/Substrate/GLints/dict_16_192_64_0p5_0p02_0004_0000.uasset" 6041
"../../../Engine/Content/EngineMaterials/Substrate/GLints/dict_16_192_64_0p5_0p02_0003_0009.uasset" 6042
"../../../Engine/Content/EngineMaterials/Substrate/GLints/dict_16_192_64_0p5_0p02_0003_0011.uasset" 6043
"/Engine/EngineMaterials/Substrate/GLints/dict_16_192_64_0p5_0p02_0004_0003" 6044
"../../../Engine/Content/EngineMaterials/Substrate/GLints/dict_16_192_64_0p5_0p02_0003_0007.uasset" 6045
"../../../Engine/Content/EngineMaterials/Substrate/GLints/dict_16_192_64_0p5_0p02_0003_0012.uasset" 6046
"../../../Engine/Content/EngineMaterials/Substrate/GLints/dict_16_192_64_0p5_0p02_0003_0004.uasset" 6047
"../../../Engine/Content/EngineMaterials/Substrate/GLints/dict_16_192_64_0p5_0p02_0003_0010.uasset" 6048
"../../../Engine/Content/EngineMaterials/Substrate/GLints/dict_16_192_64_0p5_0p02_0003_0006.uasset" 6049
"../../../Engine/Content/EngineMaterials/Substrate/GLints/dict_16_192_64_0p5_0p02_0003_0002.uasset" 6050
"../../../Engine/Content/EngineMaterials/Substrate/GLints/dict_16_192_64_0p5_0p02_0003_0005.uasset" 6051
"../../../Engine/Content/EngineMaterials/Substrate/GLints/dict_16_192_64_0p5_0p02_0003_0008.uasset" 6052
"../../../Engine/Content/EngineMaterials/Substrate/GLints/dict_16_192_64_0p5_0p02_0003_0003.uasset" 6053
"../../../Engine/Content/EngineMaterials/Substrate/GLints/dict_16_192_64_0p5_0p02_0003_0013.uasset" 6054
"/Engine/EngineMaterials/Substrate/GLints/dict_16_192_64_0p5_0p02_0004_0004" 6055
"/Engine/EngineMaterials/Substrate/GLints/dict_16_192_64_0p5_0p02_0004_0005" 6056
"/Engine/EngineMaterials/Substrate/GLints/dict_16_192_64_0p5_0p02_0004_0006" 6057
"/Engine/EngineMaterials/Substrate/GLints/dict_16_192_64_0p5_0p02_0004_0007" 6058
"/Engine/EngineMaterials/Substrate/GLints/dict_16_192_64_0p5_0p02_0004_0008" 6059
"/Engine/EngineMaterials/Substrate/GLints/dict_16_192_64_0p5_0p02_0004_0009" 6060
"/Engine/EngineMaterials/Substrate/GLints/dict_16_192_64_0p5_0p02_0004_0010" 6061
"/Engine/EngineMaterials/Substrate/GLints/dict_16_192_64_0p5_0p02_0004_0011" 6062
"/Engine/EngineMaterials/Substrate/GLints/dict_16_192_64_0p5_0p02_0004_0012" 6063
"/Engine/EngineMaterials/Substrate/GLints/dict_16_192_64_0p5_0p02_0004_0013" 6064
"/Engine/EngineMaterials/Substrate/GLints/dict_16_192_64_0p5_0p02_0004_0014" 6065
"/Engine/EngineMaterials/Substrate/GLints/dict_16_192_64_0p5_0p02_0004_0015" 6066
"/Engine/EngineMaterials/Substrate/GLints/dict_16_192_64_0p5_0p02_0005_0001" 6067
"/Engine/EngineMaterials/Substrate/GLints/dict_16_192_64_0p5_0p02_0004_0001" 6068
"/Engine/EngineMaterials/Substrate/GLints/dict_16_192_64_0p5_0p02_0004_0002" 6069
"/Engine/EngineMaterials/Substrate/GLints/dict_16_192_64_0p5_0p02_0005_0004" 6070
"../../../Engine/Content/EngineMaterials/Substrate/GLints/dict_16_192_64_0p5_0p02_0003_0000.uasset" 6071
"../../../Engine/Content/EngineMaterials/Substrate/GLints/dict_16_192_64_0p5_0p02_0003_0001.uasset" 6072
"../../../Engine/Content/EngineMaterials/Substrate/GLints/dict_16_192_64_0p5_0p02_0002_0015.uasset" 6073
"../../../Engine/Content/EngineMaterials/Substrate/GLints/dict_16_192_64_0p5_0p02_0002_0012.uasset" 6074
"../../../Engine/Content/EngineMaterials/Substrate/GLints/dict_16_192_64_0p5_0p02_0002_0013.uasset" 6075
"../../../Engine/Content/EngineMaterials/Substrate/GLints/dict_16_192_64_0p5_0p02_0002_0010.uasset" 6076
"../../../Engine/Content/EngineMaterials/Substrate/GLints/dict_16_192_64_0p5_0p02_0002_0014.uasset" 6077
"../../../Engine/Content/EngineMaterials/Substrate/GLints/dict_16_192_64_0p5_0p02_0002_0009.uasset" 6078
"/Engine/EngineMaterials/Substrate/GLints/dict_16_192_64_0p5_0p02_0003_0002" 6079
"../../../Engine/Content/EngineMaterials/Substrate/GLints/dict_16_192_64_0p5_0p02_0002_0001.uasset" 6080
"../../../Engine/Content/EngineMaterials/Substrate/GLints/dict_16_192_64_0p5_0p02_0002_0005.uasset" 6081
"../../../Engine/Content/EngineMaterials/Substrate/GLints/dict_16_192_64_0p5_0p02_0002_0007.uasset" 6082
"../../../Engine/Content/EngineMaterials/Substrate/GLints/dict_16_192_64_0p5_0p02_0002_0011.uasset" 6083
"../../../Engine/Content/EngineMaterials/Substrate/GLints/dict_16_192_64_0p5_0p02_0002_0006.uasset" 6084
"../../../Engine/Content/EngineMaterials/Substrate/GLints/dict_16_192_64_0p5_0p02_0002_0004.uasset" 6085
"../../../Engine/Content/EngineMaterials/Substrate/GLints/dict_16_192_64_0p5_0p02_0002_0003.uasset" 6086
"../../../Engine/Content/EngineMaterials/Substrate/GLints/dict_16_192_64_0p5_0p02_0002_0002.uasset" 6087
"../../../Engine/Content/EngineMaterials/Substrate/GLints/dict_16_192_64_0p5_0p02_0002_0008.uasset" 6088
"/Engine/EngineMaterials/Substrate/GLints/dict_16_192_64_0p5_0p02_0003_0003" 6089
"/Engine/EngineMaterials/Substrate/GLints/dict_16_192_64_0p5_0p02_0003_0004" 6090
"/Engine/EngineMaterials/Substrate/GLints/dict_16_192_64_0p5_0p02_0003_0005" 6091
"/Engine/EngineMaterials/Substrate/GLints/dict_16_192_64_0p5_0p02_0003_0006" 6092
"/Engine/EngineMaterials/Substrate/GLints/dict_16_192_64_0p5_0p02_0003_0007" 6093
"/Engine/EngineMaterials/Substrate/GLints/dict_16_192_64_0p5_0p02_0003_0008" 6094
"/Engine/EngineMaterials/Substrate/GLints/dict_16_192_64_0p5_0p02_0003_0009" 6095
"/Engine/EngineMaterials/Substrate/GLints/dict_16_192_64_0p5_0p02_0003_0010" 6096
"/Engine/EngineMaterials/Substrate/GLints/dict_16_192_64_0p5_0p02_0003_0011" 6097
"/Engine/EngineMaterials/Substrate/GLints/dict_16_192_64_0p5_0p02_0003_0012" 6098
"/Engine/EngineMaterials/Substrate/GLints/dict_16_192_64_0p5_0p02_0003_0013" 6099
"/Engine/EngineMaterials/Substrate/GLints/dict_16_192_64_0p5_0p02_0003_0014" 6100
"/Engine/EngineMaterials/Substrate/GLints/dict_16_192_64_0p5_0p02_0003_0015" 6101
"/Engine/EngineMaterials/Substrate/GLints/dict_16_192_64_0p5_0p02_0002_0012" 6102
"/Engine/EngineMaterials/Substrate/GLints/dict_16_192_64_0p5_0p02_0004_0000" 6103
"/Engine/EngineMaterials/Substrate/GLints/dict_16_192_64_0p5_0p02_0002_0015" 6104
"/Engine/EngineMaterials/Substrate/GLints/dict_16_192_64_0p5_0p02_0003_0000" 6105
"/Engine/EngineMaterials/Substrate/GLints/dict_16_192_64_0p5_0p02_0003_0001" 6106
"../../../Engine/Content/EngineMaterials/Substrate/GLints/dict_16_192_64_0p5_0p02_0001_0014.uasset" 6107
"../../../Engine/Content/EngineMaterials/Substrate/GLints/dict_16_192_64_0p5_0p02_0002_0000.uasset" 6108
"../../../Engine/Content/EngineMaterials/Substrate/GLints/dict_16_192_64_0p5_0p02_0001_0013.uasset" 6109
"../../../Engine/Content/EngineMaterials/Substrate/GLints/dict_16_192_64_0p5_0p02_0001_0015.uasset" 6110
"../../../Engine/Content/EngineMaterials/Substrate/GLints/dict_16_192_64_0p5_0p02_0001_0012.uasset" 6111
"../../../Engine/Content/EngineMaterials/Substrate/GLints/dict_16_192_64_0p5_0p02_0001_0008.uasset" 6112
"../../../Engine/Content/EngineMaterials/Substrate/GLints/dict_16_192_64_0p5_0p02_0001_0004.uasset" 6113
"../../../Engine/Content/EngineMaterials/Substrate/GLints/dict_16_192_64_0p5_0p02_0001_0000.uasset" 6114
"../../../Engine/Content/EngineMaterials/Substrate/GLints/dict_16_192_64_0p5_0p02_0001_0001.uasset" 6115
"../../../Engine/Content/EngineMaterials/Substrate/GLints/dict_16_192_64_0p5_0p02_0001_0005.uasset" 6116
"../../../Engine/Content/EngineMaterials/Substrate/GLints/dict_16_192_64_0p5_0p02_0000_0015.uasset" 6117
"../../../Engine/Content/EngineMaterials/Substrate/GLints/dict_16_192_64_0p5_0p02_0001_0009.uasset" 6118
"../../../Engine/Content/EngineMaterials/Substrate/GLints/dict_16_192_64_0p5_0p02_0001_0011.uasset" 6119
"../../../Engine/Content/EngineMaterials/Substrate/GLints/dict_16_192_64_0p5_0p02_0001_0003.uasset" 6120
"../../../Engine/Content/EngineMaterials/Substrate/GLints/dict_16_192_64_0p5_0p02_0001_0006.uasset" 6121
"../../../Engine/Content/EngineMaterials/Substrate/GLints/dict_16_192_64_0p5_0p02_0001_0010.uasset" 6122
"/Engine/EngineMaterials/Substrate/GLints/dict_16_192_64_0p5_0p02_0002_0001" 6123
"../../../Engine/Content/EngineMaterials/Substrate/GLints/dict_16_192_64_0p5_0p02_0000_0014.uasset" 6124
"../../../Engine/Content/EngineMaterials/Substrate/GLints/dict_16_192_64_0p5_0p02_0001_0002.uasset" 6125
"../../../Engine/Content/EngineMaterials/Substrate/GLints/dict_16_192_64_0p5_0p02_0001_0007.uasset" 6126
"/Engine/EngineMaterials/Substrate/GLints/dict_16_192_64_0p5_0p02_0002_0002" 6127
"/Engine/EngineMaterials/Substrate/GLints/dict_16_192_64_0p5_0p02_0002_0003" 6128
"/Engine/EngineMaterials/Substrate/GLints/dict_16_192_64_0p5_0p02_0002_0004" 6129
"/Engine/EngineMaterials/Substrate/GLints/dict_16_192_64_0p5_0p02_0002_0005" 6130
"/Engine/EngineMaterials/Substrate/GLints/dict_16_192_64_0p5_0p02_0002_0006" 6131
"/Engine/EngineMaterials/Substrate/GLints/dict_16_192_64_0p5_0p02_0002_0007" 6132
"/Engine/EngineMaterials/Substrate/GLints/dict_16_192_64_0p5_0p02_0002_0008" 6133
"/Engine/EngineMaterials/Substrate/GLints/dict_16_192_64_0p5_0p02_0002_0009" 6134
"/Engine/EngineMaterials/Substrate/GLints/dict_16_192_64_0p5_0p02_0002_0010" 6135
"/Engine/EngineMaterials/Substrate/GLints/dict_16_192_64_0p5_0p02_0002_0011" 6136
"/Engine/EngineMaterials/Substrate/GLints/dict_16_192_64_0p5_0p02_0002_0013" 6137
"/Engine/EngineMaterials/Substrate/GLints/dict_16_192_64_0p5_0p02_0001_0013" 6138
"/Engine/EngineMaterials/Substrate/GLints/dict_16_192_64_0p5_0p02_0002_0014" 6139
"/Engine/EngineMaterials/Substrate/GLints/dict_16_192_64_0p5_0p02_0001_0014" 6140
"/Engine/EngineMaterials/Substrate/GLints/dict_16_192_64_0p5_0p02_0001_0015" 6141
"/Engine/EngineMaterials/Substrate/GLints/dict_16_192_64_0p5_0p02_0002_0000" 6142
"../../../Engine/Content/EngineMaterials/Substrate/GLints/dict_16_192_64_0p5_0p02_0000_0013.uasset" 6143
"../../../Engine/Content/EngineMaterials/Substrate/GLints/dict_16_192_64_0p5_0p02_0000_0012.uasset" 6144
"../../../Engine/Content/EngineMaterials/Substrate/GLints/dict_16_192_64_0p5_0p02_0000_0009.uasset" 6145
"../../../Engine/Content/EngineMaterials/Substrate/GLints/dict_16_192_64_0p5_0p02_0000_0006.uasset" 6146
"../../../Engine/Content/EngineMaterials/Substrate/GLints/dict_16_192_64_0p5_0p02_0000_0005.uasset" 6147
"../../../Engine/Content/EngineMaterials/Substrate/GLints/AGlintTex2dArray.uasset" 6148
"../../../Engine/Content/EngineMaterials/Substrate/GLints/dict_16_192_64_0p5_0p02_0000_0008.uasset" 6149
"../../../Engine/Content/EngineMaterials/Substrate/Glints2/dict_0007_0255.uasset" 6150
"../../../Engine/Content/EngineMaterials/Substrate/GLints/dict_16_192_64_0p5_0p02_0000_0007.uasset" 6151
"../../../Engine/Content/EngineMaterials/Substrate/GLints/dict_16_192_64_0p5_0p02_0000_0002.uasset" 6152
"../../../Engine/Content/EngineMaterials/Substrate/GLints/dict_16_192_64_0p5_0p02_0000_0000.uasset" 6153
"../../../Engine/Content/EngineMaterials/Substrate/GLints/dict_16_192_64_0p5_0p02_0000_0001.uasset" 6154
"../../../Engine/Content/EngineMaterials/Substrate/GLints/dict_16_192_64_0p5_0p02_0000_0004.uasset" 6155
"../../../Engine/Content/EngineMaterials/Substrate/GLints/dict_16_192_64_0p5_0p02_0000_0011.uasset" 6156
"../../../Engine/Content/EngineMaterials/Substrate/GLints/dict_16_192_64_0p5_0p02_0000_0003.uasset" 6157
"../../../Engine/Content/EngineMaterials/Substrate/Glints2/dict_0007_0254.uasset" 6158
"/Engine/EngineMaterials/Substrate/GLints/dict_16_192_64_0p5_0p02_0000_0014" 6159
"../../../Engine/Content/EngineMaterials/Substrate/GLints/dict_16_192_64_0p5_0p02_0000_0010.uasset" 6160
"/Engine/EngineMaterials/Substrate/GLints/dict_16_192_64_0p5_0p02_0000_0015" 6161
"/Engine/EngineMaterials/Substrate/GLints/dict_16_192_64_0p5_0p02_0001_0000" 6162
"/Engine/EngineMaterials/Substrate/GLints/dict_16_192_64_0p5_0p02_0001_0001" 6163
"/Engine/EngineMaterials/Substrate/GLints/dict_16_192_64_0p5_0p02_0001_0002" 6164
"/Engine/EngineMaterials/Substrate/GLints/dict_16_192_64_0p5_0p02_0001_0003" 6165
"/Engine/EngineMaterials/Substrate/GLints/dict_16_192_64_0p5_0p02_0001_0004" 6166
"/Engine/EngineMaterials/Substrate/GLints/dict_16_192_64_0p5_0p02_0001_0005" 6167
"/Engine/EngineMaterials/Substrate/GLints/dict_16_192_64_0p5_0p02_0001_0006" 6168
"/Engine/EngineMaterials/Substrate/GLints/dict_16_192_64_0p5_0p02_0001_0007" 6169
"/Engine/EngineMaterials/Substrate/GLints/dict_16_192_64_0p5_0p02_0001_0008" 6170
"/Engine/EngineMaterials/Substrate/GLints/dict_16_192_64_0p5_0p02_0001_0009" 6171
"/Engine/EngineMaterials/Substrate/GLints/dict_16_192_64_0p5_0p02_0001_0010" 6172
"/Engine/EngineMaterials/Substrate/GLints/dict_16_192_64_0p5_0p02_0001_0011" 6173
"/Engine/EngineMaterials/Substrate/GLints/dict_16_192_64_0p5_0p02_0001_0012" 6174
"/Engine/EngineMaterials/Substrate/GLints/dict_16_192_64_0p5_0p02_0000_0009" 6175
"/Engine/EngineMaterials/Substrate/GLints/dict_16_192_64_0p5_0p02_0000_0012" 6176
"/Engine/EngineMaterials/Substrate/GLints/dict_16_192_64_0p5_0p02_0000_0013" 6177
"../../../Engine/Content/EngineMaterials/Substrate/Glints2/dict_0007_0253.uasset" 6178
"../../../Engine/Content/EngineMaterials/Substrate/Glints2/dict_0007_0252.uasset" 6179
"../../../Engine/Content/EngineMaterials/Substrate/Glints2/dict_0007_0250.uasset" 6180
"../../../Engine/Content/EngineMaterials/Substrate/Glints2/dict_0007_0248.uasset" 6181
"../../../Engine/Content/EngineMaterials/Substrate/Glints2/dict_0007_0251.uasset" 6182
"../../../Engine/Content/EngineMaterials/Substrate/Glints2/dict_0007_0242.uasset" 6183
"../../../Engine/Content/EngineMaterials/Substrate/Glints2/dict_0007_0246.uasset" 6184
"../../../Engine/Content/EngineMaterials/Substrate/Glints2/dict_0007_0245.uasset" 6185
"../../../Engine/Content/EngineMaterials/Substrate/Glints2/dict_0007_0237.uasset" 6186
"../../../Engine/Content/EngineMaterials/Substrate/Glints2/dict_0007_0243.uasset" 6187
"/Engine/EngineMaterials/Substrate/Glints2/dict_0007_0254" 6188
"../../../Engine/Content/EngineMaterials/Substrate/Glints2/dict_0007_0241.uasset" 6189
"../../../Engine/Content/EngineMaterials/Substrate/Glints2/dict_0007_0236.uasset" 6190
"../../../Engine/Content/EngineMaterials/Substrate/Glints2/dict_0007_0238.uasset" 6191
"../../../Engine/Content/EngineMaterials/Substrate/Glints2/dict_0007_0249.uasset" 6192
"../../../Engine/Content/EngineMaterials/Substrate/Glints2/dict_0007_0244.uasset" 6193
"../../../Engine/Content/EngineMaterials/Substrate/Glints2/dict_0007_0240.uasset" 6194
"../../../Engine/Content/EngineMaterials/Substrate/Glints2/dict_0007_0239.uasset" 6195
"../../../Engine/Content/EngineMaterials/Substrate/Glints2/dict_0007_0247.uasset" 6196
"/Engine/EngineMaterials/Substrate/Glints2/dict_0007_0255" 6197
"/Engine/EngineMaterials/Substrate/GLints/AGlintTex2dArray" 6198
"/Game/__ExternalActors__/NewMap/1/F8/S0M3NFTEJWDWQXLH8WL3P0" 6199
"../../../../../Users/Antonio/Documents/Unreal Projects/MC/Content/__ExternalActors__/NewMap/1/F8/S0M3NFTEJWDWQXLH8WL3P0.uasset" 6200
"../../../Engine/Content/EngineSky/VolumetricClouds/m_SimpleVolumetricCloud_Inst.uasset" 6201
"../../../Engine/Content/EngineSky/VolumetricClouds/m_SimpleVolumetricCloud.uasset" 6202
"../../../Engine/Content/EngineSky/VolumetricClouds/T_CloudMask.uasset" 6203
"../../../Engine/Content/EngineSky/VolumetricClouds/T_CloudPattern.uasset" 6204
"../../../Engine/Content/EngineSky/VolumetricClouds/T_Profile_08.uasset" 6205
"../../../Engine/Content/EngineSky/VolumetricClouds/VT_PerlinWorley_Balanced.uasset" 6206
"../../../Engine/Content/Functions/Engine_MaterialFunctions01/Units/Km-to-Cm.uasset" 6207
"../../../Engine/Content/Functions/Engine_MaterialFunctions02/Utility/BreakOutFloat4Components.uasset" 6208
"../../../Engine/Content/Functions/Engine_MaterialFunctions02/Utility/MakeFloat4.uasset" 6209
"../../../Engine/Content/EngineSky/VolumetricClouds/VT_Lightning.uasset" 6210
"/Game/__ExternalActors__/NewMap/1/LJ/SX9JKDV4UA15T0E1TTFAVZ" 6211
"../../../../../Users/Antonio/Documents/Unreal Projects/MC/Content/__ExternalActors__/NewMap/1/LJ/SX9JKDV4UA15T0E1TTFAVZ.uasset" 6212
"/Game/__ExternalActors__/NewMap/4/CT/O0ROLQ8UTR3RU82APM4MZ4" 6213
"../../../../../Users/Antonio/Documents/Unreal Projects/MC/Content/__ExternalActors__/NewMap/4/CT/O0ROLQ8UTR3RU82APM4MZ4.uasset" 6214
"../../../../../Users/Antonio/Documents/Unreal Projects/MC/Content/Fab/Megascans/Surfaces/Uncut_Grass_oilpt20/Low/oilpt20_tier_3/Materials/MI_oilpt20.uasset" 6215
"../../../../../Users/Antonio/Documents/Unreal Projects/MC/Content/Fab/Megascans/Surfaces/Uncut_Grass_oilpt20/Low/oilpt20_tier_3/Textures/T_oilpt20_1K_B.uasset" 6216
"../../../../../Users/Antonio/Documents/Unreal Projects/MC/Content/Fab/Megascans/Surfaces/Uncut_Grass_oilpt20/Low/oilpt20_tier_3/Textures/T_oilpt20_1K_N.uasset" 6217
"../../../../../Users/Antonio/Documents/Unreal Projects/MC/Content/Fab/Megascans/Surfaces/Uncut_Grass_oilpt20/Low/oilpt20_tier_3/Textures/T_oilpt20_1K_ORM.uasset" 6218
"/Game/__ExternalActors__/NewMap/4/Q8/QNW4NKCF3JB30PDQLYNK04" 6219
"../../../../../Users/Antonio/Documents/Unreal Projects/MC/Content/__ExternalActors__/NewMap/4/Q8/QNW4NKCF3JB30PDQLYNK04.uasset" 6220
"/Game/__ExternalActors__/NewMap/8/RB/UWT2EIZPYQICCJ0JNTZ85V" 6221
"../../../../../Users/Antonio/Documents/Unreal Projects/MC/Content/__ExternalActors__/NewMap/8/RB/UWT2EIZPYQICCJ0JNTZ85V.uasset" 6222
"/Game/__ExternalActors__/NewMap/9/MW/33JI6228IHMKP046YQI3NM" 6223
"../../../../../Users/Antonio/Documents/Unreal Projects/MC/Content/__ExternalActors__/NewMap/9/MW/33JI6228IHMKP046YQI3NM.uasset" 6224
"/Game/__ExternalActors__/NewMap/A/BZ/ZZZUE6B734TVUOS09XOW8Y" 6225
"../../../../../Users/Antonio/Documents/Unreal Projects/MC/Content/__ExternalActors__/NewMap/A/BZ/ZZZUE6B734TVUOS09XOW8Y.uasset" 6226
"/Game/__ExternalActors__/NewMap/E/7Z/D90LOZ6OX06T5XEND5R79L" 6227
"../../../../../Users/Antonio/Documents/Unreal Projects/MC/Content/__ExternalActors__/NewMap/E/7Z/D90LOZ6OX06T5XEND5R79L.uasset" 6228
"../../../Engine/Content/EngineSky/M_SimpleSkyDome.uasset" 6229
"../../../Engine/Content/EngineSky/SM_SkySphere.uasset" 6230
"../../../Engine/Content/EngineSky/M_Sky_Panning_Clouds2.uasset" 6231
"../../../Engine/Content/EngineSky/T_Sky_Blue.uasset" 6232
"../../../Engine/Content/EngineSky/T_Sky_Clouds_M.uasset" 6233
"../../../Engine/Content/EngineSky/T_Sky_Stars.uasset" 6234
"/Engine/EditorResources/EmptyActor" 6235
"../../../Engine/Content/EditorResources/EmptyActor.uasset" 6236
"/Game/__ExternalActors__/NewMap/3/3R/K7132QYUZ8D6ADB2XHDB9N" 6237
"../../../../../Users/Antonio/Documents/Unreal Projects/MC/Content/__ExternalActors__/NewMap/3/3R/K7132QYUZ8D6ADB2XHDB9N.uasset" 6238
"/Engine/Functions/Engine_MaterialFunctions01/Debug/DebugIntValues" 6239
"/Engine/VREditor/TransformGizmo/TransformGizmoFreeRotation" 6240
"/glTFRuntime/MF_BaseColorFromDSM" 6241
"/glTFRuntime/MF_SolveMetallicFromSpecular" 6242
"/InterchangeAssets/gltf/MaterialFunctions/MF_RotateNormals_TS" 6243
"/SpeedTreeImporter/SpeedTree9/SpeedTreeBranchMotion" 6244
"/Engine/VREditor/TransformGizmo/TransformGizmoMaterial_Inst" 6245
"/Engine/VREditor/TransformGizmo/PlaneTranslationHandle" 6246
"/Engine/VREditor/TransformGizmo/RotationHandleFull" 6247
"/Engine/VREditor/TransformGizmo/RotationHandleIndicator" 6248
"/Engine/VREditor/TransformGizmo/RotationHandleQuarter" 6249
"/Engine/VREditor/TransformGizmo/StartRotationHandleIndicator" 6250
"/Engine/VREditor/TransformGizmo/TranslateArrowHandle" 6251
"/Engine/VREditor/TransformGizmo/UniformScaleHandle" 6252
"/InterchangeAssets/gltf/MaterialBodies/MF_Unlit_Body" 6253
"/Fab/Materials/Standard/M_MS_Srf" 6254
"/InterchangeAssets/Functions/MF_Iridescence" 6255
"/InterchangeAssets/gltf/MaterialFunctions/MF_Temporal_Blur" 6256
"/glTFRuntime/MF_GetTexCoords" 6257
"/InterchangeAssets/Functions/MX_StandardSurface" 6258
"/Engine/EngineMaterials/DefaultMaterial" 6259
"/Engine/Functions/Engine_MaterialFunctions01/Texturing/TextureCropping" 6260
"/Engine/Functions/Engine_MaterialFunctions01/Texturing/ScaleUVsByCenter" 6261
"/MeshModelingToolsetExp/Materials/GetDisplacementVectorForDepthBias" 6262
"/Engine/EditorMaterials/Camera/MI_CineMat_Rig" 6263
"/InterchangeAssets/gltf/MaterialFunctions/MF_ScaleNormal" 6264
"/Engine/EngineMaterials/Substrate/Glints2/dict_0007_0250" 6265
"/Engine/EngineMaterials/Substrate/Glints2/dict_0007_0251" 6266
"/Engine/EngineMaterials/Substrate/Glints2/dict_0007_0252" 6267
"/Engine/EngineMaterials/Substrate/Glints2/dict_0007_0253" 6268
"../../../Engine/Content/EngineMaterials/Substrate/Glints2/dict_0007_0235.uasset" 6269
"../../../Engine/Content/EngineMaterials/Substrate/Glints2/dict_0007_0234.uasset" 6270
"../../../Engine/Content/EngineMaterials/Substrate/Glints2/dict_0007_0233.uasset" 6271
"../../../Engine/Content/EngineMaterials/Substrate/Glints2/dict_0007_0231.uasset" 6272
"../../../Engine/Content/EngineMaterials/Substrate/Glints2/dict_0007_0227.uasset" 6273
"../../../Engine/Content/EngineMaterials/Substrate/Glints2/dict_0007_0222.uasset" 6274
"../../../Engine/Content/EngineMaterials/Substrate/Glints2/dict_0007_0224.uasset" 6275
"../../../Engine/Content/EngineMaterials/Substrate/Glints2/dict_0007_0218.uasset" 6276
"../../../Engine/Content/EngineMaterials/Substrate/Glints2/dict_0007_0225.uasset" 6277
"../../../Engine/Content/EngineMaterials/Substrate/Glints2/dict_0007_0232.uasset" 6278
"../../../Engine/Content/EngineMaterials/Substrate/Glints2/dict_0007_0219.uasset" 6279
"../../../Engine/Content/EngineMaterials/Substrate/Glints2/dict_0007_0230.uasset" 6280
"../../../Engine/Content/EngineMaterials/Substrate/Glints2/dict_0007_0220.uasset" 6281
"../../../Engine/Content/EngineMaterials/Substrate/Glints2/dict_0007_0226.uasset" 6282
"../../../Engine/Content/EngineMaterials/Substrate/Glints2/dict_0007_0228.uasset" 6283
"../../../Engine/Content/EngineMaterials/Substrate/Glints2/dict_0007_0223.uasset" 6284
"../../../Engine/Content/EngineMaterials/Substrate/Glints2/dict_0007_0229.uasset" 6285
"../../../Engine/Content/EngineMaterials/Substrate/Glints2/dict_0007_0221.uasset" 6286
"/Engine/EngineMaterials/Substrate/Glints2/dict_0007_0236" 6287
"/Engine/EngineMaterials/Substrate/Glints2/dict_0007_0237" 6288
"/Engine/EngineMaterials/Substrate/Glints2/dict_0007_0238" 6289
"/Engine/EngineMaterials/Substrate/Glints2/dict_0007_0239" 6290
"/Engine/EngineMaterials/Substrate/Glints2/dict_0007_0240" 6291
"/Engine/EngineMaterials/Substrate/Glints2/dict_0007_0241" 6292
"/Engine/EngineMaterials/Substrate/Glints2/dict_0007_0242" 6293
"/Engine/EngineMaterials/Substrate/Glints2/dict_0007_0243" 6294
"/Engine/EngineMaterials/Substrate/Glints2/dict_0007_0244" 6295
"/Engine/EngineMaterials/Substrate/Glints2/dict_0007_0245" 6296
"/Engine/EngineMaterials/Substrate/Glints2/dict_0007_0246" 6297
"/Engine/EngineMaterials/Substrate/Glints2/dict_0007_0247" 6298
"/Engine/EngineMaterials/Substrate/Glints2/dict_0007_0248" 6299
"/Engine/EngineMaterials/Substrate/Glints2/dict_0007_0249" 6300
"/Engine/EngineMaterials/Substrate/Glints2/dict_0007_0231" 6301
"/Engine/EngineMaterials/Substrate/Glints2/dict_0007_0233" 6302
"/Engine/EngineMaterials/Substrate/Glints2/dict_0007_0234" 6303
"/Engine/EngineMaterials/Substrate/Glints2/dict_0007_0235" 6304
"../../../Engine/Content/EngineMaterials/Substrate/Glints2/dict_0007_0217.uasset" 6305
"../../../Engine/Content/EngineMaterials/Substrate/Glints2/dict_0007_0214.uasset" 6306
"../../../Engine/Content/EngineMaterials/Substrate/Glints2/dict_0007_0215.uasset" 6307
"../../../Engine/Content/EngineMaterials/Substrate/Glints2/dict_0007_0211.uasset" 6308
"../../../Engine/Content/EngineMaterials/Substrate/Glints2/dict_0007_0212.uasset" 6309
"../../../Engine/Content/EngineMaterials/Substrate/Glints2/dict_0007_0203.uasset" 6310
"../../../Engine/Content/EngineMaterials/Substrate/Glints2/dict_0007_0213.uasset" 6311
"../../../Engine/Content/EngineMaterials/Substrate/Glints2/dict_0007_0209.uasset" 6312
"../../../Engine/Content/EngineMaterials/Substrate/Glints2/dict_0007_0216.uasset" 6313
"../../../Engine/Content/EngineMaterials/Substrate/Glints2/dict_0007_0206.uasset" 6314
"../../../Engine/Content/EngineMaterials/Substrate/Glints2/dict_0007_0207.uasset" 6315
"../../../Engine/Content/EngineMaterials/Substrate/Glints2/dict_0007_0202.uasset" 6316
"../../../Engine/Content/EngineMaterials/Substrate/Glints2/dict_0007_0201.uasset" 6317
"../../../Engine/Content/EngineMaterials/Substrate/Glints2/dict_0007_0205.uasset" 6318
"../../../Engine/Content/EngineMaterials/Substrate/Glints2/dict_0007_0204.uasset" 6319
"../../../Engine/Content/EngineMaterials/Substrate/Glints2/dict_0007_0210.uasset" 6320
"../../../Engine/Content/EngineMaterials/Substrate/Glints2/dict_0007_0200.uasset" 6321
"../../../Engine/Content/EngineMaterials/Substrate/Glints2/dict_0007_0208.uasset" 6322
"../../../Engine/Plugins/Animation/DeformerGraph/Shaders/Private/DataInterfaceCustomComputeKernel.ush" 6323
"../../../Engine/Plugins/Animation/DeformerGraph/Shaders/Private/DataInterfaceCloth.ush" 6324
"../../../Engine/Plugins/Animation/DeformerGraph/Shaders/Private/DataInterfaceSkinnedMeshRead.ush" 6325
"../../../Engine/Plugins/Animation/DeformerGraph/Shaders/Private/DataInterfaceSkeleton.ush" 6326
"../../../Engine/Plugins/Animation/DeformerGraph/Shaders/Private/DataInterfaceSkeletonCommon.ush" 6327
"../../../Engine/Plugins/Animation/DeformerGraph/Shaders/Private/DataInterfaceMorphTarget.ush" 6328
"../../../Engine/Plugins/Animation/DeformerGraph/Shaders/Private/DataInterfaceSkinnedMeshWrite.ush" 6329
"../../../Engine/Plugins/Animation/DeformerGraph/Shaders/Private/DataInterfaceRawBuffer.ush" 6330
"../../../Engine/Plugins/Runtime/ComputeFramework/Shaders/Private/BufferAlias.ush" 6331
"../../../Engine/Plugins/Animation/DeformerGraph/Shaders/Private/DataInterfaceSkinnedMesh.ush" 6332
"../../../Engine/Plugins/Animation/DeformerGraph/Shaders/Private/DataInterfaceHalfEdge.ush" 6333
"/Engine/EngineMaterials/Substrate/Glints2/dict_0007_0218" 6334
"/Engine/EngineMaterials/Substrate/Glints2/dict_0007_0219" 6335
"/Engine/EngineMaterials/Substrate/Glints2/dict_0007_0220" 6336
"/Engine/EngineMaterials/Substrate/Glints2/dict_0007_0221" 6337
"/Engine/EngineMaterials/Substrate/Glints2/dict_0007_0222" 6338
"/Engine/EngineMaterials/Substrate/Glints2/dict_0007_0223" 6339
"/Engine/EngineMaterials/Substrate/Glints2/dict_0007_0224" 6340
"/Engine/EngineMaterials/Substrate/Glints2/dict_0007_0225" 6341
"/Engine/EngineMaterials/Substrate/Glints2/dict_0007_0226" 6342
"/Engine/EngineMaterials/Substrate/Glints2/dict_0007_0227" 6343
"/Engine/EngineMaterials/Substrate/Glints2/dict_0007_0228" 6344
"/Engine/EngineMaterials/Substrate/Glints2/dict_0007_0229" 6345
"/Engine/EngineMaterials/Substrate/Glints2/dict_0007_0230" 6346
"/Engine/EngineMaterials/Substrate/Glints2/dict_0007_0214" 6347
"/Engine/EngineMaterials/Substrate/Glints2/dict_0007_0232" 6348
"/Engine/EngineMaterials/Substrate/Glints2/dict_0007_0215" 6349
"/Engine/EngineMaterials/Substrate/Glints2/dict_0007_0217" 6350
"../../../Engine/Content/EngineMaterials/Substrate/Glints2/dict_0007_0199.uasset" 6351
"../../../Engine/Content/EngineMaterials/Substrate/Glints2/dict_0007_0198.uasset" 6352
"../../../Engine/Content/EngineMaterials/Substrate/Glints2/dict_0007_0197.uasset" 6353
"../../../Engine/Content/EngineMaterials/Substrate/Glints2/dict_0007_0190.uasset" 6354
"../../../Engine/Content/EngineMaterials/Substrate/Glints2/dict_0007_0196.uasset" 6355
"../../../Engine/Content/EngineMaterials/Substrate/Glints2/dict_0007_0187.uasset" 6356
"../../../Engine/Content/EngineMaterials/Substrate/Glints2/dict_0007_0184.uasset" 6357
"../../../Engine/Content/EngineMaterials/Substrate/Glints2/dict_0007_0189.uasset" 6358
"../../../Engine/Content/EngineMaterials/Substrate/Glints2/dict_0007_0192.uasset" 6359
"../../../Engine/Content/EngineMaterials/Substrate/Glints2/dict_0007_0194.uasset" 6360
"../../../Engine/Content/EngineMaterials/Substrate/Glints2/dict_0007_0186.uasset" 6361
"../../../Engine/Content/EngineMaterials/Substrate/Glints2/dict_0007_0183.uasset" 6362
"../../../Engine/Content/EngineMaterials/Substrate/Glints2/dict_0007_0185.uasset" 6363
"../../../Engine/Content/EngineMaterials/Substrate/Glints2/dict_0007_0195.uasset" 6364
"../../../Engine/Content/EngineMaterials/Substrate/Glints2/dict_0007_0188.uasset" 6365
"../../../Engine/Content/EngineMaterials/Substrate/Glints2/dict_0007_0191.uasset" 6366
"../../../Engine/Content/EngineMaterials/Substrate/Glints2/dict_0007_0193.uasset" 6367
"/Engine/EngineMaterials/Substrate/Glints2/dict_0007_0200" 6368
"/Engine/EngineMaterials/Substrate/Glints2/dict_0007_0201" 6369
"/Engine/EngineMaterials/Substrate/Glints2/dict_0007_0202" 6370
"/Engine/EngineMaterials/Substrate/Glints2/dict_0007_0203" 6371
"/Engine/EngineMaterials/Substrate/Glints2/dict_0007_0204" 6372
"/Engine/EngineMaterials/Substrate/Glints2/dict_0007_0205" 6373
"/Engine/EngineMaterials/Substrate/Glints2/dict_0007_0206" 6374
"/Engine/EngineMaterials/Substrate/Glints2/dict_0007_0207" 6375
"/Engine/EngineMaterials/Substrate/Glints2/dict_0007_0208" 6376
"/Engine/EngineMaterials/Substrate/Glints2/dict_0007_0209" 6377
"/Engine/EngineMaterials/Substrate/Glints2/dict_0007_0210" 6378
"/Engine/EngineMaterials/Substrate/Glints2/dict_0007_0211" 6379
"/Engine/EngineMaterials/Substrate/Glints2/dict_0007_0212" 6380
"/Engine/EngineMaterials/Substrate/Glints2/dict_0007_0213" 6381
"/Engine/EngineMaterials/Substrate/Glints2/dict_0007_0197" 6382
"/Engine/EngineMaterials/Substrate/Glints2/dict_0007_0198" 6383
"/Engine/EngineMaterials/Substrate/Glints2/dict_0007_0216" 6384
"/Engine/EngineMaterials/Substrate/Glints2/dict_0007_0199" 6385
"../../../Engine/Content/EngineMaterials/Substrate/Glints2/dict_0007_0182.uasset" 6386
"../../../Engine/Content/EngineMaterials/Substrate/Glints2/dict_0007_0179.uasset" 6387
"../../../Engine/Content/EngineMaterials/Substrate/Glints2/dict_0007_0180.uasset" 6388
"../../../Engine/Content/EngineMaterials/Substrate/Glints2/dict_0007_0181.uasset" 6389
"../../../Engine/Content/EngineMaterials/Substrate/Glints2/dict_0007_0170.uasset" 6390
"../../../Engine/Content/EngineMaterials/Substrate/Glints2/dict_0007_0168.uasset" 6391
"../../../Engine/Content/EngineMaterials/Substrate/Glints2/dict_0007_0169.uasset" 6392
"/Engine/EngineMaterials/Substrate/Glints2/dict_0007_0183" 6393
"../../../Engine/Content/EngineMaterials/Substrate/Glints2/dict_0007_0175.uasset" 6394
"../../../Engine/Content/EngineMaterials/Substrate/Glints2/dict_0007_0171.uasset" 6395
"../../../Engine/Content/EngineMaterials/Substrate/Glints2/dict_0007_0177.uasset" 6396
"../../../Engine/Content/EngineMaterials/Substrate/Glints2/dict_0007_0178.uasset" 6397
"../../../Engine/Content/EngineMaterials/Substrate/Glints2/dict_0007_0172.uasset" 6398
"../../../Engine/Content/EngineMaterials/Substrate/Glints2/dict_0007_0173.uasset" 6399
"../../../Engine/Content/EngineMaterials/Substrate/Glints2/dict_0007_0176.uasset" 6400
"../../../Engine/Content/EngineMaterials/Substrate/Glints2/dict_0007_0167.uasset" 6401
"../../../Engine/Content/EngineMaterials/Substrate/Glints2/dict_0007_0166.uasset" 6402
"/Engine/EngineMaterials/Substrate/Glints2/dict_0007_0184" 6403
"../../../Engine/Content/EngineMaterials/Substrate/Glints2/dict_0007_0165.uasset" 6404
"../../../Engine/Content/EngineMaterials/Substrate/Glints2/dict_0007_0174.uasset" 6405
"/Engine/EngineMaterials/Substrate/Glints2/dict_0007_0185" 6406
"/Engine/EngineMaterials/Substrate/Glints2/dict_0007_0186" 6407
"/Engine/EngineMaterials/Substrate/Glints2/dict_0007_0187" 6408
"/Engine/EngineMaterials/Substrate/Glints2/dict_0007_0188" 6409
"/Engine/EngineMaterials/Substrate/Glints2/dict_0007_0189" 6410
"/Engine/EngineMaterials/Substrate/Glints2/dict_0007_0190" 6411
"/Engine/EngineMaterials/Substrate/Glints2/dict_0007_0191" 6412
"/Engine/EngineMaterials/Substrate/Glints2/dict_0007_0192" 6413
"/Engine/EngineMaterials/Substrate/Glints2/dict_0007_0193" 6414
"/Engine/EngineMaterials/Substrate/Glints2/dict_0007_0194" 6415
"/Engine/EngineMaterials/Substrate/Glints2/dict_0007_0195" 6416
"/Engine/EngineMaterials/Substrate/Glints2/dict_0007_0196" 6417
"/Engine/EngineMaterials/Substrate/Glints2/dict_0007_0179" 6418
"/Engine/EngineMaterials/Substrate/Glints2/dict_0007_0180" 6419
"/Engine/EngineMaterials/Substrate/Glints2/dict_0007_0182" 6420
"../../../Engine/Content/EngineMaterials/Substrate/Glints2/dict_0007_0164.uasset" 6421
"../../../Engine/Content/EngineMaterials/Substrate/Glints2/dict_0007_0162.uasset" 6422
"../../../Engine/Content/EngineMaterials/Substrate/Glints2/dict_0007_0163.uasset" 6423
"../../../Engine/Content/EngineMaterials/Substrate/Glints2/dict_0007_0160.uasset" 6424
"../../../Engine/Content/EngineMaterials/Substrate/Glints2/dict_0007_0161.uasset" 6425
"../../../Engine/Content/EngineMaterials/Substrate/Glints2/dict_0007_0158.uasset" 6426
"../../../Engine/Content/EngineMaterials/Substrate/Glints2/dict_0007_0155.uasset" 6427
"../../../Engine/Content/EngineMaterials/Substrate/Glints2/dict_0007_0152.uasset" 6428
"../../../Engine/Content/EngineMaterials/Substrate/Glints2/dict_0007_0156.uasset" 6429
"/Engine/EngineMaterials/Substrate/Glints2/dict_0007_0165" 6430
"../../../Engine/Content/EngineMaterials/Substrate/Glints2/dict_0007_0154.uasset" 6431
"../../../Engine/Content/EngineMaterials/Substrate/Glints2/dict_0007_0153.uasset" 6432
"../../../Engine/Content/EngineMaterials/Substrate/Glints2/dict_0007_0157.uasset" 6433
"../../../Engine/Content/EngineMaterials/Substrate/Glints2/dict_0007_0149.uasset" 6434
"../../../Engine/Content/EngineMaterials/Substrate/Glints2/dict_0007_0151.uasset" 6435
"../../../Engine/Content/EngineMaterials/Substrate/Glints2/dict_0007_0159.uasset" 6436
"../../../Engine/Content/EngineMaterials/Substrate/Glints2/dict_0007_0148.uasset" 6437
"../../../Engine/Content/EngineMaterials/Substrate/Glints2/dict_0007_0150.uasset" 6438
"/Engine/EngineMaterials/Substrate/Glints2/dict_0007_0166" 6439
"/Engine/EngineMaterials/Substrate/Glints2/dict_0007_0167" 6440
"/Engine/EngineMaterials/Substrate/Glints2/dict_0007_0168" 6441
"/Engine/EngineMaterials/Substrate/Glints2/dict_0007_0169" 6442
"/Engine/EngineMaterials/Substrate/Glints2/dict_0007_0170" 6443
"/Engine/EngineMaterials/Substrate/Glints2/dict_0007_0171" 6444
"/Engine/EngineMaterials/Substrate/Glints2/dict_0007_0172" 6445
"/Engine/EngineMaterials/Substrate/Glints2/dict_0007_0173" 6446
"/Engine/EngineMaterials/Substrate/Glints2/dict_0007_0174" 6447
"/Engine/EngineMaterials/Substrate/Glints2/dict_0007_0175" 6448
"/Engine/EngineMaterials/Substrate/Glints2/dict_0007_0176" 6449
"/Engine/EngineMaterials/Substrate/Glints2/dict_0007_0177" 6450
"/Engine/EngineMaterials/Substrate/Glints2/dict_0007_0178" 6451
"/Engine/EngineMaterials/Substrate/Glints2/dict_0007_0160" 6452
"/Engine/EngineMaterials/Substrate/Glints2/dict_0007_0161" 6453
"/Engine/EngineMaterials/Substrate/Glints2/dict_0007_0162" 6454
"/Engine/EngineMaterials/Substrate/Glints2/dict_0007_0163" 6455
"/Engine/EngineMaterials/Substrate/Glints2/dict_0007_0181" 6456
"/Engine/EngineMaterials/Substrate/Glints2/dict_0007_0164" 6457
"../../../Engine/Content/EngineMaterials/Substrate/Glints2/dict_0007_0146.uasset" 6458
"../../../Engine/Content/EngineMaterials/Substrate/Glints2/dict_0007_0147.uasset" 6459
"../../../Engine/Content/EngineMaterials/Substrate/Glints2/dict_0007_0145.uasset" 6460
"../../../Engine/Content/EngineMaterials/Substrate/Glints2/dict_0007_0142.uasset" 6461
"../../../Engine/Content/EngineMaterials/Substrate/Glints2/dict_0007_0144.uasset" 6462
"../../../Engine/Content/EngineMaterials/Substrate/Glints2/dict_0007_0141.uasset" 6463
"../../../Engine/Content/EngineMaterials/Substrate/Glints2/dict_0007_0136.uasset" 6464
"../../../Engine/Content/EngineMaterials/Substrate/Glints2/dict_0007_0135.uasset" 6465
"../../../Engine/Content/EngineMaterials/Substrate/Glints2/dict_0007_0131.uasset" 6466
"../../../Engine/Content/EngineMaterials/Substrate/Glints2/dict_0007_0137.uasset" 6467
"/Engine/EngineMaterials/Substrate/Glints2/dict_0007_0148" 6468
"../../../Engine/Content/EngineMaterials/Substrate/Glints2/dict_0007_0143.uasset" 6469
"../../../Engine/Content/EngineMaterials/Substrate/Glints2/dict_0007_0130.uasset" 6470
"../../../Engine/Content/EngineMaterials/Substrate/Glints2/dict_0007_0134.uasset" 6471
"../../../Engine/Content/EngineMaterials/Substrate/Glints2/dict_0007_0139.uasset" 6472
"../../../Engine/Content/EngineMaterials/Substrate/Glints2/dict_0007_0138.uasset" 6473
"../../../Engine/Content/EngineMaterials/Substrate/Glints2/dict_0007_0133.uasset" 6474
"../../../Engine/Content/EngineMaterials/Substrate/Glints2/dict_0007_0128.uasset" 6475
"../../../Engine/Content/EngineMaterials/Substrate/Glints2/dict_0007_0129.uasset" 6476
"../../../Engine/Content/EngineMaterials/Substrate/Glints2/dict_0007_0140.uasset" 6477
"/Engine/EngineMaterials/Substrate/Glints2/dict_0007_0149" 6478
"../../../Engine/Content/EngineMaterials/Substrate/Glints2/dict_0007_0132.uasset" 6479
"/Engine/EngineMaterials/Substrate/Glints2/dict_0007_0150" 6480
"/Engine/EngineMaterials/Substrate/Glints2/dict_0007_0151" 6481
"/Engine/EngineMaterials/Substrate/Glints2/dict_0007_0152" 6482
"/Engine/EngineMaterials/Substrate/Glints2/dict_0007_0153" 6483
"/Engine/EngineMaterials/Substrate/Glints2/dict_0007_0154" 6484
"/Engine/EngineMaterials/Substrate/Glints2/dict_0007_0155" 6485
"/Engine/EngineMaterials/Substrate/Glints2/dict_0007_0156" 6486
"/Engine/EngineMaterials/Substrate/Glints2/dict_0007_0157" 6487
"/Engine/EngineMaterials/Substrate/Glints2/dict_0007_0158" 6488
"/Engine/EngineMaterials/Substrate/Glints2/dict_0007_0159" 6489
"/Engine/EngineMaterials/Substrate/Glints2/dict_0007_0142" 6490
"/Engine/EngineMaterials/Substrate/Glints2/dict_0007_0144" 6491
"/Engine/EngineMaterials/Substrate/Glints2/dict_0007_0145" 6492
"/Engine/EngineMaterials/Substrate/Glints2/dict_0007_0146" 6493
"/Engine/EngineMaterials/Substrate/Glints2/dict_0007_0147" 6494
"../../../Engine/Content/EngineMaterials/Substrate/Glints2/dict_0007_0127.uasset" 6495
"../../../Engine/Content/EngineMaterials/Substrate/Glints2/dict_0007_0124.uasset" 6496
"../../../Engine/Content/EngineMaterials/Substrate/Glints2/dict_0007_0126.uasset" 6497
"../../../Engine/Content/EngineMaterials/Substrate/Glints2/dict_0007_0122.uasset" 6498
"../../../Engine/Content/EngineMaterials/Substrate/Glints2/dict_0007_0125.uasset" 6499
"../../../Engine/Content/EngineMaterials/Substrate/Glints2/dict_0007_0116.uasset" 6500
"../../../Engine/Content/EngineMaterials/Substrate/Glints2/dict_0007_0111.uasset" 6501
"../../../Engine/Content/EngineMaterials/Substrate/Glints2/dict_0007_0113.uasset" 6502
"../../../Engine/Content/EngineMaterials/Substrate/Glints2/dict_0007_0112.uasset" 6503
"../../../Engine/Content/EngineMaterials/Substrate/Glints2/dict_0007_0123.uasset" 6504
"../../../Engine/Content/EngineMaterials/Substrate/Glints2/dict_0007_0117.uasset" 6505
"/Engine/EngineMaterials/Substrate/Glints2/dict_0007_0128" 6506
"../../../Engine/Content/EngineMaterials/Substrate/Glints2/dict_0007_0114.uasset" 6507
"../../../Engine/Content/EngineMaterials/Substrate/Glints2/dict_0007_0118.uasset" 6508
"../../../Engine/Content/EngineMaterials/Substrate/Glints2/dict_0007_0115.uasset" 6509
"../../../Engine/Content/EngineMaterials/Substrate/Glints2/dict_0007_0119.uasset" 6510
"../../../Engine/Content/EngineMaterials/Substrate/Glints2/dict_0007_0121.uasset" 6511
"../../../Engine/Content/EngineMaterials/Substrate/Glints2/dict_0007_0120.uasset" 6512
"/Engine/EngineMaterials/Substrate/Glints2/dict_0007_0129" 6513
"/Engine/EngineMaterials/Substrate/Glints2/dict_0007_0130" 6514
"/Engine/EngineMaterials/Substrate/Glints2/dict_0007_0131" 6515
"/Engine/EngineMaterials/Substrate/Glints2/dict_0007_0132" 6516
"/Engine/EngineMaterials/Substrate/Glints2/dict_0007_0133" 6517
"/Engine/EngineMaterials/Substrate/Glints2/dict_0007_0134" 6518
"/Engine/EngineMaterials/Substrate/Glints2/dict_0007_0135" 6519
"/Engine/EngineMaterials/Substrate/Glints2/dict_0007_0136" 6520
"/Engine/EngineMaterials/Substrate/Glints2/dict_0007_0137" 6521
"/Engine/EngineMaterials/Substrate/Glints2/dict_0007_0138" 6522
"/Engine/EngineMaterials/Substrate/Glints2/dict_0007_0139" 6523
"/Engine/EngineMaterials/Substrate/Glints2/dict_0007_0140" 6524
"/Engine/EngineMaterials/Substrate/Glints2/dict_0007_0141" 6525
"/Engine/EngineMaterials/Substrate/Glints2/dict_0007_0143" 6526
"/Engine/EngineMaterials/Substrate/Glints2/dict_0007_0124" 6527
"/Engine/EngineMaterials/Substrate/Glints2/dict_0007_0126" 6528
"/Engine/EngineMaterials/Substrate/Glints2/dict_0007_0127" 6529
"../../../Engine/Content/EngineMaterials/Substrate/Glints2/dict_0007_0109.uasset" 6530
"../../../Engine/Content/EngineMaterials/Substrate/Glints2/dict_0007_0108.uasset" 6531
"../../../Engine/Content/EngineMaterials/Substrate/Glints2/dict_0007_0110.uasset" 6532
"../../../Engine/Content/EngineMaterials/Substrate/Glints2/dict_0007_0104.uasset" 6533
"../../../Engine/Content/EngineMaterials/Substrate/Glints2/dict_0007_0103.uasset" 6534
"../../../Engine/Content/EngineMaterials/Substrate/Glints2/dict_0007_0101.uasset" 6535
"../../../Engine/Content/EngineMaterials/Substrate/Glints2/dict_0007_0100.uasset" 6536
"../../../Engine/Content/EngineMaterials/Substrate/Glints2/dict_0007_0098.uasset" 6537
"../../../Engine/Content/EngineMaterials/Substrate/Glints2/dict_0007_0096.uasset" 6538
"../../../Engine/Content/EngineMaterials/Substrate/Glints2/dict_0007_0094.uasset" 6539
"../../../Engine/Content/EngineMaterials/Substrate/Glints2/dict_0007_0102.uasset" 6540
"../../../Engine/Content/EngineMaterials/Substrate/Glints2/dict_0007_0107.uasset" 6541
"../../../Engine/Content/EngineMaterials/Substrate/Glints2/dict_0007_0099.uasset" 6542
"../../../Engine/Content/EngineMaterials/Substrate/Glints2/dict_0007_0097.uasset" 6543
"../../../Engine/Content/EngineMaterials/Substrate/Glints2/dict_0007_0095.uasset" 6544
"../../../Engine/Content/EngineMaterials/Substrate/Glints2/dict_0007_0106.uasset" 6545
"../../../Engine/Content/EngineMaterials/Substrate/Glints2/dict_0007_0093.uasset" 6546
"/Engine/EngineMaterials/Substrate/Glints2/dict_0007_0111" 6547
"../../../Engine/Content/EngineMaterials/Substrate/Glints2/dict_0007_0105.uasset" 6548
"/Engine/EngineMaterials/Substrate/Glints2/dict_0007_0112" 6549
"/Engine/EngineMaterials/Substrate/Glints2/dict_0007_0113" 6550
"/Engine/EngineMaterials/Substrate/Glints2/dict_0007_0114" 6551
"/Engine/EngineMaterials/Substrate/Glints2/dict_0007_0115" 6552
"/Engine/EngineMaterials/Substrate/Glints2/dict_0007_0116" 6553
"/Engine/EngineMaterials/Substrate/Glints2/dict_0007_0117" 6554
"/Engine/EngineMaterials/Substrate/Glints2/dict_0007_0118" 6555
"/Engine/EngineMaterials/Substrate/Glints2/dict_0007_0119" 6556
"/Engine/EngineMaterials/Substrate/Glints2/dict_0007_0120" 6557
"/Engine/EngineMaterials/Substrate/Glints2/dict_0007_0121" 6558
"/Engine/EngineMaterials/Substrate/Glints2/dict_0007_0122" 6559
"/Engine/EngineMaterials/Substrate/Glints2/dict_0007_0123" 6560
"/Engine/EngineMaterials/Substrate/Glints2/dict_0007_0108" 6561
"/Engine/EngineMaterials/Substrate/Glints2/dict_0007_0125" 6562
"/Engine/EngineMaterials/Substrate/Glints2/dict_0007_0109" 6563
"/Engine/EngineMaterials/Substrate/Glints2/dict_0007_0110" 6564
"../../../Engine/Content/EngineMaterials/Substrate/Glints2/dict_0007_0091.uasset" 6565
"../../../Engine/Content/EngineMaterials/Substrate/Glints2/dict_0007_0092.uasset" 6566
"../../../Engine/Content/EngineMaterials/Substrate/Glints2/dict_0007_0090.uasset" 6567
"../../../Engine/Content/EngineMaterials/Substrate/Glints2/dict_0007_0089.uasset" 6568
"../../../Engine/Content/EngineMaterials/Substrate/Glints2/dict_0007_0086.uasset" 6569
"../../../Engine/Content/EngineMaterials/Substrate/Glints2/dict_0007_0084.uasset" 6570
"../../../Engine/Content/EngineMaterials/Substrate/Glints2/dict_0007_0079.uasset" 6571
"../../../Engine/Content/EngineMaterials/Substrate/Glints2/dict_0007_0077.uasset" 6572
"../../../Engine/Content/EngineMaterials/Substrate/Glints2/dict_0007_0076.uasset" 6573
"../../../Engine/Content/EngineMaterials/Substrate/Glints2/dict_0007_0088.uasset" 6574
"../../../Engine/Content/EngineMaterials/Substrate/Glints2/dict_0007_0078.uasset" 6575
"/Engine/EngineMaterials/Substrate/Glints2/dict_0007_0093" 6576
"../../../Engine/Content/EngineMaterials/Substrate/Glints2/dict_0007_0082.uasset" 6577
"../../../Engine/Content/EngineMaterials/Substrate/Glints2/dict_0007_0081.uasset" 6578
"../../../Engine/Content/EngineMaterials/Substrate/Glints2/dict_0007_0080.uasset" 6579
"../../../Engine/Content/EngineMaterials/Substrate/Glints2/dict_0007_0087.uasset" 6580
"../../../Engine/Content/EngineMaterials/Substrate/Glints2/dict_0007_0085.uasset" 6581
"../../../Engine/Content/EngineMaterials/Substrate/Glints2/dict_0007_0083.uasset" 6582
"/Engine/EngineMaterials/Substrate/Glints2/dict_0007_0094" 6583
"/Engine/EngineMaterials/Substrate/Glints2/dict_0007_0095" 6584
"/Engine/EngineMaterials/Substrate/Glints2/dict_0007_0096" 6585
"/Engine/EngineMaterials/Substrate/Glints2/dict_0007_0097" 6586
"/Engine/EngineMaterials/Substrate/Glints2/dict_0007_0098" 6587
"/Engine/EngineMaterials/Substrate/Glints2/dict_0007_0099" 6588
"/Engine/EngineMaterials/Substrate/Glints2/dict_0007_0100" 6589
"/Engine/EngineMaterials/Substrate/Glints2/dict_0007_0101" 6590
"/Engine/EngineMaterials/Substrate/Glints2/dict_0007_0102" 6591
"/Engine/EngineMaterials/Substrate/Glints2/dict_0007_0103" 6592
"/Engine/EngineMaterials/Substrate/Glints2/dict_0007_0104" 6593
"/Engine/EngineMaterials/Substrate/Glints2/dict_0007_0105" 6594
"/Engine/EngineMaterials/Substrate/Glints2/dict_0007_0106" 6595
"/Engine/EngineMaterials/Substrate/Glints2/dict_0007_0107" 6596
"/Engine/EngineMaterials/Substrate/Glints2/dict_0007_0090" 6597
"/Engine/EngineMaterials/Substrate/Glints2/dict_0007_0091" 6598
"/Engine/EngineMaterials/Substrate/Glints2/dict_0007_0092" 6599
"../../../Engine/Content/EngineMaterials/Substrate/Glints2/dict_0007_0075.uasset" 6600
"../../../Engine/Content/EngineMaterials/Substrate/Glints2/dict_0007_0074.uasset" 6601
"../../../Engine/Content/EngineMaterials/Substrate/Glints2/dict_0007_0072.uasset" 6602
"../../../Engine/Content/EngineMaterials/Substrate/Glints2/dict_0007_0069.uasset" 6603
"../../../Engine/Content/EngineMaterials/Substrate/Glints2/dict_0007_0068.uasset" 6604
"../../../Engine/Content/EngineMaterials/Substrate/Glints2/dict_0007_0066.uasset" 6605
"../../../Engine/Content/EngineMaterials/Substrate/Glints2/dict_0007_0073.uasset" 6606
"../../../Engine/Content/EngineMaterials/Substrate/Glints2/dict_0007_0063.uasset" 6607
"../../../Engine/Content/EngineMaterials/Substrate/Glints2/dict_0007_0059.uasset" 6608
"../../../Engine/Content/EngineMaterials/Substrate/Glints2/dict_0007_0058.uasset" 6609
"../../../Engine/Content/EngineMaterials/Substrate/Glints2/dict_0007_0064.uasset" 6610
"../../../Engine/Content/EngineMaterials/Substrate/Glints2/dict_0007_0065.uasset" 6611
"../../../Engine/Content/EngineMaterials/Substrate/Glints2/dict_0007_0070.uasset" 6612
"../../../Engine/Content/EngineMaterials/Substrate/Glints2/dict_0007_0067.uasset" 6613
"/Engine/EngineMaterials/Substrate/Glints2/dict_0007_0076" 6614
"../../../Engine/Content/EngineMaterials/Substrate/Glints2/dict_0007_0060.uasset" 6615
"../../../Engine/Content/EngineMaterials/Substrate/Glints2/dict_0007_0061.uasset" 6616
"../../../Engine/Content/EngineMaterials/Substrate/Glints2/dict_0007_0062.uasset" 6617
"../../../Engine/Content/EngineMaterials/Substrate/Glints2/dict_0007_0071.uasset" 6618
"/Engine/EngineMaterials/Substrate/Glints2/dict_0007_0077" 6619
"/Engine/EngineMaterials/Substrate/Glints2/dict_0007_0078" 6620
"/Engine/EngineMaterials/Substrate/Glints2/dict_0007_0079" 6621
"/Engine/EngineMaterials/Substrate/Glints2/dict_0007_0080" 6622
"/Engine/EngineMaterials/Substrate/Glints2/dict_0007_0081" 6623
"/Engine/EngineMaterials/Substrate/Glints2/dict_0007_0082" 6624
"/Engine/EngineMaterials/Substrate/Glints2/dict_0007_0083" 6625
"/Engine/EngineMaterials/Substrate/Glints2/dict_0007_0084" 6626
"/Engine/EngineMaterials/Substrate/Glints2/dict_0007_0085" 6627
"/Engine/EngineMaterials/Substrate/Glints2/dict_0007_0086" 6628
"/Engine/EngineMaterials/Substrate/Glints2/dict_0007_0087" 6629
"/Engine/EngineMaterials/Substrate/Glints2/dict_0007_0088" 6630
"/Engine/EngineMaterials/Substrate/Glints2/dict_0007_0072" 6631
"/Engine/EngineMaterials/Substrate/Glints2/dict_0007_0089" 6632
"/Engine/EngineMaterials/Substrate/Glints2/dict_0007_0074" 6633
"/Engine/EngineMaterials/Substrate/Glints2/dict_0007_0075" 6634
"../../../Engine/Content/EngineMaterials/Substrate/Glints2/dict_0007_0057.uasset" 6635
"../../../Engine/Content/EngineMaterials/Substrate/Glints2/dict_0007_0055.uasset" 6636
"../../../Engine/Content/EngineMaterials/Substrate/Glints2/dict_0007_0056.uasset" 6637
"../../../Engine/Content/EngineMaterials/Substrate/Glints2/dict_0007_0052.uasset" 6638
"../../../Engine/Content/EngineMaterials/Substrate/Glints2/dict_0007_0050.uasset" 6639
"../../../Engine/Content/EngineMaterials/Substrate/Glints2/dict_0007_0048.uasset" 6640
"../../../Engine/Content/EngineMaterials/Substrate/Glints2/dict_0007_0047.uasset" 6641
"../../../Engine/Content/EngineMaterials/Substrate/Glints2/dict_0007_0044.uasset" 6642
"../../../Engine/Content/EngineMaterials/Substrate/Glints2/dict_0007_0042.uasset" 6643
"/Engine/EngineMaterials/Substrate/Glints2/dict_0007_0058" 6644
"../../../Engine/Content/EngineMaterials/Substrate/Glints2/dict_0007_0054.uasset" 6645
"../../../Engine/Content/EngineMaterials/Substrate/Glints2/dict_0007_0053.uasset" 6646
"../../../Engine/Content/EngineMaterials/Substrate/Glints2/dict_0007_0045.uasset" 6647
"../../../Engine/Content/EngineMaterials/Substrate/Glints2/dict_0007_0046.uasset" 6648
"../../../Engine/Content/EngineMaterials/Substrate/Glints2/dict_0007_0051.uasset" 6649
"../../../Engine/Content/EngineMaterials/Substrate/Glints2/dict_0007_0043.uasset" 6650
"../../../Engine/Content/EngineMaterials/Substrate/Glints2/dict_0007_0049.uasset" 6651
"../../../Engine/Content/EngineMaterials/Substrate/Glints2/dict_0007_0041.uasset" 6652
"/Engine/EngineMaterials/Substrate/Glints2/dict_0007_0059" 6653
"/Engine/EngineMaterials/Substrate/Glints2/dict_0007_0060" 6654
"/Engine/EngineMaterials/Substrate/Glints2/dict_0007_0061" 6655
"/Engine/EngineMaterials/Substrate/Glints2/dict_0007_0062" 6656
"/Engine/EngineMaterials/Substrate/Glints2/dict_0007_0063" 6657
"/Engine/EngineMaterials/Substrate/Glints2/dict_0007_0064" 6658
"/Engine/EngineMaterials/Substrate/Glints2/dict_0007_0065" 6659
"/Engine/EngineMaterials/Substrate/Glints2/dict_0007_0066" 6660
"/Engine/EngineMaterials/Substrate/Glints2/dict_0007_0067" 6661
"/Engine/EngineMaterials/Substrate/Glints2/dict_0007_0068" 6662
"/Engine/EngineMaterials/Substrate/Glints2/dict_0007_0069" 6663
"/Engine/EngineMaterials/Substrate/Glints2/dict_0007_0070" 6664
"/Engine/EngineMaterials/Substrate/Glints2/dict_0007_0071" 6665
"/Engine/EngineMaterials/Substrate/Glints2/dict_0007_0052" 6666
"/Engine/EngineMaterials/Substrate/Glints2/dict_0007_0055" 6667
"/Engine/EngineMaterials/Substrate/Glints2/dict_0007_0073" 6668
"/Engine/EngineMaterials/Substrate/Glints2/dict_0007_0056" 6669
"/Engine/EngineMaterials/Substrate/Glints2/dict_0007_0057" 6670
"../../../Engine/Content/EngineMaterials/Substrate/Glints2/dict_0007_0040.uasset" 6671
"../../../Engine/Content/EngineMaterials/Substrate/Glints2/dict_0007_0039.uasset" 6672
"../../../Engine/Content/EngineMaterials/Substrate/Glints2/dict_0007_0037.uasset" 6673
"../../../Engine/Content/EngineMaterials/Substrate/Glints2/dict_0007_0038.uasset" 6674
"../../../Engine/Content/EngineMaterials/Substrate/Glints2/dict_0007_0033.uasset" 6675
"../../../Engine/Content/EngineMaterials/Substrate/Glints2/dict_0007_0032.uasset" 6676
"../../../Engine/Content/EngineMaterials/Substrate/Glints2/dict_0007_0028.uasset" 6677
"../../../Engine/Content/EngineMaterials/Substrate/Glints2/dict_0007_0030.uasset" 6678
"../../../Engine/Content/EngineMaterials/Substrate/Glints2/dict_0007_0035.uasset" 6679
"../../../Engine/Content/EngineMaterials/Substrate/Glints2/dict_0007_0025.uasset" 6680
"../../../Engine/Content/EngineMaterials/Substrate/Glints2/dict_0007_0023.uasset" 6681
"../../../Engine/Content/EngineMaterials/Substrate/Glints2/dict_0007_0029.uasset" 6682
"../../../Engine/Content/EngineMaterials/Substrate/Glints2/dict_0007_0036.uasset" 6683
"../../../Engine/Content/EngineMaterials/Substrate/Glints2/dict_0007_0024.uasset" 6684
"../../../Engine/Content/EngineMaterials/Substrate/Glints2/dict_0007_0027.uasset" 6685
"/Engine/EngineMaterials/Substrate/Glints2/dict_0007_0041" 6686
"../../../Engine/Content/EngineMaterials/Substrate/Glints2/dict_0007_0026.uasset" 6687
"../../../Engine/Content/EngineMaterials/Substrate/Glints2/dict_0007_0031.uasset" 6688
"../../../Engine/Content/EngineMaterials/Substrate/Glints2/dict_0007_0034.uasset" 6689
"../../../Engine/Content/EngineMaterials/Substrate/Glints2/dict_0007_0022.uasset" 6690
"/Engine/EngineMaterials/Substrate/Glints2/dict_0007_0042" 6691
"/Engine/EngineMaterials/Substrate/Glints2/dict_0007_0043" 6692
"/Engine/EngineMaterials/Substrate/Glints2/dict_0007_0044" 6693
"/Engine/EngineMaterials/Substrate/Glints2/dict_0007_0045" 6694
"/Engine/EngineMaterials/Substrate/Glints2/dict_0007_0046" 6695
"/Engine/EngineMaterials/Substrate/Glints2/dict_0007_0047" 6696
"/Engine/EngineMaterials/Substrate/Glints2/dict_0007_0048" 6697
"/Engine/EngineMaterials/Substrate/Glints2/dict_0007_0049" 6698
"/Engine/EngineMaterials/Substrate/Glints2/dict_0007_0050" 6699
"/Engine/EngineMaterials/Substrate/Glints2/dict_0007_0051" 6700
"/Engine/EngineMaterials/Substrate/Glints2/dict_0007_0053" 6701
"/Engine/EngineMaterials/Substrate/Glints2/dict_0007_0054" 6702
"/Engine/EngineMaterials/Substrate/Glints2/dict_0007_0037" 6703
"/Engine/EngineMaterials/Substrate/Glints2/dict_0007_0038" 6704
"/Engine/EngineMaterials/Substrate/Glints2/dict_0007_0039" 6705
"/Engine/EngineMaterials/Substrate/Glints2/dict_0007_0040" 6706
"../../../Engine/Content/EngineMaterials/Substrate/Glints2/dict_0007_0021.uasset" 6707
"../../../Engine/Content/EngineMaterials/Substrate/Glints2/dict_0007_0020.uasset" 6708
"../../../Engine/Content/EngineMaterials/Substrate/Glints2/dict_0007_0017.uasset" 6709
"../../../Engine/Content/EngineMaterials/Substrate/Glints2/dict_0007_0018.uasset" 6710
"../../../Engine/Content/EngineMaterials/Substrate/Glints2/dict_0007_0016.uasset" 6711
"../../../Engine/Content/EngineMaterials/Substrate/Glints2/dict_0007_0011.uasset" 6712
"../../../Engine/Content/EngineMaterials/Substrate/Glints2/dict_0007_0010.uasset" 6713
"../../../Engine/Content/EngineMaterials/Substrate/Glints2/dict_0007_0015.uasset" 6714
"../../../Engine/Content/EngineMaterials/Substrate/Glints2/dict_0007_0007.uasset" 6715
"../../../Engine/Content/EngineMaterials/Substrate/Glints2/dict_0007_0005.uasset" 6716
"/Engine/EngineMaterials/Substrate/Glints2/dict_0007_0022" 6717
"../../../Engine/Content/EngineMaterials/Substrate/Glints2/dict_0007_0008.uasset" 6718
"../../../Engine/Content/EngineMaterials/Substrate/Glints2/dict_0007_0019.uasset" 6719
"../../../Engine/Content/EngineMaterials/Substrate/Glints2/dict_0007_0006.uasset" 6720
"../../../Engine/Content/EngineMaterials/Substrate/Glints2/dict_0007_0009.uasset" 6721
"../../../Engine/Content/EngineMaterials/Substrate/Glints2/dict_0007_0012.uasset" 6722
"../../../Engine/Content/EngineMaterials/Substrate/Glints2/dict_0007_0014.uasset" 6723
"../../../Engine/Content/EngineMaterials/Substrate/Glints2/dict_0007_0013.uasset" 6724
"/Engine/EngineMaterials/Substrate/Glints2/dict_0007_0023" 6725
"/Engine/EngineMaterials/Substrate/Glints2/dict_0007_0024" 6726
"/Engine/EngineMaterials/Substrate/Glints2/dict_0007_0025" 6727
"/Engine/EngineMaterials/Substrate/Glints2/dict_0007_0026" 6728
"/Engine/EngineMaterials/Substrate/Glints2/dict_0007_0027" 6729
"/Engine/EngineMaterials/Substrate/Glints2/dict_0007_0028" 6730
"/Engine/EngineMaterials/Substrate/Glints2/dict_0007_0029" 6731
"/Engine/EngineMaterials/Substrate/Glints2/dict_0007_0030" 6732
"/Engine/EngineMaterials/Substrate/Glints2/dict_0007_0031" 6733
"/Engine/EngineMaterials/Substrate/Glints2/dict_0007_0032" 6734
"/Engine/EngineMaterials/Substrate/Glints2/dict_0007_0033" 6735
"/Engine/EngineMaterials/Substrate/Glints2/dict_0007_0034" 6736
"/Engine/EngineMaterials/Substrate/Glints2/dict_0007_0035" 6737
"/Engine/EngineMaterials/Substrate/Glints2/dict_0007_0036" 6738
"/Engine/EngineMaterials/Substrate/Glints2/dict_0007_0016" 6739
"/Engine/EngineMaterials/Substrate/Glints2/dict_0007_0017" 6740
"/Engine/EngineMaterials/Substrate/Glints2/dict_0007_0018" 6741
"/Engine/EngineMaterials/Substrate/Glints2/dict_0007_0020" 6742
"/Engine/EngineMaterials/Substrate/Glints2/dict_0007_0021" 6743
"../../../Engine/Content/EngineMaterials/Substrate/Glints2/dict_0007_0004.uasset" 6744
"../../../Engine/Content/EngineMaterials/Substrate/Glints2/dict_0007_0003.uasset" 6745
"../../../Engine/Content/EngineMaterials/Substrate/Glints2/dict_0007_0002.uasset" 6746
"../../../Engine/Content/EngineMaterials/Substrate/Glints2/dict_0006_0255.uasset" 6747
"../../../Engine/Content/EngineMaterials/Substrate/Glints2/dict_0006_0253.uasset" 6748
"../../../Engine/Content/EngineMaterials/Substrate/Glints2/dict_0006_0247.uasset" 6749
"../../../Engine/Content/EngineMaterials/Substrate/Glints2/dict_0006_0244.uasset" 6750
"/Engine/EngineMaterials/Substrate/Glints2/dict_0007_0005" 6751
"../../../Engine/Content/EngineMaterials/Substrate/Glints2/dict_0006_0248.uasset" 6752
"../../../Engine/Content/EngineMaterials/Substrate/Glints2/dict_0006_0242.uasset" 6753
"../../../Engine/Content/EngineMaterials/Substrate/Glints2/dict_0006_0249.uasset" 6754
"../../../Engine/Content/EngineMaterials/Substrate/Glints2/dict_0006_0250.uasset" 6755
"../../../Engine/Content/EngineMaterials/Substrate/Glints2/dict_0006_0245.uasset" 6756
"../../../Engine/Content/EngineMaterials/Substrate/Glints2/dict_0006_0252.uasset" 6757
"../../../Engine/Content/EngineMaterials/Substrate/Glints2/dict_0006_0241.uasset" 6758
"../../../Engine/Content/EngineMaterials/Substrate/Glints2/dict_0007_0001.uasset" 6759
"/Engine/EngineMaterials/Substrate/Glints2/dict_0007_0006" 6760
"../../../Engine/Content/EngineMaterials/Substrate/Glints2/dict_0006_0243.uasset" 6761
"../../../Engine/Content/EngineMaterials/Substrate/Glints2/dict_0006_0246.uasset" 6762
"../../../Engine/Content/EngineMaterials/Substrate/Glints2/dict_0007_0000.uasset" 6763
"../../../Engine/Content/EngineMaterials/Substrate/Glints2/dict_0006_0254.uasset" 6764
"../../../Engine/Content/EngineMaterials/Substrate/Glints2/dict_0006_0251.uasset" 6765
"/Engine/EngineMaterials/Substrate/Glints2/dict_0007_0007" 6766
"/Engine/EngineMaterials/Substrate/Glints2/dict_0007_0008" 6767
"/Engine/EngineMaterials/Substrate/Glints2/dict_0007_0009" 6768
"/Engine/EngineMaterials/Substrate/Glints2/dict_0007_0010" 6769
"/Engine/EngineMaterials/Substrate/Glints2/dict_0007_0011" 6770
"/Engine/EngineMaterials/Substrate/Glints2/dict_0007_0012" 6771
"/Engine/EngineMaterials/Substrate/Glints2/dict_0007_0013" 6772
"/Engine/EngineMaterials/Substrate/Glints2/dict_0007_0014" 6773
"/Engine/EngineMaterials/Substrate/Glints2/dict_0007_0015" 6774
"/Engine/EngineMaterials/Substrate/Glints2/dict_0007_0002" 6775
"/Engine/EngineMaterials/Substrate/Glints2/dict_0007_0019" 6776
"/Engine/EngineMaterials/Substrate/Glints2/dict_0007_0003" 6777
"/Engine/EngineMaterials/Substrate/Glints2/dict_0007_0004" 6778
"../../../Engine/Content/EngineMaterials/Substrate/Glints2/dict_0006_0240.uasset" 6779
"../../../Engine/Content/EngineMaterials/Substrate/Glints2/dict_0006_0239.uasset" 6780
"../../../Engine/Content/EngineMaterials/Substrate/Glints2/dict_0006_0237.uasset" 6781
"../../../Engine/Content/EngineMaterials/Substrate/Glints2/dict_0006_0236.uasset" 6782
"../../../Engine/Content/EngineMaterials/Substrate/Glints2/dict_0006_0234.uasset" 6783
"../../../Engine/Content/EngineMaterials/Substrate/Glints2/dict_0006_0230.uasset" 6784
"../../../Engine/Content/EngineMaterials/Substrate/Glints2/dict_0006_0235.uasset" 6785
"../../../Engine/Content/EngineMaterials/Substrate/Glints2/dict_0006_0238.uasset" 6786
"../../../Engine/Content/EngineMaterials/Substrate/Glints2/dict_0006_0227.uasset" 6787
"/Engine/EngineMaterials/Substrate/Glints2/dict_0006_0241" 6788
"../../../Engine/Content/EngineMaterials/Substrate/Glints2/dict_0006_0233.uasset" 6789
"../../../Engine/Content/EngineMaterials/Substrate/Glints2/dict_0006_0231.uasset" 6790
"../../../Engine/Content/EngineMaterials/Substrate/Glints2/dict_0006_0229.uasset" 6791
"../../../Engine/Content/EngineMaterials/Substrate/Glints2/dict_0006_0228.uasset" 6792
"../../../Engine/Content/EngineMaterials/Substrate/Glints2/dict_0006_0226.uasset" 6793
"../../../Engine/Content/EngineMaterials/Substrate/Glints2/dict_0006_0232.uasset" 6794
"/Engine/EngineMaterials/Substrate/Glints2/dict_0006_0242" 6795
"/Engine/EngineMaterials/Substrate/Glints2/dict_0006_0243" 6796
"/Engine/EngineMaterials/Substrate/Glints2/dict_0006_0244" 6797
"/Engine/EngineMaterials/Substrate/Glints2/dict_0006_0245" 6798
"/Engine/EngineMaterials/Substrate/Glints2/dict_0006_0246" 6799
"/Engine/EngineMaterials/Substrate/Glints2/dict_0006_0247" 6800
"/Engine/EngineMaterials/Substrate/Glints2/dict_0006_0248" 6801
"/Engine/EngineMaterials/Substrate/Glints2/dict_0006_0249" 6802
"/Engine/EngineMaterials/Substrate/Glints2/dict_0006_0250" 6803
"/Engine/EngineMaterials/Substrate/Glints2/dict_0006_0251" 6804
"/Engine/EngineMaterials/Substrate/Glints2/dict_0006_0252" 6805
"/Engine/EngineMaterials/Substrate/Glints2/dict_0006_0253" 6806
"/Engine/EngineMaterials/Substrate/Glints2/dict_0006_0254" 6807
"/Engine/EngineMaterials/Substrate/Glints2/dict_0006_0236" 6808
"/Engine/EngineMaterials/Substrate/Glints2/dict_0006_0255" 6809
"/Engine/EngineMaterials/Substrate/Glints2/dict_0007_0000" 6810
"/Engine/EngineMaterials/Substrate/Glints2/dict_0007_0001" 6811
"/Engine/EngineMaterials/Substrate/Glints2/dict_0006_0237" 6812
"/Engine/EngineMaterials/Substrate/Glints2/dict_0006_0239" 6813
"/Engine/EngineMaterials/Substrate/Glints2/dict_0006_0240" 6814
"../../../Engine/Content/EngineMaterials/Substrate/Glints2/dict_0006_0223.uasset" 6815
"../../../Engine/Content/EngineMaterials/Substrate/Glints2/dict_0006_0224.uasset" 6816
"../../../Engine/Content/EngineMaterials/Substrate/Glints2/dict_0006_0220.uasset" 6817
"../../../Engine/Content/EngineMaterials/Substrate/Glints2/dict_0006_0218.uasset" 6818
"../../../Engine/Content/EngineMaterials/Substrate/Glints2/dict_0006_0217.uasset" 6819
"../../../Engine/Content/EngineMaterials/Substrate/Glints2/dict_0006_0213.uasset" 6820
"../../../Engine/Content/EngineMaterials/Substrate/Glints2/dict_0006_0216.uasset" 6821
"../../../Engine/Content/EngineMaterials/Substrate/Glints2/dict_0006_0211.uasset" 6822
"../../../Engine/Content/EngineMaterials/Substrate/Glints2/dict_0006_0221.uasset" 6823
"../../../Engine/Content/EngineMaterials/Substrate/Glints2/dict_0006_0219.uasset" 6824
"../../../Engine/Content/EngineMaterials/Substrate/Glints2/dict_0006_0205.uasset" 6825
"../../../Engine/Content/EngineMaterials/Substrate/Glints2/dict_0006_0215.uasset" 6826
"../../../Engine/Content/EngineMaterials/Substrate/Glints2/dict_0006_0208.uasset" 6827
"../../../Engine/Content/EngineMaterials/Substrate/Glints2/dict_0006_0225.uasset" 6828
"../../../Engine/Content/EngineMaterials/Substrate/Glints2/dict_0006_0209.uasset" 6829
"../../../Engine/Content/EngineMaterials/Substrate/Glints2/dict_0006_0222.uasset" 6830
"../../../Engine/Content/EngineMaterials/Substrate/Glints2/dict_0006_0212.uasset" 6831
"../../../Engine/Content/EngineMaterials/Substrate/Glints2/dict_0006_0214.uasset" 6832
"../../../Engine/Content/EngineMaterials/Substrate/Glints2/dict_0006_0207.uasset" 6833
"../../../Engine/Content/EngineMaterials/Substrate/Glints2/dict_0006_0210.uasset" 6834
"/Engine/EngineMaterials/Substrate/Glints2/dict_0006_0226" 6835
"../../../Engine/Content/EngineMaterials/Substrate/Glints2/dict_0006_0206.uasset" 6836
"/Engine/EngineMaterials/Substrate/Glints2/dict_0006_0227" 6837
"/Engine/EngineMaterials/Substrate/Glints2/dict_0006_0228" 6838
"/Engine/EngineMaterials/Substrate/Glints2/dict_0006_0229" 6839
"/Engine/EngineMaterials/Substrate/Glints2/dict_0006_0230" 6840
"/Engine/EngineMaterials/Substrate/Glints2/dict_0006_0231" 6841
"/Engine/EngineMaterials/Substrate/Glints2/dict_0006_0232" 6842
"/Engine/EngineMaterials/Substrate/Glints2/dict_0006_0233" 6843
"/Engine/EngineMaterials/Substrate/Glints2/dict_0006_0234" 6844
"/Engine/EngineMaterials/Substrate/Glints2/dict_0006_0235" 6845
"/Engine/EngineMaterials/Substrate/Glints2/dict_0006_0218" 6846
"/Engine/EngineMaterials/Substrate/Glints2/dict_0006_0220" 6847
"/Engine/EngineMaterials/Substrate/Glints2/dict_0006_0223" 6848
"/Engine/EngineMaterials/Substrate/Glints2/dict_0006_0238" 6849
"/Engine/EngineMaterials/Substrate/Glints2/dict_0006_0224" 6850
"../../../Engine/Content/EngineMaterials/Substrate/Glints2/dict_0006_0204.uasset" 6851
"../../../Engine/Content/EngineMaterials/Substrate/Glints2/dict_0006_0200.uasset" 6852
"../../../Engine/Content/EngineMaterials/Substrate/Glints2/dict_0006_0203.uasset" 6853
"../../../Engine/Content/EngineMaterials/Substrate/Glints2/dict_0006_0197.uasset" 6854
"../../../Engine/Content/EngineMaterials/Substrate/Glints2/dict_0006_0194.uasset" 6855
"../../../Engine/Content/EngineMaterials/Substrate/Glints2/dict_0006_0199.uasset" 6856
"../../../Engine/Content/EngineMaterials/Substrate/Glints2/dict_0006_0195.uasset" 6857
"../../../Engine/Content/EngineMaterials/Substrate/Glints2/dict_0006_0192.uasset" 6858
"../../../Engine/Content/EngineMaterials/Substrate/Glints2/dict_0006_0201.uasset" 6859
"../../../Engine/Content/EngineMaterials/Substrate/Glints2/dict_0006_0196.uasset" 6860
"../../../Engine/Content/EngineMaterials/Substrate/Glints2/dict_0006_0193.uasset" 6861
"../../../Engine/Content/EngineMaterials/Substrate/Glints2/dict_0006_0191.uasset" 6862
"../../../Engine/Content/EngineMaterials/Substrate/Glints2/dict_0006_0202.uasset" 6863
"../../../Engine/Content/EngineMaterials/Substrate/Glints2/dict_0006_0190.uasset" 6864
"/Engine/EngineMaterials/Substrate/Glints2/dict_0006_0205" 6865
"../../../Engine/Content/EngineMaterials/Substrate/Glints2/dict_0006_0198.uasset" 6866
"/Engine/EngineMaterials/Substrate/Glints2/dict_0006_0206" 6867
"/Engine/EngineMaterials/Substrate/Glints2/dict_0006_0207" 6868
"/Engine/EngineMaterials/Substrate/Glints2/dict_0006_0208" 6869
"/Engine/EngineMaterials/Substrate/Glints2/dict_0006_0209" 6870
"/Engine/EngineMaterials/Substrate/Glints2/dict_0006_0210" 6871
"/Engine/EngineMaterials/Substrate/Glints2/dict_0006_0211" 6872
"/Engine/EngineMaterials/Substrate/Glints2/dict_0006_0212" 6873
"/Engine/EngineMaterials/Substrate/Glints2/dict_0006_0213" 6874
"/Engine/EngineMaterials/Substrate/Glints2/dict_0006_0214" 6875
"/Engine/EngineMaterials/Substrate/Glints2/dict_0006_0215" 6876
"/Engine/EngineMaterials/Substrate/Glints2/dict_0006_0216" 6877
"/Engine/EngineMaterials/Substrate/Glints2/dict_0006_0217" 6878
"/Engine/EngineMaterials/Substrate/Glints2/dict_0006_0200" 6879
"/Engine/EngineMaterials/Substrate/Glints2/dict_0006_0219" 6880
"/Engine/EngineMaterials/Substrate/Glints2/dict_0006_0221" 6881
"/Engine/EngineMaterials/Substrate/Glints2/dict_0006_0222" 6882
"/Engine/EngineMaterials/Substrate/Glints2/dict_0006_0204" 6883
"/Engine/EngineMaterials/Substrate/Glints2/dict_0006_0225" 6884
"../../../Engine/Content/EngineMaterials/Substrate/Glints2/dict_0006_0189.uasset" 6885
"../../../Engine/Content/EngineMaterials/Substrate/Glints2/dict_0006_0188.uasset" 6886
"../../../Engine/Content/EngineMaterials/Substrate/Glints2/dict_0006_0187.uasset" 6887
"../../../Engine/Content/EngineMaterials/Substrate/Glints2/dict_0006_0186.uasset" 6888
"../../../Engine/Content/EngineMaterials/Substrate/Glints2/dict_0006_0184.uasset" 6889
"../../../Engine/Content/EngineMaterials/Substrate/Glints2/dict_0006_0180.uasset" 6890
"../../../Engine/Content/EngineMaterials/Substrate/Glints2/dict_0006_0174.uasset" 6891
"../../../Engine/Content/EngineMaterials/Substrate/Glints2/dict_0006_0176.uasset" 6892
"../../../Engine/Content/EngineMaterials/Substrate/Glints2/dict_0006_0181.uasset" 6893
"../../../Engine/Content/EngineMaterials/Substrate/Glints2/dict_0006_0171.uasset" 6894
"/Engine/EngineMaterials/Substrate/Glints2/dict_0006_0190" 6895
"../../../Engine/Content/EngineMaterials/Substrate/Glints2/dict_0006_0173.uasset" 6896
"../../../Engine/Content/EngineMaterials/Substrate/Glints2/dict_0006_0179.uasset" 6897
"../../../Engine/Content/EngineMaterials/Substrate/Glints2/dict_0006_0182.uasset" 6898
"../../../Engine/Content/EngineMaterials/Substrate/Glints2/dict_0006_0175.uasset" 6899
"../../../Engine/Content/EngineMaterials/Substrate/Glints2/dict_0006_0178.uasset" 6900
"../../../Engine/Content/EngineMaterials/Substrate/Glints2/dict_0006_0177.uasset" 6901
"../../../Engine/Content/EngineMaterials/Substrate/Glints2/dict_0006_0183.uasset" 6902
"../../../Engine/Content/EngineMaterials/Substrate/Glints2/dict_0006_0172.uasset" 6903
"../../../Engine/Content/EngineMaterials/Substrate/Glints2/dict_0006_0185.uasset" 6904
"/Engine/EngineMaterials/Substrate/Glints2/dict_0006_0191" 6905
"/Engine/EngineMaterials/Substrate/Glints2/dict_0006_0192" 6906
"/Engine/EngineMaterials/Substrate/Glints2/dict_0006_0193" 6907
"/Engine/EngineMaterials/Substrate/Glints2/dict_0006_0194" 6908
"/Engine/EngineMaterials/Substrate/Glints2/dict_0006_0195" 6909
"/Engine/EngineMaterials/Substrate/Glints2/dict_0006_0196" 6910
"/Engine/EngineMaterials/Substrate/Glints2/dict_0006_0197" 6911
"/Engine/EngineMaterials/Substrate/Glints2/dict_0006_0198" 6912
"/Engine/EngineMaterials/Substrate/Glints2/dict_0006_0199" 6913
"/Engine/EngineMaterials/Substrate/Glints2/dict_0006_0201" 6914
"/Engine/EngineMaterials/Substrate/Glints2/dict_0006_0186" 6915
"/Engine/EngineMaterials/Substrate/Glints2/dict_0006_0187" 6916
"/Engine/EngineMaterials/Substrate/Glints2/dict_0006_0202" 6917
"/Engine/EngineMaterials/Substrate/Glints2/dict_0006_0203" 6918
"/Engine/EngineMaterials/Substrate/Glints2/dict_0006_0188" 6919
"/Engine/EngineMaterials/Substrate/Glints2/dict_0006_0189" 6920
"../../../Engine/Content/EngineMaterials/Substrate/Glints2/dict_0006_0170.uasset" 6921
"../../../Engine/Content/EngineMaterials/Substrate/Glints2/dict_0006_0166.uasset" 6922
"../../../Engine/Content/EngineMaterials/Substrate/Glints2/dict_0006_0165.uasset" 6923
"../../../Engine/Content/EngineMaterials/Substrate/Glints2/dict_0006_0169.uasset" 6924
"../../../Engine/Content/EngineMaterials/Substrate/Glints2/dict_0006_0162.uasset" 6925
"../../../Engine/Content/EngineMaterials/Substrate/Glints2/dict_0006_0167.uasset" 6926
"../../../Engine/Content/EngineMaterials/Substrate/Glints2/dict_0006_0160.uasset" 6927
"../../../Engine/Content/EngineMaterials/Substrate/Glints2/dict_0006_0156.uasset" 6928
"../../../Engine/Content/EngineMaterials/Substrate/Glints2/dict_0006_0164.uasset" 6929
"../../../Engine/Content/EngineMaterials/Substrate/Glints2/dict_0006_0154.uasset" 6930
"../../../Engine/Content/EngineMaterials/Substrate/Glints2/dict_0006_0163.uasset" 6931
"../../../Engine/Content/EngineMaterials/Substrate/Glints2/dict_0006_0157.uasset" 6932
"../../../Engine/Content/EngineMaterials/Substrate/Glints2/dict_0006_0161.uasset" 6933
"../../../Engine/Content/EngineMaterials/Substrate/Glints2/dict_0006_0158.uasset" 6934
"../../../Engine/Content/EngineMaterials/Substrate/Glints2/dict_0006_0168.uasset" 6935
"../../../Engine/Content/EngineMaterials/Substrate/Glints2/dict_0006_0159.uasset" 6936
"../../../Engine/Content/EngineMaterials/Substrate/Glints2/dict_0006_0155.uasset" 6937
"/Engine/EngineMaterials/Substrate/Glints2/dict_0006_0171" 6938
"/Engine/EngineMaterials/Substrate/Glints2/dict_0006_0172" 6939
"/Engine/EngineMaterials/Substrate/Glints2/dict_0006_0173" 6940
"/Engine/EngineMaterials/Substrate/Glints2/dict_0006_0174" 6941
"/Engine/EngineMaterials/Substrate/Glints2/dict_0006_0175" 6942
"/Engine/EngineMaterials/Substrate/Glints2/dict_0006_0176" 6943
"/Engine/EngineMaterials/Substrate/Glints2/dict_0006_0177" 6944
"/Engine/EngineMaterials/Substrate/Glints2/dict_0006_0178" 6945
"/Engine/EngineMaterials/Substrate/Glints2/dict_0006_0179" 6946
"/Engine/EngineMaterials/Substrate/Glints2/dict_0006_0180" 6947
"/Engine/EngineMaterials/Substrate/Glints2/dict_0006_0181" 6948
"/Engine/EngineMaterials/Substrate/Glints2/dict_0006_0182" 6949
"/Engine/EngineMaterials/Substrate/Glints2/dict_0006_0183" 6950
"/Engine/EngineMaterials/Substrate/Glints2/dict_0006_0162" 6951
"/Engine/EngineMaterials/Substrate/Glints2/dict_0006_0184" 6952
"/Engine/EngineMaterials/Substrate/Glints2/dict_0006_0185" 6953
"/Engine/EngineMaterials/Substrate/Glints2/dict_0006_0165" 6954
"/Engine/EngineMaterials/Substrate/Glints2/dict_0006_0166" 6955
"/Engine/EngineMaterials/Substrate/Glints2/dict_0006_0167" 6956
"/Engine/EngineMaterials/Substrate/Glints2/dict_0006_0169" 6957
"/Engine/EngineMaterials/Substrate/Glints2/dict_0006_0170" 6958
"../../../Engine/Content/EngineMaterials/Substrate/Glints2/dict_0006_0152.uasset" 6959
"../../../Engine/Content/EngineMaterials/Substrate/Glints2/dict_0006_0151.uasset" 6960
"../../../Engine/Content/EngineMaterials/Substrate/Glints2/dict_0006_0153.uasset" 6961
"../../../Engine/Content/EngineMaterials/Substrate/Glints2/dict_0006_0149.uasset" 6962
"../../../Engine/Content/EngineMaterials/Substrate/Glints2/dict_0006_0147.uasset" 6963
"../../../Engine/Content/EngineMaterials/Substrate/Glints2/dict_0006_0146.uasset" 6964
"../../../Engine/Content/EngineMaterials/Substrate/Glints2/dict_0006_0143.uasset" 6965
"../../../Engine/Content/EngineMaterials/Substrate/Glints2/dict_0006_0150.uasset" 6966
"../../../Engine/Content/EngineMaterials/Substrate/Glints2/dict_0006_0138.uasset" 6967
"../../../Engine/Content/EngineMaterials/Substrate/Glints2/dict_0006_0137.uasset" 6968
"../../../Engine/Content/EngineMaterials/Substrate/Glints2/dict_0006_0135.uasset" 6969
"../../../Engine/Content/EngineMaterials/Substrate/Glints2/dict_0006_0148.uasset" 6970
"../../../Engine/Content/EngineMaterials/Substrate/Glints2/dict_0006_0139.uasset" 6971
"../../../Engine/Content/EngineMaterials/Substrate/Glints2/dict_0006_0140.uasset" 6972
"../../../Engine/Content/EngineMaterials/Substrate/Glints2/dict_0006_0141.uasset" 6973
"../../../Engine/Content/EngineMaterials/Substrate/Glints2/dict_0006_0145.uasset" 6974
"../../../Engine/Content/EngineMaterials/Substrate/Glints2/dict_0006_0136.uasset" 6975
"../../../Engine/Content/EngineMaterials/Substrate/Glints2/dict_0006_0144.uasset" 6976
"../../../Engine/Content/EngineMaterials/Substrate/Glints2/dict_0006_0134.uasset" 6977
"../../../Engine/Content/EngineMaterials/Substrate/Glints2/dict_0006_0142.uasset" 6978
"/Engine/EngineMaterials/Substrate/Glints2/dict_0006_0154" 6979
"../../../Engine/Content/EngineMaterials/Substrate/Glints2/dict_0006_0133.uasset" 6980
"/Engine/EngineMaterials/Substrate/Glints2/dict_0006_0155" 6981
"/Engine/EngineMaterials/Substrate/Glints2/dict_0006_0156" 6982
"/Engine/EngineMaterials/Substrate/Glints2/dict_0006_0157" 6983
"/Engine/EngineMaterials/Substrate/Glints2/dict_0006_0158" 6984
"/Engine/EngineMaterials/Substrate/Glints2/dict_0006_0159" 6985
"/Engine/EngineMaterials/Substrate/Glints2/dict_0006_0160" 6986
"/Engine/EngineMaterials/Substrate/Glints2/dict_0006_0161" 6987
"/Engine/EngineMaterials/Substrate/Glints2/dict_0006_0146" 6988
"/Engine/EngineMaterials/Substrate/Glints2/dict_0006_0163" 6989
"/Engine/EngineMaterials/Substrate/Glints2/dict_0006_0147" 6990
"/Engine/EngineMaterials/Substrate/Glints2/dict_0006_0164" 6991
"/Engine/EngineMaterials/Substrate/Glints2/dict_0006_0149" 6992
"/Engine/EngineMaterials/Substrate/Glints2/dict_0006_0151" 6993
"/Engine/EngineMaterials/Substrate/Glints2/dict_0006_0168" 6994
"/Engine/EngineMaterials/Substrate/Glints2/dict_0006_0152" 6995
"/Engine/EngineMaterials/Substrate/Glints2/dict_0006_0153" 6996
"../../../Engine/Content/EngineMaterials/Substrate/Glints2/dict_0006_0132.uasset" 6997
"../../../Engine/Content/EngineMaterials/Substrate/Glints2/dict_0006_0131.uasset" 6998
"../../../Engine/Content/EngineMaterials/Substrate/Glints2/dict_0006_0130.uasset" 6999
"../../../Engine/Content/EngineMaterials/Substrate/Glints2/dict_0006_0127.uasset" 7000
"../../../Engine/Content/EngineMaterials/Substrate/Glints2/dict_0006_0129.uasset" 7001
"../../../Engine/Content/EngineMaterials/Substrate/Glints2/dict_0006_0123.uasset" 7002
"../../../Engine/Content/EngineMaterials/Substrate/Glints2/dict_0006_0121.uasset" 7003
"../../../Engine/Content/EngineMaterials/Substrate/Glints2/dict_0006_0117.uasset" 7004
"../../../Engine/Content/EngineMaterials/Substrate/Glints2/dict_0006_0119.uasset" 7005
"../../../Engine/Content/EngineMaterials/Substrate/Glints2/dict_0006_0116.uasset" 7006
"../../../Engine/Content/EngineMaterials/Substrate/Glints2/dict_0006_0122.uasset" 7007
"../../../Engine/Content/EngineMaterials/Substrate/Glints2/dict_0006_0128.uasset" 7008
"../../../Engine/Content/EngineMaterials/Substrate/Glints2/dict_0006_0120.uasset" 7009
"../../../Engine/Content/EngineMaterials/Substrate/Glints2/dict_0006_0118.uasset" 7010
"../../../Engine/Content/EngineMaterials/Substrate/Glints2/dict_0006_0125.uasset" 7011
"../../../Engine/Content/EngineMaterials/Substrate/Glints2/dict_0006_0126.uasset" 7012
"/Engine/EngineMaterials/Substrate/Glints2/dict_0006_0133" 7013
"../../../Engine/Content/EngineMaterials/Substrate/Glints2/dict_0006_0124.uasset" 7014
"/Engine/EngineMaterials/Substrate/Glints2/dict_0006_0134" 7015
"/Engine/EngineMaterials/Substrate/Glints2/dict_0006_0135" 7016
"/Engine/EngineMaterials/Substrate/Glints2/dict_0006_0136" 7017
"/Engine/EngineMaterials/Substrate/Glints2/dict_0006_0137" 7018
"/Engine/EngineMaterials/Substrate/Glints2/dict_0006_0138" 7019
"/Engine/EngineMaterials/Substrate/Glints2/dict_0006_0139" 7020
"/Engine/EngineMaterials/Substrate/Glints2/dict_0006_0140" 7021
"/Engine/EngineMaterials/Substrate/Glints2/dict_0006_0141" 7022
"/Engine/EngineMaterials/Substrate/Glints2/dict_0006_0142" 7023
"/Engine/EngineMaterials/Substrate/Glints2/dict_0006_0143" 7024
"/Engine/EngineMaterials/Substrate/Glints2/dict_0006_0144" 7025
"/Engine/EngineMaterials/Substrate/Glints2/dict_0006_0145" 7026
"/Engine/EngineMaterials/Substrate/Glints2/dict_0006_0148" 7027
"/Engine/EngineMaterials/Substrate/Glints2/dict_0006_0127" 7028
"/Engine/EngineMaterials/Substrate/Glints2/dict_0006_0150" 7029
"/Engine/EngineMaterials/Substrate/Glints2/dict_0006_0130" 7030
"/Engine/EngineMaterials/Substrate/Glints2/dict_0006_0131" 7031
"/Engine/EngineMaterials/Substrate/Glints2/dict_0006_0132" 7032
"../../../Engine/Content/EngineMaterials/Substrate/Glints2/dict_0006_0115.uasset" 7033
"../../../Engine/Content/EngineMaterials/Substrate/Glints2/dict_0006_0113.uasset" 7034
"../../../Engine/Content/EngineMaterials/Substrate/Glints2/dict_0006_0114.uasset" 7035
"../../../Engine/Content/EngineMaterials/Substrate/Glints2/dict_0006_0110.uasset" 7036
"../../../Engine/Content/EngineMaterials/Substrate/Glints2/dict_0006_0103.uasset" 7037
"../../../Engine/Content/EngineMaterials/Substrate/Glints2/dict_0006_0107.uasset" 7038
"../../../Engine/Content/EngineMaterials/Substrate/Glints2/dict_0006_0101.uasset" 7039
"/Engine/EngineMaterials/Substrate/Glints2/dict_0006_0116" 7040
"../../../Engine/Content/EngineMaterials/Substrate/Glints2/dict_0006_0097.uasset" 7041
"../../../Engine/Content/EngineMaterials/Substrate/Glints2/dict_0006_0105.uasset" 7042
"../../../Engine/Content/EngineMaterials/Substrate/Glints2/dict_0006_0104.uasset" 7043
"../../../Engine/Content/EngineMaterials/Substrate/Glints2/dict_0006_0108.uasset" 7044
"../../../Engine/Content/EngineMaterials/Substrate/Glints2/dict_0006_0111.uasset" 7045
"../../../Engine/Content/EngineMaterials/Substrate/Glints2/dict_0006_0112.uasset" 7046
"../../../Engine/Content/EngineMaterials/Substrate/Glints2/dict_0006_0106.uasset" 7047
"../../../Engine/Content/EngineMaterials/Substrate/Glints2/dict_0006_0098.uasset" 7048
"../../../Engine/Content/EngineMaterials/Substrate/Glints2/dict_0006_0109.uasset" 7049
"/Engine/EngineMaterials/Substrate/Glints2/dict_0006_0117" 7050
"../../../Engine/Content/EngineMaterials/Substrate/Glints2/dict_0006_0099.uasset" 7051
"../../../Engine/Content/EngineMaterials/Substrate/Glints2/dict_0006_0102.uasset" 7052
"../../../Engine/Content/EngineMaterials/Substrate/Glints2/dict_0006_0100.uasset" 7053
"/Engine/EngineMaterials/Substrate/Glints2/dict_0006_0118" 7054
"/Engine/EngineMaterials/Substrate/Glints2/dict_0006_0119" 7055
"/Engine/EngineMaterials/Substrate/Glints2/dict_0006_0120" 7056
"/Engine/EngineMaterials/Substrate/Glints2/dict_0006_0121" 7057
"/Engine/EngineMaterials/Substrate/Glints2/dict_0006_0122" 7058
"/Engine/EngineMaterials/Substrate/Glints2/dict_0006_0123" 7059
"/Engine/EngineMaterials/Substrate/Glints2/dict_0006_0124" 7060
"/Engine/EngineMaterials/Substrate/Glints2/dict_0006_0125" 7061
"/Engine/EngineMaterials/Substrate/Glints2/dict_0006_0126" 7062
"/Engine/EngineMaterials/Substrate/Glints2/dict_0006_0128" 7063
"/Engine/EngineMaterials/Substrate/Glints2/dict_0006_0129" 7064
"/Engine/EngineMaterials/Substrate/Glints2/dict_0006_0113" 7065
"/Engine/EngineMaterials/Substrate/Glints2/dict_0006_0114" 7066
"/Engine/EngineMaterials/Substrate/Glints2/dict_0006_0115" 7067
"../../../Engine/Content/EngineMaterials/Substrate/Glints2/dict_0006_0096.uasset" 7068
"../../../Engine/Content/EngineMaterials/Substrate/Glints2/dict_0006_0095.uasset" 7069
"../../../Engine/Content/EngineMaterials/Substrate/Glints2/dict_0006_0091.uasset" 7070
"../../../Engine/Content/EngineMaterials/Substrate/Glints2/dict_0006_0094.uasset" 7071
"../../../Engine/Content/EngineMaterials/Substrate/Glints2/dict_0006_0093.uasset" 7072
"../../../Engine/Content/EngineMaterials/Substrate/Glints2/dict_0006_0087.uasset" 7073
"../../../Engine/Content/EngineMaterials/Substrate/Glints2/dict_0006_0092.uasset" 7074
"../../../Engine/Content/EngineMaterials/Substrate/Glints2/dict_0006_0088.uasset" 7075
"../../../Engine/Content/EngineMaterials/Substrate/Glints2/dict_0006_0081.uasset" 7076
"../../../Engine/Content/EngineMaterials/Substrate/Glints2/dict_0006_0090.uasset" 7077
"../../../Engine/Content/EngineMaterials/Substrate/Glints2/dict_0006_0083.uasset" 7078
"../../../Engine/Content/EngineMaterials/Substrate/Glints2/dict_0006_0086.uasset" 7079
"../../../Engine/Content/EngineMaterials/Substrate/Glints2/dict_0006_0089.uasset" 7080
"/Engine/EngineMaterials/Substrate/Glints2/dict_0006_0097" 7081
"../../../Engine/Content/EngineMaterials/Substrate/Glints2/dict_0006_0085.uasset" 7082
"../../../Engine/Content/EngineMaterials/Substrate/Glints2/dict_0006_0082.uasset" 7083
"../../../Engine/Content/EngineMaterials/Substrate/Glints2/dict_0006_0084.uasset" 7084
"/Engine/EngineMaterials/Substrate/Glints2/dict_0006_0098" 7085
"/Engine/EngineMaterials/Substrate/Glints2/dict_0006_0099" 7086
"/Engine/EngineMaterials/Substrate/Glints2/dict_0006_0100" 7087
"/Engine/EngineMaterials/Substrate/Glints2/dict_0006_0101" 7088
"/Engine/EngineMaterials/Substrate/Glints2/dict_0006_0102" 7089
"/Engine/EngineMaterials/Substrate/Glints2/dict_0006_0103" 7090
"/Engine/EngineMaterials/Substrate/Glints2/dict_0006_0104" 7091
"/Engine/EngineMaterials/Substrate/Glints2/dict_0006_0105" 7092
"/Engine/EngineMaterials/Substrate/Glints2/dict_0006_0106" 7093
"/Engine/EngineMaterials/Substrate/Glints2/dict_0006_0107" 7094
"/Engine/EngineMaterials/Substrate/Glints2/dict_0006_0108" 7095
"/Engine/EngineMaterials/Substrate/Glints2/dict_0006_0109" 7096
"/Engine/EngineMaterials/Substrate/Glints2/dict_0006_0091" 7097
"/Engine/EngineMaterials/Substrate/Glints2/dict_0006_0110" 7098
"/Engine/EngineMaterials/Substrate/Glints2/dict_0006_0111" 7099
"/Engine/EngineMaterials/Substrate/Glints2/dict_0006_0112" 7100
"/Engine/EngineMaterials/Substrate/Glints2/dict_0006_0095" 7101
"/Engine/EngineMaterials/Substrate/Glints2/dict_0006_0096" 7102
"../../../Engine/Content/EngineMaterials/Substrate/Glints2/dict_0006_0080.uasset" 7103
"../../../Engine/Content/EngineMaterials/Substrate/Glints2/dict_0006_0078.uasset" 7104
"../../../Engine/Content/EngineMaterials/Substrate/Glints2/dict_0006_0075.uasset" 7105
"../../../Engine/Content/EngineMaterials/Substrate/Glints2/dict_0006_0079.uasset" 7106
"../../../Engine/Content/EngineMaterials/Substrate/Glints2/dict_0006_0073.uasset" 7107
"../../../Engine/Content/EngineMaterials/Substrate/Glints2/dict_0006_0068.uasset" 7108
"../../../Engine/Content/EngineMaterials/Substrate/Glints2/dict_0006_0062.uasset" 7109
"../../../Engine/Content/EngineMaterials/Substrate/Glints2/dict_0006_0072.uasset" 7110
"/Engine/EngineMaterials/Substrate/Glints2/dict_0006_0081" 7111
"../../../Engine/Content/EngineMaterials/Substrate/Glints2/dict_0006_0070.uasset" 7112
"../../../Engine/Content/EngineMaterials/Substrate/Glints2/dict_0006_0071.uasset" 7113
"../../../Engine/Content/EngineMaterials/Substrate/Glints2/dict_0006_0063.uasset" 7114
"../../../Engine/Content/EngineMaterials/Substrate/Glints2/dict_0006_0066.uasset" 7115
"../../../Engine/Content/EngineMaterials/Substrate/Glints2/dict_0006_0069.uasset" 7116
"../../../Engine/Content/EngineMaterials/Substrate/Glints2/dict_0006_0076.uasset" 7117
"../../../Engine/Content/EngineMaterials/Substrate/Glints2/dict_0006_0077.uasset" 7118
"../../../Engine/Content/EngineMaterials/Substrate/Glints2/dict_0006_0065.uasset" 7119
"../../../Engine/Content/EngineMaterials/Substrate/Glints2/dict_0006_0067.uasset" 7120
"../../../Engine/Content/EngineMaterials/Substrate/Glints2/dict_0006_0074.uasset" 7121
"/Engine/EngineMaterials/Substrate/Glints2/dict_0006_0082" 7122
"../../../Engine/Content/EngineMaterials/Substrate/Glints2/dict_0006_0064.uasset" 7123
"/Engine/EngineMaterials/Substrate/Glints2/dict_0006_0083" 7124
"/Engine/EngineMaterials/Substrate/Glints2/dict_0006_0084" 7125
"/Engine/EngineMaterials/Substrate/Glints2/dict_0006_0085" 7126
"/Engine/EngineMaterials/Substrate/Glints2/dict_0006_0086" 7127
"/Engine/EngineMaterials/Substrate/Glints2/dict_0006_0087" 7128
"/Engine/EngineMaterials/Substrate/Glints2/dict_0006_0088" 7129
"/Engine/EngineMaterials/Substrate/Glints2/dict_0006_0089" 7130
"/Engine/EngineMaterials/Substrate/Glints2/dict_0006_0090" 7131
"/Engine/EngineMaterials/Substrate/Glints2/dict_0006_0075" 7132
"/Engine/EngineMaterials/Substrate/Glints2/dict_0006_0092" 7133
"/Engine/EngineMaterials/Substrate/Glints2/dict_0006_0078" 7134
"/Engine/EngineMaterials/Substrate/Glints2/dict_0006_0093" 7135
"/Engine/EngineMaterials/Substrate/Glints2/dict_0006_0094" 7136
"/Engine/EngineMaterials/Substrate/Glints2/dict_0006_0079" 7137
"/Engine/EngineMaterials/Substrate/Glints2/dict_0006_0080" 7138
"../../../Engine/Content/EngineMaterials/Substrate/Glints2/dict_0006_0061.uasset" 7139
"../../../Engine/Content/EngineMaterials/Substrate/Glints2/dict_0006_0057.uasset" 7140
"../../../Engine/Content/EngineMaterials/Substrate/Glints2/dict_0006_0060.uasset" 7141
"../../../Engine/Content/EngineMaterials/Substrate/Glints2/dict_0006_0056.uasset" 7142
"../../../Engine/Content/EngineMaterials/Substrate/Glints2/dict_0006_0052.uasset" 7143
"../../../Engine/Content/EngineMaterials/Substrate/Glints2/dict_0006_0051.uasset" 7144
"../../../Engine/Content/EngineMaterials/Substrate/Glints2/dict_0006_0058.uasset" 7145
"../../../Engine/Content/EngineMaterials/Substrate/Glints2/dict_0006_0046.uasset" 7146
"../../../Engine/Content/EngineMaterials/Substrate/Glints2/dict_0006_0059.uasset" 7147
"../../../Engine/Content/EngineMaterials/Substrate/Glints2/dict_0006_0055.uasset" 7148
"../../../Engine/Content/EngineMaterials/Substrate/Glints2/dict_0006_0045.uasset" 7149
"../../../Engine/Content/EngineMaterials/Substrate/Glints2/dict_0006_0047.uasset" 7150
"../../../Engine/Content/EngineMaterials/Substrate/Glints2/dict_0006_0054.uasset" 7151
"/Engine/EngineMaterials/Substrate/Glints2/dict_0006_0062" 7152
"../../../Engine/Content/EngineMaterials/Substrate/Glints2/dict_0006_0048.uasset" 7153
"../../../Engine/Content/EngineMaterials/Substrate/Glints2/dict_0006_0049.uasset" 7154
"../../../Engine/Content/EngineMaterials/Substrate/Glints2/dict_0006_0053.uasset" 7155
"../../../Engine/Content/EngineMaterials/Substrate/Glints2/dict_0006_0050.uasset" 7156
"/Engine/EngineMaterials/Substrate/Glints2/dict_0006_0063" 7157
"/Engine/EngineMaterials/Substrate/Glints2/dict_0006_0064" 7158
"/Engine/EngineMaterials/Substrate/Glints2/dict_0006_0065" 7159
"/Engine/EngineMaterials/Substrate/Glints2/dict_0006_0066" 7160
"/Engine/EngineMaterials/Substrate/Glints2/dict_0006_0067" 7161
"/Engine/EngineMaterials/Substrate/Glints2/dict_0006_0068" 7162
"/Engine/EngineMaterials/Substrate/Glints2/dict_0006_0069" 7163
"/Engine/EngineMaterials/Substrate/Glints2/dict_0006_0070" 7164
"/Engine/EngineMaterials/Substrate/Glints2/dict_0006_0071" 7165
"/Engine/EngineMaterials/Substrate/Glints2/dict_0006_0072" 7166
"/Engine/EngineMaterials/Substrate/Glints2/dict_0006_0073" 7167
"/Engine/EngineMaterials/Substrate/Glints2/dict_0006_0074" 7168
"/Engine/EngineMaterials/Substrate/Glints2/dict_0006_0076" 7169
"/Engine/EngineMaterials/Substrate/Glints2/dict_0006_0077" 7170
"/Engine/EngineMaterials/Substrate/Glints2/dict_0006_0057" 7171
"/Engine/EngineMaterials/Substrate/Glints2/dict_0006_0060" 7172
"/Engine/EngineMaterials/Substrate/Glints2/dict_0006_0061" 7173
"../../../Engine/Content/EngineMaterials/Substrate/Glints2/dict_0006_0044.uasset" 7174
"../../../Engine/Content/EngineMaterials/Substrate/Glints2/dict_0006_0043.uasset" 7175
"../../../Engine/Content/EngineMaterials/Substrate/Glints2/dict_0006_0041.uasset" 7176
"../../../Engine/Content/EngineMaterials/Substrate/Glints2/dict_0006_0040.uasset" 7177
"../../../Engine/Content/EngineMaterials/Substrate/Glints2/dict_0006_0033.uasset" 7178
"../../../Engine/Content/EngineMaterials/Substrate/Glints2/dict_0006_0034.uasset" 7179
"../../../Engine/Content/EngineMaterials/Substrate/Glints2/dict_0006_0042.uasset" 7180
"../../../Engine/Content/EngineMaterials/Substrate/Glints2/dict_0006_0037.uasset" 7181
"/Engine/EngineMaterials/Substrate/Glints2/dict_0006_0045" 7182
"../../../Engine/Content/EngineMaterials/Substrate/Glints2/dict_0006_0027.uasset" 7183
"../../../Engine/Content/EngineMaterials/Substrate/Glints2/dict_0006_0035.uasset" 7184
"../../../Engine/Content/EngineMaterials/Substrate/Glints2/dict_0006_0036.uasset" 7185
"../../../Engine/Content/EngineMaterials/Substrate/Glints2/dict_0006_0032.uasset" 7186
"../../../Engine/Content/EngineMaterials/Substrate/Glints2/dict_0006_0031.uasset" 7187
"../../../Engine/Content/EngineMaterials/Substrate/Glints2/dict_0006_0029.uasset" 7188
"../../../Engine/Content/EngineMaterials/Substrate/Glints2/dict_0006_0030.uasset" 7189
"../../../Engine/Content/EngineMaterials/Substrate/Glints2/dict_0006_0028.uasset" 7190
"../../../Engine/Content/EngineMaterials/Substrate/Glints2/dict_0006_0038.uasset" 7191
"../../../Engine/Content/EngineMaterials/Substrate/Glints2/dict_0006_0039.uasset" 7192
"/Engine/EngineMaterials/Substrate/Glints2/dict_0006_0046" 7193
"/Engine/EngineMaterials/Substrate/Glints2/dict_0006_0047" 7194
"/Engine/EngineMaterials/Substrate/Glints2/dict_0006_0048" 7195
"/Engine/EngineMaterials/Substrate/Glints2/dict_0006_0049" 7196
"/Engine/EngineMaterials/Substrate/Glints2/dict_0006_0050" 7197
"/Engine/EngineMaterials/Substrate/Glints2/dict_0006_0051" 7198
"/Engine/EngineMaterials/Substrate/Glints2/dict_0006_0052" 7199
"/Engine/EngineMaterials/Substrate/Glints2/dict_0006_0053" 7200
"/Engine/EngineMaterials/Substrate/Glints2/dict_0006_0054" 7201
"/Engine/EngineMaterials/Substrate/Glints2/dict_0006_0055" 7202
"/Engine/EngineMaterials/Substrate/Glints2/dict_0006_0041" 7203
"/Engine/EngineMaterials/Substrate/Glints2/dict_0006_0056" 7204
"/Engine/EngineMaterials/Substrate/Glints2/dict_0006_0058" 7205
"/Engine/EngineMaterials/Substrate/Glints2/dict_0006_0059" 7206
"/Engine/EngineMaterials/Substrate/Glints2/dict_0006_0043" 7207
"/Engine/EngineMaterials/Substrate/Glints2/dict_0006_0044" 7208
"../../../Engine/Content/EngineMaterials/Substrate/Glints2/dict_0006_0026.uasset" 7209
"../../../Engine/Content/EngineMaterials/Substrate/Glints2/dict_0006_0023.uasset" 7210
"../../../Engine/Content/EngineMaterials/Substrate/Glints2/dict_0006_0025.uasset" 7211
"../../../Engine/Content/EngineMaterials/Substrate/Glints2/dict_0006_0024.uasset" 7212
"../../../Engine/Content/EngineMaterials/Substrate/Glints2/dict_0006_0022.uasset" 7213
"../../../Engine/Content/EngineMaterials/Substrate/Glints2/dict_0006_0016.uasset" 7214
"../../../Engine/Content/EngineMaterials/Substrate/Glints2/dict_0006_0014.uasset" 7215
"../../../Engine/Content/EngineMaterials/Substrate/Glints2/dict_0006_0010.uasset" 7216
"../../../Engine/Content/EngineMaterials/Substrate/Glints2/dict_0006_0013.uasset" 7217
"../../../Engine/Content/EngineMaterials/Substrate/Glints2/dict_0006_0012.uasset" 7218
"../../../Engine/Content/EngineMaterials/Substrate/Glints2/dict_0006_0011.uasset" 7219
"../../../Engine/Content/EngineMaterials/Substrate/Glints2/dict_0006_0018.uasset" 7220
"../../../Engine/Content/EngineMaterials/Substrate/Glints2/dict_0006_0017.uasset" 7221
"../../../Engine/Content/EngineMaterials/Substrate/Glints2/dict_0006_0019.uasset" 7222
"../../../Engine/Content/EngineMaterials/Substrate/Glints2/dict_0006_0015.uasset" 7223
"../../../Engine/Content/EngineMaterials/Substrate/Glints2/dict_0006_0020.uasset" 7224
"../../../Engine/Content/EngineMaterials/Substrate/Glints2/dict_0006_0021.uasset" 7225
"/Engine/EngineMaterials/Substrate/Glints2/dict_0006_0027" 7226
"/Engine/EngineMaterials/Substrate/Glints2/dict_0006_0028" 7227
"/Engine/EngineMaterials/Substrate/Glints2/dict_0006_0029" 7228
"/Engine/EngineMaterials/Substrate/Glints2/dict_0006_0030" 7229
"/Engine/EngineMaterials/Substrate/Glints2/dict_0006_0031" 7230
"/Engine/EngineMaterials/Substrate/Glints2/dict_0006_0032" 7231
"/Engine/EngineMaterials/Substrate/Glints2/dict_0006_0033" 7232
"/Engine/EngineMaterials/Substrate/Glints2/dict_0006_0034" 7233
"/Engine/EngineMaterials/Substrate/Glints2/dict_0006_0035" 7234
"/Engine/EngineMaterials/Substrate/Glints2/dict_0006_0036" 7235
"/Engine/EngineMaterials/Substrate/Glints2/dict_0006_0037" 7236
"/Engine/EngineMaterials/Substrate/Glints2/dict_0006_0038" 7237
"/Engine/EngineMaterials/Substrate/Glints2/dict_0006_0039" 7238
"/Engine/EngineMaterials/Substrate/Glints2/dict_0006_0040" 7239
"/Engine/EngineMaterials/Substrate/Glints2/dict_0006_0042" 7240
"/Engine/EngineMaterials/Substrate/Glints2/dict_0006_0023" 7241
"/Engine/EngineMaterials/Substrate/Glints2/dict_0006_0025" 7242
"/Engine/EngineMaterials/Substrate/Glints2/dict_0006_0026" 7243
"../../../Engine/Content/EngineMaterials/Substrate/Glints2/dict_0006_0009.uasset" 7244
"../../../Engine/Content/EngineMaterials/Substrate/Glints2/dict_0006_0007.uasset" 7245
"../../../Engine/Content/EngineMaterials/Substrate/Glints2/dict_0006_0008.uasset" 7246
"../../../Engine/Content/EngineMaterials/Substrate/Glints2/dict_0006_0005.uasset" 7247
"../../../Engine/Content/EngineMaterials/Substrate/Glints2/dict_0006_0006.uasset" 7248
"../../../Engine/Content/EngineMaterials/Substrate/Glints2/dict_0006_0002.uasset" 7249
"../../../Engine/Content/EngineMaterials/Substrate/Glints2/dict_0005_0248.uasset" 7250
"../../../Engine/Content/EngineMaterials/Substrate/Glints2/dict_0005_0251.uasset" 7251
"../../../Engine/Content/EngineMaterials/Substrate/Glints2/dict_0005_0250.uasset" 7252
"../../../Engine/Content/EngineMaterials/Substrate/Glints2/dict_0005_0254.uasset" 7253
"../../../Engine/Content/EngineMaterials/Substrate/Glints2/dict_0005_0255.uasset" 7254
"../../../Engine/Content/EngineMaterials/Substrate/Glints2/dict_0006_0000.uasset" 7255
"../../../Engine/Content/EngineMaterials/Substrate/Glints2/dict_0005_0252.uasset" 7256
"../../../Engine/Content/EngineMaterials/Substrate/Glints2/dict_0005_0253.uasset" 7257
"../../../Engine/Content/EngineMaterials/Substrate/Glints2/dict_0006_0001.uasset" 7258
"../../../Engine/Content/EngineMaterials/Substrate/Glints2/dict_0006_0004.uasset" 7259
"../../../Engine/Content/EngineMaterials/Substrate/Glints2/dict_0005_0249.uasset" 7260
"/Engine/EngineMaterials/Substrate/Glints2/dict_0006_0010" 7261
"../../../Engine/Content/EngineMaterials/Substrate/Glints2/dict_0006_0003.uasset" 7262
"/Engine/EngineMaterials/Substrate/Glints2/dict_0006_0011" 7263
"/Engine/EngineMaterials/Substrate/Glints2/dict_0006_0012" 7264
"/Engine/EngineMaterials/Substrate/Glints2/dict_0006_0013" 7265
"/Engine/EngineMaterials/Substrate/Glints2/dict_0006_0014" 7266
"/Engine/EngineMaterials/Substrate/Glints2/dict_0006_0015" 7267
"/Engine/EngineMaterials/Substrate/Glints2/dict_0006_0016" 7268
"/Engine/EngineMaterials/Substrate/Glints2/dict_0006_0017" 7269
"/Engine/EngineMaterials/Substrate/Glints2/dict_0006_0018" 7270
"/Engine/EngineMaterials/Substrate/Glints2/dict_0006_0019" 7271
"/Engine/EngineMaterials/Substrate/Glints2/dict_0006_0020" 7272
"/Engine/EngineMaterials/Substrate/Glints2/dict_0006_0005" 7273
"/Engine/EngineMaterials/Substrate/Glints2/dict_0006_0021" 7274
"/Engine/EngineMaterials/Substrate/Glints2/dict_0006_0022" 7275
"/Engine/EngineMaterials/Substrate/Glints2/dict_0006_0007" 7276
"/Engine/EngineMaterials/Substrate/Glints2/dict_0006_0024" 7277
"/Engine/EngineMaterials/Substrate/Glints2/dict_0006_0008" 7278
"/Engine/EngineMaterials/Substrate/Glints2/dict_0006_0009" 7279
"../../../Engine/Content/EngineMaterials/Substrate/Glints2/dict_0005_0247.uasset" 7280
"../../../Engine/Content/EngineMaterials/Substrate/Glints2/dict_0005_0246.uasset" 7281
"../../../Engine/Content/EngineMaterials/Substrate/Glints2/dict_0005_0244.uasset" 7282
"../../../Engine/Content/EngineMaterials/Substrate/Glints2/dict_0005_0245.uasset" 7283
"../../../Engine/Content/EngineMaterials/Substrate/Glints2/dict_0005_0240.uasset" 7284
"../../../Engine/Content/EngineMaterials/Substrate/Glints2/dict_0005_0239.uasset" 7285
"../../../Engine/Content/EngineMaterials/Substrate/Glints2/dict_0005_0242.uasset" 7286
"../../../Engine/Content/EngineMaterials/Substrate/Glints2/dict_0005_0233.uasset" 7287
"../../../Engine/Content/EngineMaterials/Substrate/Glints2/dict_0005_0238.uasset" 7288
"/Engine/EngineMaterials/Substrate/Glints2/dict_0005_0248" 7289
"../../../Engine/Content/EngineMaterials/Substrate/Glints2/dict_0005_0232.uasset" 7290
"../../../Engine/Content/EngineMaterials/Substrate/Glints2/dict_0005_0234.uasset" 7291
"../../../Engine/Content/EngineMaterials/Substrate/Glints2/dict_0005_0236.uasset" 7292
"../../../Engine/Content/EngineMaterials/Substrate/Glints2/dict_0005_0243.uasset" 7293
"../../../Engine/Content/EngineMaterials/Substrate/Glints2/dict_0005_0235.uasset" 7294
"../../../Engine/Content/EngineMaterials/Substrate/Glints2/dict_0005_0230.uasset" 7295
"../../../Engine/Content/EngineMaterials/Substrate/Glints2/dict_0005_0237.uasset" 7296
"../../../Engine/Content/EngineMaterials/Substrate/Glints2/dict_0005_0241.uasset" 7297
"../../../Engine/Content/EngineMaterials/Substrate/Glints2/dict_0005_0231.uasset" 7298
"/Engine/EngineMaterials/Substrate/Glints2/dict_0005_0249" 7299
"/Engine/EngineMaterials/Substrate/Glints2/dict_0005_0250" 7300
"/Engine/EngineMaterials/Substrate/Glints2/dict_0005_0251" 7301
"/Engine/EngineMaterials/Substrate/Glints2/dict_0005_0252" 7302
"/Engine/EngineMaterials/Substrate/Glints2/dict_0005_0253" 7303
"/Engine/EngineMaterials/Substrate/Glints2/dict_0005_0254" 7304
"/Engine/EngineMaterials/Substrate/Glints2/dict_0005_0255" 7305
"/Engine/EngineMaterials/Substrate/Glints2/dict_0006_0000" 7306
"/Engine/EngineMaterials/Substrate/Glints2/dict_0006_0001" 7307
"/Engine/EngineMaterials/Substrate/Glints2/dict_0006_0002" 7308
"/Engine/EngineMaterials/Substrate/Glints2/dict_0006_0003" 7309
"/Engine/EngineMaterials/Substrate/Glints2/dict_0006_0004" 7310
"/Engine/EngineMaterials/Substrate/Glints2/dict_0005_0240" 7311
"/Engine/EngineMaterials/Substrate/Glints2/dict_0006_0006" 7312
"/Engine/EngineMaterials/Substrate/Glints2/dict_0005_0244" 7313
"/Engine/EngineMaterials/Substrate/Glints2/dict_0005_0245" 7314
"/Engine/EngineMaterials/Substrate/Glints2/dict_0005_0246" 7315
"/Engine/EngineMaterials/Substrate/Glints2/dict_0005_0247" 7316
"../../../Engine/Content/EngineMaterials/Substrate/Glints2/dict_0005_0229.uasset" 7317
"../../../Engine/Content/EngineMaterials/Substrate/Glints2/dict_0005_0228.uasset" 7318
"../../../Engine/Content/EngineMaterials/Substrate/Glints2/dict_0005_0227.uasset" 7319
"../../../Engine/Content/EngineMaterials/Substrate/Glints2/dict_0005_0224.uasset" 7320
"../../../Engine/Content/EngineMaterials/Substrate/Glints2/dict_0005_0217.uasset" 7321
"../../../Engine/Content/EngineMaterials/Substrate/Glints2/dict_0005_0226.uasset" 7322
"../../../Engine/Content/EngineMaterials/Substrate/Glints2/dict_0005_0218.uasset" 7323
"../../../Engine/Content/EngineMaterials/Substrate/Glints2/dict_0005_0211.uasset" 7324
"../../../Engine/Content/EngineMaterials/Substrate/Glints2/dict_0005_0223.uasset" 7325
"../../../Engine/Content/EngineMaterials/Substrate/Glints2/dict_0005_0214.uasset" 7326
"../../../Engine/Content/EngineMaterials/Substrate/Glints2/dict_0005_0220.uasset" 7327
"../../../Engine/Content/EngineMaterials/Substrate/Glints2/dict_0005_0225.uasset" 7328
"../../../Engine/Content/EngineMaterials/Substrate/Glints2/dict_0005_0219.uasset" 7329
"../../../Engine/Content/EngineMaterials/Substrate/Glints2/dict_0005_0222.uasset" 7330
"/Engine/EngineMaterials/Substrate/Glints2/dict_0005_0230" 7331
"../../../Engine/Content/EngineMaterials/Substrate/Glints2/dict_0005_0216.uasset" 7332
"../../../Engine/Content/EngineMaterials/Substrate/Glints2/dict_0005_0213.uasset" 7333
"../../../Engine/Content/EngineMaterials/Substrate/Glints2/dict_0005_0215.uasset" 7334
"../../../Engine/Content/EngineMaterials/Substrate/Glints2/dict_0005_0221.uasset" 7335
"../../../Engine/Content/EngineMaterials/Substrate/Glints2/dict_0005_0212.uasset" 7336
"/Engine/EngineMaterials/Substrate/Glints2/dict_0005_0231" 7337
"/Engine/EngineMaterials/Substrate/Glints2/dict_0005_0232" 7338
"/Engine/EngineMaterials/Substrate/Glints2/dict_0005_0233" 7339
"/Engine/EngineMaterials/Substrate/Glints2/dict_0005_0234" 7340
"/Engine/EngineMaterials/Substrate/Glints2/dict_0005_0235" 7341
"/Engine/EngineMaterials/Substrate/Glints2/dict_0005_0236" 7342
"/Engine/EngineMaterials/Substrate/Glints2/dict_0005_0237" 7343
"/Engine/EngineMaterials/Substrate/Glints2/dict_0005_0238" 7344
"/Engine/EngineMaterials/Substrate/Glints2/dict_0005_0239" 7345
"/Engine/EngineMaterials/Substrate/Glints2/dict_0005_0241" 7346
"/Engine/EngineMaterials/Substrate/Glints2/dict_0005_0242" 7347
"/Engine/EngineMaterials/Substrate/Glints2/dict_0005_0243" 7348
"/Engine/EngineMaterials/Substrate/Glints2/dict_0005_0227" 7349
"/Engine/EngineMaterials/Substrate/Glints2/dict_0005_0228" 7350
"/Engine/EngineMaterials/Substrate/Glints2/dict_0005_0229" 7351
"../../../Engine/Content/EngineMaterials/Substrate/Glints2/dict_0005_0210.uasset" 7352
"../../../Engine/Content/EngineMaterials/Substrate/Glints2/dict_0005_0209.uasset" 7353
"../../../Engine/Content/EngineMaterials/Substrate/Glints2/dict_0005_0207.uasset" 7354
"../../../Engine/Content/EngineMaterials/Substrate/Glints2/dict_0005_0205.uasset" 7355
"../../../Engine/Content/EngineMaterials/Substrate/Glints2/dict_0005_0206.uasset" 7356
"../../../Engine/Content/EngineMaterials/Substrate/Glints2/dict_0005_0199.uasset" 7357
"../../../Engine/Content/EngineMaterials/Substrate/Glints2/dict_0005_0202.uasset" 7358
"../../../Engine/Content/EngineMaterials/Substrate/Glints2/dict_0005_0196.uasset" 7359
"../../../Engine/Content/EngineMaterials/Substrate/Glints2/dict_0005_0195.uasset" 7360
"../../../Engine/Content/EngineMaterials/Substrate/Glints2/dict_0005_0203.uasset" 7361
"../../../Engine/Content/EngineMaterials/Substrate/Glints2/dict_0005_0204.uasset" 7362
"../../../Engine/Content/EngineMaterials/Substrate/Glints2/dict_0005_0208.uasset" 7363
"../../../Engine/Content/EngineMaterials/Substrate/Glints2/dict_0005_0200.uasset" 7364
"/Engine/EngineMaterials/Substrate/Glints2/dict_0005_0211" 7365
"../../../Engine/Content/EngineMaterials/Substrate/Glints2/dict_0005_0197.uasset" 7366
"../../../Engine/Content/EngineMaterials/Substrate/Glints2/dict_0005_0201.uasset" 7367
"../../../Engine/Content/EngineMaterials/Substrate/Glints2/dict_0005_0198.uasset" 7368
"/Engine/EngineMaterials/Substrate/Glints2/dict_0005_0212" 7369
"/Engine/EngineMaterials/Substrate/Glints2/dict_0005_0213" 7370
"/Engine/EngineMaterials/Substrate/Glints2/dict_0005_0214" 7371
"/Engine/EngineMaterials/Substrate/Glints2/dict_0005_0215" 7372
"/Engine/EngineMaterials/Substrate/Glints2/dict_0005_0216" 7373
"/Engine/EngineMaterials/Substrate/Glints2/dict_0005_0217" 7374
"/Engine/EngineMaterials/Substrate/Glints2/dict_0005_0218" 7375
"/Engine/EngineMaterials/Substrate/Glints2/dict_0005_0219" 7376
"/Engine/EngineMaterials/Substrate/Glints2/dict_0005_0220" 7377
"/Engine/EngineMaterials/Substrate/Glints2/dict_0005_0221" 7378
"/Engine/EngineMaterials/Substrate/Glints2/dict_0005_0222" 7379
"/Engine/EngineMaterials/Substrate/Glints2/dict_0005_0223" 7380
"/Engine/EngineMaterials/Substrate/Glints2/dict_0005_0224" 7381
"/Engine/EngineMaterials/Substrate/Glints2/dict_0005_0207" 7382
"/Engine/EngineMaterials/Substrate/Glints2/dict_0005_0225" 7383
"/Engine/EngineMaterials/Substrate/Glints2/dict_0005_0226" 7384
"/Engine/EngineMaterials/Substrate/Glints2/dict_0005_0209" 7385
"/Engine/EngineMaterials/Substrate/Glints2/dict_0005_0210" 7386
"../../../Engine/Content/EngineMaterials/Substrate/Glints2/dict_0005_0193.uasset" 7387
"../../../Engine/Content/EngineMaterials/Substrate/Glints2/dict_0005_0192.uasset" 7388
"../../../Engine/Content/EngineMaterials/Substrate/Glints2/dict_0005_0194.uasset" 7389
"../../../Engine/Content/EngineMaterials/Substrate/Glints2/dict_0005_0188.uasset" 7390
"../../../Engine/Content/EngineMaterials/Substrate/Glints2/dict_0005_0191.uasset" 7391
"../../../Engine/Content/EngineMaterials/Substrate/Glints2/dict_0005_0185.uasset" 7392
"../../../Engine/Content/EngineMaterials/Substrate/Glints2/dict_0005_0187.uasset" 7393
"../../../Engine/Content/EngineMaterials/Substrate/Glints2/dict_0005_0186.uasset" 7394
"../../../Engine/Content/EngineMaterials/Substrate/Glints2/dict_0005_0189.uasset" 7395
"/Engine/EngineMaterials/Substrate/Glints2/dict_0005_0195" 7396
"../../../Engine/Content/EngineMaterials/Substrate/Glints2/dict_0005_0176.uasset" 7397
"../../../Engine/Content/EngineMaterials/Substrate/Glints2/dict_0005_0190.uasset" 7398
"../../../Engine/Content/EngineMaterials/Substrate/Glints2/dict_0005_0178.uasset" 7399
"../../../Engine/Content/EngineMaterials/Substrate/Glints2/dict_0005_0181.uasset" 7400
"../../../Engine/Content/EngineMaterials/Substrate/Glints2/dict_0005_0180.uasset" 7401
"../../../Engine/Content/EngineMaterials/Substrate/Glints2/dict_0005_0179.uasset" 7402
"../../../Engine/Content/EngineMaterials/Substrate/Glints2/dict_0005_0184.uasset" 7403
"../../../Engine/Content/EngineMaterials/Substrate/Glints2/dict_0005_0177.uasset" 7404
"../../../Engine/Content/EngineMaterials/Substrate/Glints2/dict_0005_0183.uasset" 7405
"../../../Engine/Content/EngineMaterials/Substrate/Glints2/dict_0005_0182.uasset" 7406
"/Engine/EngineMaterials/Substrate/Glints2/dict_0005_0196" 7407
"/Engine/EngineMaterials/Substrate/Glints2/dict_0005_0197" 7408
"/Engine/EngineMaterials/Substrate/Glints2/dict_0005_0198" 7409
"/Engine/EngineMaterials/Substrate/Glints2/dict_0005_0199" 7410
"/Engine/EngineMaterials/Substrate/Glints2/dict_0005_0200" 7411
"/Engine/EngineMaterials/Substrate/Glints2/dict_0005_0201" 7412
"/Engine/EngineMaterials/Substrate/Glints2/dict_0005_0202" 7413
"/Engine/EngineMaterials/Substrate/Glints2/dict_0005_0203" 7414
"/Engine/EngineMaterials/Substrate/Glints2/dict_0005_0204" 7415
"/Engine/EngineMaterials/Substrate/Glints2/dict_0005_0205" 7416
"/Engine/EngineMaterials/Substrate/Glints2/dict_0005_0206" 7417
"/Engine/EngineMaterials/Substrate/Glints2/dict_0005_0192" 7418
"/Engine/EngineMaterials/Substrate/Glints2/dict_0005_0208" 7419
"/Engine/EngineMaterials/Substrate/Glints2/dict_0005_0193" 7420
"/Engine/EngineMaterials/Substrate/Glints2/dict_0005_0194" 7421
"../../../Engine/Content/EngineMaterials/Substrate/Glints2/dict_0005_0174.uasset" 7422
"../../../Engine/Content/EngineMaterials/Substrate/Glints2/dict_0005_0172.uasset" 7423
"../../../Engine/Content/EngineMaterials/Substrate/Glints2/dict_0005_0171.uasset" 7424
"../../../Engine/Content/EngineMaterials/Substrate/Glints2/dict_0005_0169.uasset" 7425
"../../../Engine/Content/EngineMaterials/Substrate/Glints2/dict_0005_0167.uasset" 7426
"../../../Engine/Content/EngineMaterials/Substrate/Glints2/dict_0005_0173.uasset" 7427
"../../../Engine/Content/EngineMaterials/Substrate/Glints2/dict_0005_0165.uasset" 7428
"../../../Engine/Content/EngineMaterials/Substrate/Glints2/dict_0005_0163.uasset" 7429
"../../../Engine/Content/EngineMaterials/Substrate/Glints2/dict_0005_0162.uasset" 7430
"../../../Engine/Content/EngineMaterials/Substrate/Glints2/dict_0005_0160.uasset" 7431
"/Engine/EngineMaterials/Substrate/Glints2/dict_0005_0176" 7432
"../../../Engine/Content/EngineMaterials/Substrate/Glints2/dict_0005_0164.uasset" 7433
"../../../Engine/Content/EngineMaterials/Substrate/Glints2/dict_0005_0166.uasset" 7434
"../../../Engine/Content/EngineMaterials/Substrate/Glints2/dict_0005_0170.uasset" 7435
"../../../Engine/Content/EngineMaterials/Substrate/Glints2/dict_0005_0175.uasset" 7436
"../../../Engine/Content/EngineMaterials/Substrate/Glints2/dict_0005_0161.uasset" 7437
"../../../Engine/Content/EngineMaterials/Substrate/Glints2/dict_0005_0168.uasset" 7438
"/Engine/EngineMaterials/Substrate/Glints2/dict_0005_0177" 7439
"/Engine/EngineMaterials/Substrate/Glints2/dict_0005_0178" 7440
"/Engine/EngineMaterials/Substrate/Glints2/dict_0005_0179" 7441
"/Engine/EngineMaterials/Substrate/Glints2/dict_0005_0180" 7442
"/Engine/EngineMaterials/Substrate/Glints2/dict_0005_0181" 7443
"/Engine/EngineMaterials/Substrate/Glints2/dict_0005_0182" 7444
"/Engine/EngineMaterials/Substrate/Glints2/dict_0005_0183" 7445
"/Engine/EngineMaterials/Substrate/Glints2/dict_0005_0184" 7446
"/Engine/EngineMaterials/Substrate/Glints2/dict_0005_0185" 7447
"/Engine/EngineMaterials/Substrate/Glints2/dict_0005_0186" 7448
"/Engine/EngineMaterials/Substrate/Glints2/dict_0005_0187" 7449
"/Engine/EngineMaterials/Substrate/Glints2/dict_0005_0188" 7450
"/Engine/EngineMaterials/Substrate/Glints2/dict_0005_0169" 7451
"/Engine/EngineMaterials/Substrate/Glints2/dict_0005_0189" 7452
"/Engine/EngineMaterials/Substrate/Glints2/dict_0005_0171" 7453
"/Engine/EngineMaterials/Substrate/Glints2/dict_0005_0190" 7454
"/Engine/EngineMaterials/Substrate/Glints2/dict_0005_0191" 7455
"/Engine/EngineMaterials/Substrate/Glints2/dict_0005_0172" 7456
"/Engine/EngineMaterials/Substrate/Glints2/dict_0005_0174" 7457
"../../../Engine/Content/EngineMaterials/Substrate/Glints2/dict_0005_0158.uasset" 7458
"../../../Engine/Content/EngineMaterials/Substrate/Glints2/dict_0005_0159.uasset" 7459
"../../../Engine/Content/EngineMaterials/Substrate/Glints2/dict_0005_0157.uasset" 7460
"../../../Engine/Content/EngineMaterials/Substrate/Glints2/dict_0005_0148.uasset" 7461
"../../../Engine/Content/EngineMaterials/Substrate/Glints2/dict_0005_0155.uasset" 7462
"../../../Engine/Content/EngineMaterials/Substrate/Glints2/dict_0005_0152.uasset" 7463
"/Engine/EngineMaterials/Substrate/Glints2/dict_0005_0160" 7464
"../../../Engine/Content/EngineMaterials/Substrate/Glints2/dict_0005_0149.uasset" 7465
"../../../Engine/Content/EngineMaterials/Substrate/Glints2/dict_0005_0142.uasset" 7466
"../../../Engine/Content/EngineMaterials/Substrate/Glints2/dict_0005_0150.uasset" 7467
"../../../Engine/Content/EngineMaterials/Substrate/Glints2/dict_0005_0151.uasset" 7468
"../../../Engine/Content/EngineMaterials/Substrate/Glints2/dict_0005_0153.uasset" 7469
"../../../Engine/Content/EngineMaterials/Substrate/Glints2/dict_0005_0156.uasset" 7470
"../../../Engine/Content/EngineMaterials/Substrate/Glints2/dict_0005_0154.uasset" 7471
"../../../Engine/Content/EngineMaterials/Substrate/Glints2/dict_0005_0147.uasset" 7472
"../../../Engine/Content/EngineMaterials/Substrate/Glints2/dict_0005_0144.uasset" 7473
"../../../Engine/Content/EngineMaterials/Substrate/Glints2/dict_0005_0145.uasset" 7474
"/Engine/EngineMaterials/Substrate/Glints2/dict_0005_0161" 7475
"../../../Engine/Content/EngineMaterials/Substrate/Glints2/dict_0005_0141.uasset" 7476
"../../../Engine/Content/EngineMaterials/Substrate/Glints2/dict_0005_0140.uasset" 7477
"../../../Engine/Content/EngineMaterials/Substrate/Glints2/dict_0005_0143.uasset" 7478
"../../../Engine/Content/EngineMaterials/Substrate/Glints2/dict_0005_0146.uasset" 7479
"/Engine/EngineMaterials/Substrate/Glints2/dict_0005_0162" 7480
"/Engine/EngineMaterials/Substrate/Glints2/dict_0005_0163" 7481
"/Engine/EngineMaterials/Substrate/Glints2/dict_0005_0164" 7482
"/Engine/EngineMaterials/Substrate/Glints2/dict_0005_0165" 7483
"/Engine/EngineMaterials/Substrate/Glints2/dict_0005_0166" 7484
"/Engine/EngineMaterials/Substrate/Glints2/dict_0005_0167" 7485
"/Engine/EngineMaterials/Substrate/Glints2/dict_0005_0168" 7486
"/Engine/EngineMaterials/Substrate/Glints2/dict_0005_0170" 7487
"/Engine/EngineMaterials/Substrate/Glints2/dict_0005_0158" 7488
"/Engine/EngineMaterials/Substrate/Glints2/dict_0005_0173" 7489
"/Engine/EngineMaterials/Substrate/Glints2/dict_0005_0159" 7490
"/Engine/EngineMaterials/Substrate/Glints2/dict_0005_0175" 7491
"../../../Engine/Content/EngineMaterials/Substrate/Glints2/dict_0005_0137.uasset" 7492
"../../../Engine/Content/EngineMaterials/Substrate/Glints2/dict_0005_0138.uasset" 7493
"../../../Engine/Content/EngineMaterials/Substrate/Glints2/dict_0005_0139.uasset" 7494
"../../../Engine/Content/EngineMaterials/Substrate/Glints2/dict_0005_0135.uasset" 7495
"../../../Engine/Content/EngineMaterials/Substrate/Glints2/dict_0005_0131.uasset" 7496
"../../../Engine/Content/EngineMaterials/Substrate/Glints2/dict_0005_0128.uasset" 7497
"../../../Engine/Content/EngineMaterials/Substrate/Glints2/dict_0005_0126.uasset" 7498
"/Engine/EngineMaterials/Substrate/Glints2/dict_0005_0140" 7499
"../../../Engine/Content/EngineMaterials/Substrate/Glints2/dict_0005_0136.uasset" 7500
"../../../Engine/Content/EngineMaterials/Substrate/Glints2/dict_0005_0133.uasset" 7501
"../../../Engine/Content/EngineMaterials/Substrate/Glints2/dict_0005_0134.uasset" 7502
"../../../Engine/Content/EngineMaterials/Substrate/Glints2/dict_0005_0127.uasset" 7503
"../../../Engine/Content/EngineMaterials/Substrate/Glints2/dict_0005_0132.uasset" 7504
"../../../Engine/Content/EngineMaterials/Substrate/Glints2/dict_0005_0129.uasset" 7505
"../../../Engine/Content/EngineMaterials/Substrate/Glints2/dict_0005_0130.uasset" 7506
"/Engine/EngineMaterials/Substrate/Glints2/dict_0005_0141" 7507
"/Engine/EngineMaterials/Substrate/Glints2/dict_0005_0142" 7508
"/Engine/EngineMaterials/Substrate/Glints2/dict_0005_0143" 7509
"/Engine/EngineMaterials/Substrate/Glints2/dict_0005_0144" 7510
"/Engine/EngineMaterials/Substrate/Glints2/dict_0005_0145" 7511
"/Engine/EngineMaterials/Substrate/Glints2/dict_0005_0146" 7512
"/Engine/EngineMaterials/Substrate/Glints2/dict_0005_0147" 7513
"/Engine/EngineMaterials/Substrate/Glints2/dict_0005_0148" 7514
"/Engine/EngineMaterials/Substrate/Glints2/dict_0005_0149" 7515
"/Engine/EngineMaterials/Substrate/Glints2/dict_0005_0150" 7516
"/Engine/EngineMaterials/Substrate/Glints2/dict_0005_0151" 7517
"/Engine/EngineMaterials/Substrate/Glints2/dict_0005_0152" 7518
"/Engine/EngineMaterials/Substrate/Glints2/dict_0005_0153" 7519
"/Engine/EngineMaterials/Substrate/Glints2/dict_0005_0154" 7520
"/Engine/EngineMaterials/Substrate/Glints2/dict_0005_0155" 7521
"/Engine/EngineMaterials/Substrate/Glints2/dict_0005_0156" 7522
"/Engine/EngineMaterials/Substrate/Glints2/dict_0005_0157" 7523
"/Engine/EngineMaterials/Substrate/Glints2/dict_0005_0137" 7524
"/Engine/EngineMaterials/Substrate/Glints2/dict_0005_0138" 7525
"../../../Engine/Content/EngineMaterials/Substrate/Glints2/dict_0005_0125.uasset" 7526
"../../../Engine/Content/EngineMaterials/Substrate/Glints2/dict_0005_0124.uasset" 7527
"../../../Engine/Content/EngineMaterials/Substrate/Glints2/dict_0005_0122.uasset" 7528
"../../../Engine/Content/EngineMaterials/Substrate/Glints2/dict_0005_0118.uasset" 7529
"../../../Engine/Content/EngineMaterials/Substrate/Glints2/dict_0005_0116.uasset" 7530
"../../../Engine/Content/EngineMaterials/Substrate/Glints2/dict_0005_0119.uasset" 7531
"../../../Engine/Content/EngineMaterials/Substrate/Glints2/dict_0005_0108.uasset" 7532
"../../../Engine/Content/EngineMaterials/Substrate/Glints2/dict_0005_0111.uasset" 7533
"../../../Engine/Content/EngineMaterials/Substrate/Glints2/dict_0005_0106.uasset" 7534
"../../../Engine/Content/EngineMaterials/Substrate/Glints2/dict_0005_0120.uasset" 7535
"/Engine/EngineMaterials/Substrate/Glints2/dict_0005_0126" 7536
"../../../Engine/Content/EngineMaterials/Substrate/Glints2/dict_0005_0113.uasset" 7537
"../../../Engine/Content/EngineMaterials/Substrate/Glints2/dict_0005_0110.uasset" 7538
"../../../Engine/Content/EngineMaterials/Substrate/Glints2/dict_0005_0114.uasset" 7539
"../../../Engine/Content/EngineMaterials/Substrate/Glints2/dict_0005_0115.uasset" 7540
"../../../Engine/Content/EngineMaterials/Substrate/Glints2/dict_0005_0123.uasset" 7541
"../../../Engine/Content/EngineMaterials/Substrate/Glints2/dict_0005_0121.uasset" 7542
"../../../Engine/Content/EngineMaterials/Substrate/Glints2/dict_0005_0112.uasset" 7543
"../../../Engine/Content/EngineMaterials/Substrate/Glints2/dict_0005_0109.uasset" 7544
"../../../Engine/Content/EngineMaterials/Substrate/Glints2/dict_0005_0117.uasset" 7545
"../../../Engine/Content/EngineMaterials/Substrate/Glints2/dict_0005_0107.uasset" 7546
"/Engine/EngineMaterials/Substrate/Glints2/dict_0005_0127" 7547
"/Engine/EngineMaterials/Substrate/Glints2/dict_0005_0128" 7548
"/Engine/EngineMaterials/Substrate/Glints2/dict_0005_0129" 7549
"/Engine/EngineMaterials/Substrate/Glints2/dict_0005_0130" 7550
"/Engine/EngineMaterials/Substrate/Glints2/dict_0005_0131" 7551
"/Engine/EngineMaterials/Substrate/Glints2/dict_0005_0132" 7552
"/Engine/EngineMaterials/Substrate/Glints2/dict_0005_0133" 7553
"/Engine/EngineMaterials/Substrate/Glints2/dict_0005_0134" 7554
"/Engine/EngineMaterials/Substrate/Glints2/dict_0005_0135" 7555
"/Engine/EngineMaterials/Substrate/Glints2/dict_0005_0122" 7556
"/Engine/EngineMaterials/Substrate/Glints2/dict_0005_0136" 7557
"/Engine/EngineMaterials/Substrate/Glints2/dict_0005_0124" 7558
"/Engine/EngineMaterials/Substrate/Glints2/dict_0005_0125" 7559
"/Engine/EngineMaterials/Substrate/Glints2/dict_0005_0139" 7560
"../../../Engine/Content/EngineMaterials/Substrate/Glints2/dict_0005_0105.uasset" 7561
"../../../Engine/Content/EngineMaterials/Substrate/Glints2/dict_0005_0104.uasset" 7562
"../../../Engine/Content/EngineMaterials/Substrate/Glints2/dict_0005_0101.uasset" 7563
"../../../Engine/Content/EngineMaterials/Substrate/Glints2/dict_0005_0099.uasset" 7564
"../../../Engine/Content/EngineMaterials/Substrate/Glints2/dict_0005_0102.uasset" 7565
"../../../Engine/Content/EngineMaterials/Substrate/Glints2/dict_0005_0095.uasset" 7566
"../../../Engine/Content/EngineMaterials/Substrate/Glints2/dict_0005_0096.uasset" 7567
"../../../Engine/Content/EngineMaterials/Substrate/Glints2/dict_0005_0103.uasset" 7568
"../../../Engine/Content/EngineMaterials/Substrate/Glints2/dict_0005_0097.uasset" 7569
"../../../Engine/Content/EngineMaterials/Substrate/Glints2/dict_0005_0092.uasset" 7570
"../../../Engine/Content/EngineMaterials/Substrate/Glints2/dict_0005_0091.uasset" 7571
"../../../Engine/Content/EngineMaterials/Substrate/Glints2/dict_0005_0098.uasset" 7572
"../../../Engine/Content/EngineMaterials/Substrate/Glints2/dict_0005_0093.uasset" 7573
"../../../Engine/Content/EngineMaterials/Substrate/Glints2/dict_0005_0100.uasset" 7574
"/Engine/EngineMaterials/Substrate/Glints2/dict_0005_0106" 7575
"../../../Engine/Content/EngineMaterials/Substrate/Glints2/dict_0005_0094.uasset" 7576
"/Engine/EngineMaterials/Substrate/Glints2/dict_0005_0107" 7577
"/Engine/EngineMaterials/Substrate/Glints2/dict_0005_0108" 7578
"/Engine/EngineMaterials/Substrate/Glints2/dict_0005_0109" 7579
"/Engine/EngineMaterials/Substrate/Glints2/dict_0005_0110" 7580
"/Engine/EngineMaterials/Substrate/Glints2/dict_0005_0111" 7581
"/Engine/EngineMaterials/Substrate/Glints2/dict_0005_0112" 7582
"/Engine/EngineMaterials/Substrate/Glints2/dict_0005_0113" 7583
"/Engine/EngineMaterials/Substrate/Glints2/dict_0005_0114" 7584
"/Engine/EngineMaterials/Substrate/Glints2/dict_0005_0115" 7585
"/Engine/EngineMaterials/Substrate/Glints2/dict_0005_0116" 7586
"/Engine/EngineMaterials/Substrate/Glints2/dict_0005_0117" 7587
"/Engine/EngineMaterials/Substrate/Glints2/dict_0005_0118" 7588
"/Engine/EngineMaterials/Substrate/Glints2/dict_0005_0119" 7589
"/Engine/EngineMaterials/Substrate/Glints2/dict_0005_0120" 7590
"/Engine/EngineMaterials/Substrate/Glints2/dict_0005_0121" 7591
"/Engine/EngineMaterials/Substrate/Glints2/dict_0005_0123" 7592
"/Engine/EngineMaterials/Substrate/Glints2/dict_0005_0104" 7593
"/Engine/EngineMaterials/Substrate/Glints2/dict_0005_0105" 7594
"../../../Engine/Content/EngineMaterials/Substrate/Glints2/dict_0005_0089.uasset" 7595
"../../../Engine/Content/EngineMaterials/Substrate/Glints2/dict_0005_0088.uasset" 7596
"../../../Engine/Content/EngineMaterials/Substrate/Glints2/dict_0005_0086.uasset" 7597
"../../../Engine/Content/EngineMaterials/Substrate/Glints2/dict_0005_0079.uasset" 7598
"../../../Engine/Content/EngineMaterials/Substrate/Glints2/dict_0005_0087.uasset" 7599
"../../../Engine/Content/EngineMaterials/Substrate/Glints2/dict_0005_0083.uasset" 7600
"../../../Engine/Content/EngineMaterials/Substrate/Glints2/dict_0005_0076.uasset" 7601
"/Engine/EngineMaterials/Substrate/Glints2/dict_0005_0091" 7602
"../../../Engine/Content/EngineMaterials/Substrate/Glints2/dict_0005_0072.uasset" 7603
"../../../Engine/Content/EngineMaterials/Substrate/Glints2/dict_0005_0078.uasset" 7604
"../../../Engine/Content/EngineMaterials/Substrate/Glints2/dict_0005_0080.uasset" 7605
"../../../Engine/Content/EngineMaterials/Substrate/Glints2/dict_0005_0084.uasset" 7606
"../../../Engine/Content/EngineMaterials/Substrate/Glints2/dict_0005_0081.uasset" 7607
"../../../Engine/Content/EngineMaterials/Substrate/Glints2/dict_0005_0077.uasset" 7608
"../../../Engine/Content/EngineMaterials/Substrate/Glints2/dict_0005_0090.uasset" 7609
"../../../Engine/Content/EngineMaterials/Substrate/Glints2/dict_0005_0074.uasset" 7610
"../../../Engine/Content/EngineMaterials/Substrate/Glints2/dict_0005_0082.uasset" 7611
"../../../Engine/Content/EngineMaterials/Substrate/Glints2/dict_0005_0073.uasset" 7612
"../../../Engine/Content/EngineMaterials/Substrate/Glints2/dict_0005_0075.uasset" 7613
"/Engine/EngineMaterials/Substrate/Glints2/dict_0005_0092" 7614
"../../../Engine/Content/EngineMaterials/Substrate/Glints2/dict_0005_0085.uasset" 7615
"/Engine/EngineMaterials/Substrate/Glints2/dict_0005_0093" 7616
"/Engine/EngineMaterials/Substrate/Glints2/dict_0005_0094" 7617
"/Engine/EngineMaterials/Substrate/Glints2/dict_0005_0095" 7618
"/Engine/EngineMaterials/Substrate/Glints2/dict_0005_0096" 7619
"/Engine/EngineMaterials/Substrate/Glints2/dict_0005_0097" 7620
"/Engine/EngineMaterials/Substrate/Glints2/dict_0005_0098" 7621
"/Engine/EngineMaterials/Substrate/Glints2/dict_0005_0099" 7622
"/Engine/EngineMaterials/Substrate/Glints2/dict_0005_0100" 7623
"/Engine/EngineMaterials/Substrate/Glints2/dict_0005_0101" 7624
"/Engine/EngineMaterials/Substrate/Glints2/dict_0005_0088" 7625
"/Engine/EngineMaterials/Substrate/Glints2/dict_0005_0102" 7626
"/Engine/EngineMaterials/Substrate/Glints2/dict_0005_0103" 7627
"/Engine/EngineMaterials/Substrate/Glints2/dict_0005_0089" 7628
"../../../Engine/Content/EngineMaterials/Substrate/Glints2/dict_0005_0070.uasset" 7629
"../../../Engine/Content/EngineMaterials/Substrate/Glints2/dict_0005_0071.uasset" 7630
"../../../Engine/Content/EngineMaterials/Substrate/Glints2/dict_0005_0068.uasset" 7631
"../../../Engine/Content/EngineMaterials/Substrate/Glints2/dict_0005_0069.uasset" 7632
"../../../Engine/Content/EngineMaterials/Substrate/Glints2/dict_0005_0064.uasset" 7633
"../../../Engine/Content/EngineMaterials/Substrate/Glints2/dict_0005_0063.uasset" 7634
"/Engine/EngineMaterials/Substrate/Glints2/dict_0005_0072" 7635
"../../../Engine/Content/EngineMaterials/Substrate/Glints2/dict_0005_0058.uasset" 7636
"../../../Engine/Content/EngineMaterials/Substrate/Glints2/dict_0005_0061.uasset" 7637
"../../../Engine/Content/EngineMaterials/Substrate/Glints2/dict_0005_0065.uasset" 7638
"../../../Engine/Content/EngineMaterials/Substrate/Glints2/dict_0005_0059.uasset" 7639
"../../../Engine/Content/EngineMaterials/Substrate/Glints2/dict_0005_0062.uasset" 7640
"../../../Engine/Content/EngineMaterials/Substrate/Glints2/dict_0005_0066.uasset" 7641
"../../../Engine/Content/EngineMaterials/Substrate/Glints2/dict_0005_0060.uasset" 7642
"../../../Engine/Content/EngineMaterials/Substrate/Glints2/dict_0005_0057.uasset" 7643
"../../../Engine/Content/EngineMaterials/Substrate/Glints2/dict_0005_0067.uasset" 7644
"/Engine/EngineMaterials/Substrate/Glints2/dict_0005_0073" 7645
"/Engine/EngineMaterials/Substrate/Glints2/dict_0005_0074" 7646
"/Engine/EngineMaterials/Substrate/Glints2/dict_0005_0075" 7647
"/Engine/EngineMaterials/Substrate/Glints2/dict_0005_0076" 7648
"/Engine/EngineMaterials/Substrate/Glints2/dict_0005_0077" 7649
"/Engine/EngineMaterials/Substrate/Glints2/dict_0005_0078" 7650
"/Engine/EngineMaterials/Substrate/Glints2/dict_0005_0079" 7651
"/Engine/EngineMaterials/Substrate/Glints2/dict_0005_0080" 7652
"/Engine/EngineMaterials/Substrate/Glints2/dict_0005_0081" 7653
"/Engine/EngineMaterials/Substrate/Glints2/dict_0005_0082" 7654
"/Engine/EngineMaterials/Substrate/Glints2/dict_0005_0083" 7655
"/Engine/EngineMaterials/Substrate/Glints2/dict_0005_0084" 7656
"/Engine/EngineMaterials/Substrate/Glints2/dict_0005_0085" 7657
"/Engine/EngineMaterials/Substrate/Glints2/dict_0005_0086" 7658
"/Engine/EngineMaterials/Substrate/Glints2/dict_0005_0087" 7659
"/Engine/EngineMaterials/Substrate/Glints2/dict_0005_0070" 7660
"/Engine/EngineMaterials/Substrate/Glints2/dict_0005_0071" 7661
"/Engine/EngineMaterials/Substrate/Glints2/dict_0005_0090" 7662
"../../../Engine/Content/EngineMaterials/Substrate/Glints2/dict_0005_0056.uasset" 7663
"../../../Engine/Content/EngineMaterials/Substrate/Glints2/dict_0005_0055.uasset" 7664
"../../../Engine/Content/EngineMaterials/Substrate/Glints2/dict_0005_0052.uasset" 7665
"../../../Engine/Content/EngineMaterials/Substrate/Glints2/dict_0005_0050.uasset" 7666
"../../../Engine/Content/EngineMaterials/Substrate/Glints2/dict_0005_0047.uasset" 7667
"../../../Engine/Content/EngineMaterials/Substrate/Glints2/dict_0005_0048.uasset" 7668
"../../../Engine/Content/EngineMaterials/Substrate/Glints2/dict_0005_0044.uasset" 7669
"../../../Engine/Content/EngineMaterials/Substrate/Glints2/dict_0005_0042.uasset" 7670
"../../../Engine/Content/EngineMaterials/Substrate/Glints2/dict_0005_0051.uasset" 7671
"../../../Engine/Content/EngineMaterials/Substrate/Glints2/dict_0005_0043.uasset" 7672
"../../../Engine/Content/EngineMaterials/Substrate/Glints2/dict_0005_0038.uasset" 7673
"/Engine/EngineMaterials/Substrate/Glints2/dict_0005_0057" 7674
"../../../Engine/Content/EngineMaterials/Substrate/Glints2/dict_0005_0045.uasset" 7675
"../../../Engine/Content/EngineMaterials/Substrate/Glints2/dict_0005_0040.uasset" 7676
"../../../Engine/Content/EngineMaterials/Substrate/Glints2/dict_0005_0054.uasset" 7677
"../../../Engine/Content/EngineMaterials/Substrate/Glints2/dict_0005_0039.uasset" 7678
"../../../Engine/Content/EngineMaterials/Substrate/Glints2/dict_0005_0041.uasset" 7679
"../../../Engine/Content/EngineMaterials/Substrate/Glints2/dict_0005_0049.uasset" 7680
"../../../Engine/Content/EngineMaterials/Substrate/Glints2/dict_0005_0046.uasset" 7681
"../../../Engine/Content/EngineMaterials/Substrate/Glints2/dict_0005_0053.uasset" 7682
"/Engine/EngineMaterials/Substrate/Glints2/dict_0005_0058" 7683
"/Engine/EngineMaterials/Substrate/Glints2/dict_0005_0059" 7684
"/Engine/EngineMaterials/Substrate/Glints2/dict_0005_0060" 7685
"/Engine/EngineMaterials/Substrate/Glints2/dict_0005_0061" 7686
"/Engine/EngineMaterials/Substrate/Glints2/dict_0005_0062" 7687
"/Engine/EngineMaterials/Substrate/Glints2/dict_0005_0063" 7688
"/Engine/EngineMaterials/Substrate/Glints2/dict_0005_0064" 7689
"/Engine/EngineMaterials/Substrate/Glints2/dict_0005_0065" 7690
"/Engine/EngineMaterials/Substrate/Glints2/dict_0005_0052" 7691
"/Engine/EngineMaterials/Substrate/Glints2/dict_0005_0066" 7692
"/Engine/EngineMaterials/Substrate/Glints2/dict_0005_0067" 7693
"/Engine/EngineMaterials/Substrate/Glints2/dict_0005_0068" 7694
"/Engine/EngineMaterials/Substrate/Glints2/dict_0005_0069" 7695
"/Engine/EngineMaterials/Substrate/Glints2/dict_0005_0055" 7696
"/Engine/EngineMaterials/Substrate/Glints2/dict_0005_0056" 7697
"../../../Engine/Content/EngineMaterials/Substrate/Glints2/dict_0005_0037.uasset" 7698
"../../../Engine/Content/EngineMaterials/Substrate/Glints2/dict_0005_0035.uasset" 7699
"../../../Engine/Content/EngineMaterials/Substrate/Glints2/dict_0005_0036.uasset" 7700
"../../../Engine/Content/EngineMaterials/Substrate/Glints2/dict_0005_0031.uasset" 7701
"../../../Engine/Content/EngineMaterials/Substrate/Glints2/dict_0005_0032.uasset" 7702
"../../../Engine/Content/EngineMaterials/Substrate/Glints2/dict_0005_0030.uasset" 7703
"../../../Engine/Content/EngineMaterials/Substrate/Glints2/dict_0005_0033.uasset" 7704
"../../../Engine/Content/EngineMaterials/Substrate/Glints2/dict_0005_0029.uasset" 7705
"../../../Engine/Content/EngineMaterials/Substrate/Glints2/dict_0005_0025.uasset" 7706
"../../../Engine/Content/EngineMaterials/Substrate/Glints2/dict_0005_0022.uasset" 7707
"../../../Engine/Content/EngineMaterials/Substrate/Glints2/dict_0005_0024.uasset" 7708
"../../../Engine/Content/EngineMaterials/Substrate/Glints2/dict_0005_0034.uasset" 7709
"/Engine/EngineMaterials/Substrate/Glints2/dict_0005_0038" 7710
"../../../Engine/Content/EngineMaterials/Substrate/Glints2/dict_0005_0027.uasset" 7711
"../../../Engine/Content/EngineMaterials/Substrate/Glints2/dict_0005_0026.uasset" 7712
"../../../Engine/Content/EngineMaterials/Substrate/Glints2/dict_0005_0023.uasset" 7713
"../../../Engine/Content/EngineMaterials/Substrate/Glints2/dict_0005_0028.uasset" 7714
"/Engine/EngineMaterials/Substrate/Glints2/dict_0005_0039" 7715
"/Engine/EngineMaterials/Substrate/Glints2/dict_0005_0040" 7716
"/Engine/EngineMaterials/Substrate/Glints2/dict_0005_0041" 7717
"/Engine/EngineMaterials/Substrate/Glints2/dict_0005_0042" 7718
"/Engine/EngineMaterials/Substrate/Glints2/dict_0005_0043" 7719
"/Engine/EngineMaterials/Substrate/Glints2/dict_0005_0044" 7720
"/Engine/EngineMaterials/Substrate/Glints2/dict_0005_0045" 7721
"/Engine/EngineMaterials/Substrate/Glints2/dict_0005_0046" 7722
"/Engine/EngineMaterials/Substrate/Glints2/dict_0005_0047" 7723
"/Engine/EngineMaterials/Substrate/Glints2/dict_0005_0048" 7724
"/Engine/EngineMaterials/Substrate/Glints2/dict_0005_0049" 7725
"/Engine/EngineMaterials/Substrate/Glints2/dict_0005_0050" 7726
"/Engine/EngineMaterials/Substrate/Glints2/dict_0005_0051" 7727
"/Engine/EngineMaterials/Substrate/Glints2/dict_0005_0031" 7728
"/Engine/EngineMaterials/Substrate/Glints2/dict_0005_0053" 7729
"/Engine/EngineMaterials/Substrate/Glints2/dict_0005_0035" 7730
"/Engine/EngineMaterials/Substrate/Glints2/dict_0005_0054" 7731
"/Engine/EngineMaterials/Substrate/Glints2/dict_0005_0036" 7732
"/Engine/EngineMaterials/Substrate/Glints2/dict_0005_0037" 7733
"../../../Engine/Content/EngineMaterials/Substrate/Glints2/dict_0005_0020.uasset" 7734
"../../../Engine/Content/EngineMaterials/Substrate/Glints2/dict_0005_0019.uasset" 7735
"../../../Engine/Content/EngineMaterials/Substrate/Glints2/dict_0005_0021.uasset" 7736
"../../../Engine/Content/EngineMaterials/Substrate/Glints2/dict_0005_0018.uasset" 7737
"../../../Engine/Content/EngineMaterials/Substrate/Glints2/dict_0005_0011.uasset" 7738
"../../../Engine/Content/EngineMaterials/Substrate/Glints2/dict_0005_0009.uasset" 7739
"../../../Engine/Content/EngineMaterials/Substrate/Glints2/dict_0005_0014.uasset" 7740
"../../../Engine/Content/EngineMaterials/Substrate/Glints2/dict_0005_0005.uasset" 7741
"../../../Engine/Content/EngineMaterials/Substrate/Glints2/dict_0005_0007.uasset" 7742
"../../../Engine/Content/EngineMaterials/Substrate/Glints2/dict_0005_0002.uasset" 7743
"../../../Engine/Content/EngineMaterials/Substrate/Glints2/dict_0005_0008.uasset" 7744
"../../../Engine/Content/EngineMaterials/Substrate/Glints2/dict_0005_0013.uasset" 7745
"../../../Engine/Content/EngineMaterials/Substrate/Glints2/dict_0005_0015.uasset" 7746
"../../../Engine/Content/EngineMaterials/Substrate/Glints2/dict_0005_0012.uasset" 7747
"../../../Engine/Content/EngineMaterials/Substrate/Glints2/dict_0005_0016.uasset" 7748
"../../../Engine/Content/EngineMaterials/Substrate/Glints2/dict_0005_0004.uasset" 7749
"../../../Engine/Content/EngineMaterials/Substrate/Glints2/dict_0005_0006.uasset" 7750
"../../../Engine/Content/EngineMaterials/Substrate/Glints2/dict_0005_0003.uasset" 7751
"/Engine/EngineMaterials/Substrate/Glints2/dict_0005_0022" 7752
"../../../Engine/Content/EngineMaterials/Substrate/Glints2/dict_0005_0017.uasset" 7753
"../../../Engine/Content/EngineMaterials/Substrate/Glints2/dict_0005_0010.uasset" 7754
"/Engine/EngineMaterials/Substrate/Glints2/dict_0005_0023" 7755
"/Engine/EngineMaterials/Substrate/Glints2/dict_0005_0024" 7756
"/Engine/EngineMaterials/Substrate/Glints2/dict_0005_0025" 7757
"/Engine/EngineMaterials/Substrate/Glints2/dict_0005_0026" 7758
"/Engine/EngineMaterials/Substrate/Glints2/dict_0005_0027" 7759
"/Engine/EngineMaterials/Substrate/Glints2/dict_0005_0028" 7760
"/Engine/EngineMaterials/Substrate/Glints2/dict_0005_0029" 7761
"/Engine/EngineMaterials/Substrate/Glints2/dict_0005_0030" 7762
"/Engine/EngineMaterials/Substrate/Glints2/dict_0005_0032" 7763
"/Engine/EngineMaterials/Substrate/Glints2/dict_0005_0033" 7764
"/Engine/EngineMaterials/Substrate/Glints2/dict_0005_0034" 7765
"/Engine/EngineMaterials/Substrate/Glints2/dict_0005_0018" 7766
"/Engine/EngineMaterials/Substrate/Glints2/dict_0005_0019" 7767
"/Engine/EngineMaterials/Substrate/Glints2/dict_0005_0020" 7768
"/Engine/EngineMaterials/Substrate/Glints2/dict_0005_0021" 7769
"../../../Engine/Content/EngineMaterials/Substrate/Glints2/dict_0005_0001.uasset" 7770
"../../../Engine/Content/EngineMaterials/Substrate/Glints2/dict_0005_0000.uasset" 7771
"../../../Engine/Content/EngineMaterials/Substrate/Glints2/dict_0004_0254.uasset" 7772
"../../../Engine/Content/EngineMaterials/Substrate/Glints2/dict_0004_0252.uasset" 7773
"../../../Engine/Content/EngineMaterials/Substrate/Glints2/dict_0004_0253.uasset" 7774
"../../../Engine/Content/EngineMaterials/Substrate/Glints2/dict_0004_0247.uasset" 7775
"../../../Engine/Content/EngineMaterials/Substrate/Glints2/dict_0004_0255.uasset" 7776
"../../../Engine/Content/EngineMaterials/Substrate/Glints2/dict_0004_0245.uasset" 7777
"../../../Engine/Content/EngineMaterials/Substrate/Glints2/dict_0004_0248.uasset" 7778
"../../../Engine/Content/EngineMaterials/Substrate/Glints2/dict_0004_0250.uasset" 7779
"../../../Engine/Content/EngineMaterials/Substrate/Glints2/dict_0004_0244.uasset" 7780
"../../../Engine/Content/EngineMaterials/Substrate/Glints2/dict_0004_0249.uasset" 7781
"../../../Engine/Content/EngineMaterials/Substrate/Glints2/dict_0004_0242.uasset" 7782
"/Engine/EngineMaterials/Substrate/Glints2/dict_0005_0002" 7783
"../../../Engine/Content/EngineMaterials/Substrate/Glints2/dict_0004_0243.uasset" 7784
"../../../Engine/Content/EngineMaterials/Substrate/Glints2/dict_0004_0251.uasset" 7785
"../../../Engine/Content/EngineMaterials/Substrate/Glints2/dict_0004_0246.uasset" 7786
"/Engine/EngineMaterials/Substrate/Glints2/dict_0005_0003" 7787
"/Engine/EngineMaterials/Substrate/Glints2/dict_0005_0004" 7788
"/Engine/EngineMaterials/Substrate/Glints2/dict_0005_0005" 7789
"/Engine/EngineMaterials/Substrate/Glints2/dict_0005_0006" 7790
"/Engine/EngineMaterials/Substrate/Glints2/dict_0005_0007" 7791
"/Engine/EngineMaterials/Substrate/Glints2/dict_0005_0008" 7792
"/Engine/EngineMaterials/Substrate/Glints2/dict_0005_0009" 7793
"/Engine/EngineMaterials/Substrate/Glints2/dict_0005_0010" 7794
"/Engine/EngineMaterials/Substrate/Glints2/dict_0005_0011" 7795
"/Engine/EngineMaterials/Substrate/Glints2/dict_0005_0012" 7796
"/Engine/EngineMaterials/Substrate/Glints2/dict_0005_0013" 7797
"/Engine/EngineMaterials/Substrate/Glints2/dict_0005_0014" 7798
"/Engine/EngineMaterials/Substrate/Glints2/dict_0005_0015" 7799
"/Engine/EngineMaterials/Substrate/Glints2/dict_0005_0016" 7800
"/Engine/EngineMaterials/Substrate/Glints2/dict_0005_0017" 7801
"/Engine/EngineMaterials/Substrate/Glints2/dict_0004_0252" 7802
"/Engine/EngineMaterials/Substrate/Glints2/dict_0004_0254" 7803
"/Engine/EngineMaterials/Substrate/Glints2/dict_0005_0000" 7804
"/Engine/EngineMaterials/Substrate/Glints2/dict_0005_0001" 7805
"../../../Engine/Content/EngineMaterials/Substrate/Glints2/dict_0004_0241.uasset" 7806
"../../../Engine/Content/EngineMaterials/Substrate/Glints2/dict_0004_0239.uasset" 7807
"../../../Engine/Content/EngineMaterials/Substrate/Glints2/dict_0004_0240.uasset" 7808
"../../../Engine/Content/EngineMaterials/Substrate/Glints2/dict_0004_0236.uasset" 7809
"../../../Engine/Content/EngineMaterials/Substrate/Glints2/dict_0004_0238.uasset" 7810
"../../../Engine/Content/EngineMaterials/Substrate/Glints2/dict_0004_0235.uasset" 7811
"../../../Engine/Content/EngineMaterials/Substrate/Glints2/dict_0004_0230.uasset" 7812
"../../../Engine/Content/EngineMaterials/Substrate/Glints2/dict_0004_0229.uasset" 7813
"../../../Engine/Content/EngineMaterials/Substrate/Glints2/dict_0004_0228.uasset" 7814
"../../../Engine/Content/EngineMaterials/Substrate/Glints2/dict_0004_0227.uasset" 7815
"../../../Engine/Content/EngineMaterials/Substrate/Glints2/dict_0004_0231.uasset" 7816
"../../../Engine/Content/EngineMaterials/Substrate/Glints2/dict_0004_0222.uasset" 7817
"../../../Engine/Content/EngineMaterials/Substrate/Glints2/dict_0004_0232.uasset" 7818
"../../../Engine/Content/EngineMaterials/Substrate/Glints2/dict_0004_0233.uasset" 7819
"../../../Engine/Content/EngineMaterials/Substrate/Glints2/dict_0004_0223.uasset" 7820
"../../../Engine/Content/EngineMaterials/Substrate/Glints2/dict_0004_0224.uasset" 7821
"../../../Engine/Content/EngineMaterials/Substrate/Glints2/dict_0004_0225.uasset" 7822
"../../../Engine/Content/EngineMaterials/Substrate/Glints2/dict_0004_0237.uasset" 7823
"../../../Engine/Content/EngineMaterials/Substrate/Glints2/dict_0004_0226.uasset" 7824
"/Engine/EngineMaterials/Substrate/Glints2/dict_0004_0242" 7825
"../../../Engine/Content/EngineMaterials/Substrate/Glints2/dict_0004_0234.uasset" 7826
"/Engine/EngineMaterials/Substrate/Glints2/dict_0004_0243" 7827
"/Engine/EngineMaterials/Substrate/Glints2/dict_0004_0244" 7828
"/Engine/EngineMaterials/Substrate/Glints2/dict_0004_0245" 7829
"/Engine/EngineMaterials/Substrate/Glints2/dict_0004_0246" 7830
"/Engine/EngineMaterials/Substrate/Glints2/dict_0004_0247" 7831
"/Engine/EngineMaterials/Substrate/Glints2/dict_0004_0248" 7832
"/Engine/EngineMaterials/Substrate/Glints2/dict_0004_0249" 7833
"/Engine/EngineMaterials/Substrate/Glints2/dict_0004_0250" 7834
"/Engine/EngineMaterials/Substrate/Glints2/dict_0004_0236" 7835
"/Engine/EngineMaterials/Substrate/Glints2/dict_0004_0251" 7836
"/Engine/EngineMaterials/Substrate/Glints2/dict_0004_0238" 7837
"/Engine/EngineMaterials/Substrate/Glints2/dict_0004_0253" 7838
"/Engine/EngineMaterials/Substrate/Glints2/dict_0004_0239" 7839
"/Engine/EngineMaterials/Substrate/Glints2/dict_0004_0255" 7840
"/Engine/EngineMaterials/Substrate/Glints2/dict_0004_0240" 7841
"/Engine/EngineMaterials/Substrate/Glints2/dict_0004_0241" 7842
"../../../Engine/Content/EngineMaterials/Substrate/Glints2/dict_0004_0221.uasset" 7843
"../../../Engine/Content/EngineMaterials/Substrate/Glints2/dict_0004_0219.uasset" 7844
"../../../Engine/Content/EngineMaterials/Substrate/Glints2/dict_0004_0220.uasset" 7845
"../../../Engine/Content/EngineMaterials/Substrate/Glints2/dict_0004_0218.uasset" 7846
"../../../Engine/Content/EngineMaterials/Substrate/Glints2/dict_0004_0215.uasset" 7847
"../../../Engine/Content/EngineMaterials/Substrate/Glints2/dict_0004_0216.uasset" 7848
"../../../Engine/Content/EngineMaterials/Substrate/Glints2/dict_0004_0213.uasset" 7849
"../../../Engine/Content/EngineMaterials/Substrate/Glints2/dict_0004_0209.uasset" 7850
"../../../Engine/Content/EngineMaterials/Substrate/Glints2/dict_0004_0208.uasset" 7851
"../../../Engine/Content/EngineMaterials/Substrate/Glints2/dict_0004_0207.uasset" 7852
"../../../Engine/Content/EngineMaterials/Substrate/Glints2/dict_0004_0211.uasset" 7853
"../../../Engine/Content/EngineMaterials/Substrate/Glints2/dict_0004_0214.uasset" 7854
"../../../Engine/Content/EngineMaterials/Substrate/Glints2/dict_0004_0205.uasset" 7855
"../../../Engine/Content/EngineMaterials/Substrate/Glints2/dict_0004_0217.uasset" 7856
"/Engine/EngineMaterials/Substrate/Glints2/dict_0004_0222" 7857
"../../../Engine/Content/EngineMaterials/Substrate/Glints2/dict_0004_0206.uasset" 7858
"../../../Engine/Content/EngineMaterials/Substrate/Glints2/dict_0004_0212.uasset" 7859
"../../../Engine/Content/EngineMaterials/Substrate/Glints2/dict_0004_0210.uasset" 7860
"/Engine/EngineMaterials/Substrate/Glints2/dict_0004_0223" 7861
"/Engine/EngineMaterials/Substrate/Glints2/dict_0004_0224" 7862
"/Engine/EngineMaterials/Substrate/Glints2/dict_0004_0225" 7863
"/Engine/EngineMaterials/Substrate/Glints2/dict_0004_0226" 7864
"/Engine/EngineMaterials/Substrate/Glints2/dict_0004_0227" 7865
"/Engine/EngineMaterials/Substrate/Glints2/dict_0004_0228" 7866
"/Engine/EngineMaterials/Substrate/Glints2/dict_0004_0229" 7867
"/Engine/EngineMaterials/Substrate/Glints2/dict_0004_0230" 7868
"/Engine/EngineMaterials/Substrate/Glints2/dict_0004_0231" 7869
"/Engine/EngineMaterials/Substrate/Glints2/dict_0004_0232" 7870
"/Engine/EngineMaterials/Substrate/Glints2/dict_0004_0233" 7871
"/Engine/EngineMaterials/Substrate/Glints2/dict_0004_0234" 7872
"/Engine/EngineMaterials/Substrate/Glints2/dict_0004_0235" 7873
"/Engine/EngineMaterials/Substrate/Glints2/dict_0004_0237" 7874
"/Engine/EngineMaterials/Substrate/Glints2/dict_0004_0218" 7875
"/Engine/EngineMaterials/Substrate/Glints2/dict_0004_0219" 7876
"/Engine/EngineMaterials/Substrate/Glints2/dict_0004_0220" 7877
"/Engine/EngineMaterials/Substrate/Glints2/dict_0004_0221" 7878
"../../../Engine/Content/EngineMaterials/Substrate/Glints2/dict_0004_0204.uasset" 7879
"../../../Engine/Content/EngineMaterials/Substrate/Glints2/dict_0004_0202.uasset" 7880
"../../../Engine/Content/EngineMaterials/Substrate/Glints2/dict_0004_0203.uasset" 7881
"../../../Engine/Content/EngineMaterials/Substrate/Glints2/dict_0004_0201.uasset" 7882
"../../../Engine/Content/EngineMaterials/Substrate/Glints2/dict_0004_0198.uasset" 7883
"../../../Engine/Content/EngineMaterials/Substrate/Glints2/dict_0004_0192.uasset" 7884
"../../../Engine/Content/EngineMaterials/Substrate/Glints2/dict_0004_0193.uasset" 7885
"../../../Engine/Content/EngineMaterials/Substrate/Glints2/dict_0004_0191.uasset" 7886
"../../../Engine/Content/EngineMaterials/Substrate/Glints2/dict_0004_0188.uasset" 7887
"../../../Engine/Content/EngineMaterials/Substrate/Glints2/dict_0004_0186.uasset" 7888
"/Engine/EngineMaterials/Substrate/Glints2/dict_0004_0205" 7889
"../../../Engine/Content/EngineMaterials/Substrate/Glints2/dict_0004_0189.uasset" 7890
"../../../Engine/Content/EngineMaterials/Substrate/Glints2/dict_0004_0194.uasset" 7891
"../../../Engine/Content/EngineMaterials/Substrate/Glints2/dict_0004_0199.uasset" 7892
"../../../Engine/Content/EngineMaterials/Substrate/Glints2/dict_0004_0196.uasset" 7893
"../../../Engine/Content/EngineMaterials/Substrate/Glints2/dict_0004_0195.uasset" 7894
"../../../Engine/Content/EngineMaterials/Substrate/Glints2/dict_0004_0190.uasset" 7895
"../../../Engine/Content/EngineMaterials/Substrate/Glints2/dict_0004_0197.uasset" 7896
"../../../Engine/Content/EngineMaterials/Substrate/Glints2/dict_0004_0200.uasset" 7897
"../../../Engine/Content/EngineMaterials/Substrate/Glints2/dict_0004_0187.uasset" 7898
"/Engine/EngineMaterials/Substrate/Glints2/dict_0004_0206" 7899
"/Engine/EngineMaterials/Substrate/Glints2/dict_0004_0207" 7900
"/Engine/EngineMaterials/Substrate/Glints2/dict_0004_0208" 7901
"/Engine/EngineMaterials/Substrate/Glints2/dict_0004_0209" 7902
"/Engine/EngineMaterials/Substrate/Glints2/dict_0004_0210" 7903
"/Engine/EngineMaterials/Substrate/Glints2/dict_0004_0211" 7904
"/Engine/EngineMaterials/Substrate/Glints2/dict_0004_0212" 7905
"/Engine/EngineMaterials/Substrate/Glints2/dict_0004_0213" 7906
"/Engine/EngineMaterials/Substrate/Glints2/dict_0004_0214" 7907
"/Engine/EngineMaterials/Substrate/Glints2/dict_0004_0215" 7908
"/Engine/EngineMaterials/Substrate/Glints2/dict_0004_0216" 7909
"/Engine/EngineMaterials/Substrate/Glints2/dict_0004_0217" 7910
"/Engine/EngineMaterials/Substrate/Glints2/dict_0004_0201" 7911
"/Engine/EngineMaterials/Substrate/Glints2/dict_0004_0202" 7912
"/Engine/EngineMaterials/Substrate/Glints2/dict_0004_0203" 7913
"/Engine/EngineMaterials/Substrate/Glints2/dict_0004_0204" 7914
"../../../Engine/Content/EngineMaterials/Substrate/Glints2/dict_0004_0184.uasset" 7915
"../../../Engine/Content/EngineMaterials/Substrate/Glints2/dict_0004_0183.uasset" 7916
"../../../Engine/Content/EngineMaterials/Substrate/Glints2/dict_0004_0181.uasset" 7917
"../../../Engine/Content/EngineMaterials/Substrate/Glints2/dict_0004_0182.uasset" 7918
"../../../Engine/Content/EngineMaterials/Substrate/Glints2/dict_0004_0178.uasset" 7919
"../../../Engine/Content/EngineMaterials/Substrate/Glints2/dict_0004_0176.uasset" 7920
"../../../Engine/Content/EngineMaterials/Substrate/Glints2/dict_0004_0177.uasset" 7921
"../../../Engine/Content/EngineMaterials/Substrate/Glints2/dict_0004_0173.uasset" 7922
"../../../Engine/Content/EngineMaterials/Substrate/Glints2/dict_0004_0175.uasset" 7923
"../../../Engine/Content/EngineMaterials/Substrate/Glints2/dict_0004_0185.uasset" 7924
"../../../Engine/Content/EngineMaterials/Substrate/Glints2/dict_0004_0171.uasset" 7925
"../../../Engine/Content/EngineMaterials/Substrate/Glints2/dict_0004_0169.uasset" 7926
"/Engine/EngineMaterials/Substrate/Glints2/dict_0004_0186" 7927
"../../../Engine/Content/EngineMaterials/Substrate/Glints2/dict_0004_0174.uasset" 7928
"../../../Engine/Content/EngineMaterials/Substrate/Glints2/dict_0004_0180.uasset" 7929
"../../../Engine/Content/EngineMaterials/Substrate/Glints2/dict_0004_0170.uasset" 7930
"../../../Engine/Content/EngineMaterials/Substrate/Glints2/dict_0004_0172.uasset" 7931
"../../../Engine/Content/EngineMaterials/Substrate/Glints2/dict_0004_0179.uasset" 7932
"/Engine/EngineMaterials/Substrate/Glints2/dict_0004_0187" 7933
"/Engine/EngineMaterials/Substrate/Glints2/dict_0004_0188" 7934
"/Engine/EngineMaterials/Substrate/Glints2/dict_0004_0189" 7935
"/Engine/EngineMaterials/Substrate/Glints2/dict_0004_0190" 7936
"/Engine/EngineMaterials/Substrate/Glints2/dict_0004_0191" 7937
"/Engine/EngineMaterials/Substrate/Glints2/dict_0004_0192" 7938
"/Engine/EngineMaterials/Substrate/Glints2/dict_0004_0193" 7939
"/Engine/EngineMaterials/Substrate/Glints2/dict_0004_0194" 7940
"/Engine/EngineMaterials/Substrate/Glints2/dict_0004_0195" 7941
"/Engine/EngineMaterials/Substrate/Glints2/dict_0004_0196" 7942
"/Engine/EngineMaterials/Substrate/Glints2/dict_0004_0197" 7943
"/Engine/EngineMaterials/Substrate/Glints2/dict_0004_0198" 7944
"/Engine/EngineMaterials/Substrate/Glints2/dict_0004_0176" 7945
"/Engine/EngineMaterials/Substrate/Glints2/dict_0004_0177" 7946
"/Engine/EngineMaterials/Substrate/Glints2/dict_0004_0199" 7947
"/Engine/EngineMaterials/Substrate/Glints2/dict_0004_0178" 7948
"/Engine/EngineMaterials/Substrate/Glints2/dict_0004_0200" 7949
"/Engine/EngineMaterials/Substrate/Glints2/dict_0004_0181" 7950
"/Engine/EngineMaterials/Substrate/Glints2/dict_0004_0182" 7951
"/Engine/EngineMaterials/Substrate/Glints2/dict_0004_0183" 7952
"/Engine/EngineMaterials/Substrate/Glints2/dict_0004_0184" 7953
"../../../Engine/Content/EngineMaterials/Substrate/Glints2/dict_0004_0165.uasset" 7954
"../../../Engine/Content/EngineMaterials/Substrate/Glints2/dict_0004_0168.uasset" 7955
"../../../Engine/Content/EngineMaterials/Substrate/Glints2/dict_0004_0167.uasset" 7956
"../../../Engine/Content/EngineMaterials/Substrate/Glints2/dict_0004_0161.uasset" 7957
"../../../Engine/Content/EngineMaterials/Substrate/Glints2/dict_0004_0159.uasset" 7958
"../../../Engine/Content/EngineMaterials/Substrate/Glints2/dict_0004_0164.uasset" 7959
"../../../Engine/Content/EngineMaterials/Substrate/Glints2/dict_0004_0156.uasset" 7960
"../../../Engine/Content/EngineMaterials/Substrate/Glints2/dict_0004_0154.uasset" 7961
"../../../Engine/Content/EngineMaterials/Substrate/Glints2/dict_0004_0152.uasset" 7962
"../../../Engine/Content/EngineMaterials/Substrate/Glints2/dict_0004_0150.uasset" 7963
"../../../Engine/Content/EngineMaterials/Substrate/Glints2/dict_0004_0149.uasset" 7964
"/Engine/EngineMaterials/Substrate/Glints2/dict_0004_0169" 7965
"../../../Engine/Content/EngineMaterials/Substrate/Glints2/dict_0004_0147.uasset" 7966
"../../../Engine/Content/EngineMaterials/Substrate/Glints2/dict_0004_0162.uasset" 7967
"../../../Engine/Content/EngineMaterials/Substrate/Glints2/dict_0004_0166.uasset" 7968
"../../../Engine/Content/EngineMaterials/Substrate/Glints2/dict_0004_0153.uasset" 7969
"../../../Engine/Content/EngineMaterials/Substrate/Glints2/dict_0004_0151.uasset" 7970
"../../../Engine/Content/EngineMaterials/Substrate/Glints2/dict_0004_0155.uasset" 7971
"../../../Engine/Content/EngineMaterials/Substrate/Glints2/dict_0004_0160.uasset" 7972
"../../../Engine/Content/EngineMaterials/Substrate/Glints2/dict_0004_0163.uasset" 7973
"../../../Engine/Content/EngineMaterials/Substrate/Glints2/dict_0004_0148.uasset" 7974
"/Engine/EngineMaterials/Substrate/Glints2/dict_0004_0170" 7975
"../../../Engine/Content/EngineMaterials/Substrate/Glints2/dict_0004_0158.uasset" 7976
"../../../Engine/Content/EngineMaterials/Substrate/Glints2/dict_0004_0157.uasset" 7977
"/Engine/EngineMaterials/Substrate/Glints2/dict_0004_0171" 7978
"/Engine/EngineMaterials/Substrate/Glints2/dict_0004_0172" 7979
"/Engine/EngineMaterials/Substrate/Glints2/dict_0004_0173" 7980
"/Engine/EngineMaterials/Substrate/Glints2/dict_0004_0174" 7981
"/Engine/EngineMaterials/Substrate/Glints2/dict_0004_0175" 7982
"/Engine/EngineMaterials/Substrate/Glints2/dict_0004_0161" 7983
"/Engine/EngineMaterials/Substrate/Glints2/dict_0004_0179" 7984
"/Engine/EngineMaterials/Substrate/Glints2/dict_0004_0164" 7985
"/Engine/EngineMaterials/Substrate/Glints2/dict_0004_0180" 7986
"/Engine/EngineMaterials/Substrate/Glints2/dict_0004_0165" 7987
"/Engine/EngineMaterials/Substrate/Glints2/dict_0004_0167" 7988
"/Engine/EngineMaterials/Substrate/Glints2/dict_0004_0168" 7989
"/Engine/EngineMaterials/Substrate/Glints2/dict_0004_0185" 7990
"../../../Engine/Content/EngineMaterials/Substrate/Glints2/dict_0004_0146.uasset" 7991
"../../../Engine/Content/EngineMaterials/Substrate/Glints2/dict_0004_0145.uasset" 7992
"../../../Engine/Content/EngineMaterials/Substrate/Glints2/dict_0004_0144.uasset" 7993
"../../../Engine/Content/EngineMaterials/Substrate/Glints2/dict_0004_0143.uasset" 7994
"../../../Engine/Content/EngineMaterials/Substrate/Glints2/dict_0004_0135.uasset" 7995
"../../../Engine/Content/EngineMaterials/Substrate/Glints2/dict_0004_0142.uasset" 7996
"../../../Engine/Content/EngineMaterials/Substrate/Glints2/dict_0004_0137.uasset" 7997
"../../../Engine/Content/EngineMaterials/Substrate/Glints2/dict_0004_0133.uasset" 7998
"../../../Engine/Content/EngineMaterials/Substrate/Glints2/dict_0004_0138.uasset" 7999
"../../../Engine/Content/EngineMaterials/Substrate/Glints2/dict_0004_0134.uasset" 8000
"../../../Engine/Content/EngineMaterials/Substrate/Glints2/dict_0004_0140.uasset" 8001
"../../../Engine/Content/EngineMaterials/Substrate/Glints2/dict_0004_0139.uasset" 8002
"../../../Engine/Content/EngineMaterials/Substrate/Glints2/dict_0004_0136.uasset" 8003
"../../../Engine/Content/EngineMaterials/Substrate/Glints2/dict_0004_0141.uasset" 8004
"/Engine/EngineMaterials/Substrate/Glints2/dict_0004_0147" 8005
"../../../Engine/Content/EngineMaterials/Substrate/Glints2/dict_0004_0132.uasset" 8006
"/Engine/EngineMaterials/Substrate/Glints2/dict_0004_0148" 8007
"/Engine/EngineMaterials/Substrate/Glints2/dict_0004_0149" 8008
"/Engine/EngineMaterials/Substrate/Glints2/dict_0004_0150" 8009
"/Engine/EngineMaterials/Substrate/Glints2/dict_0004_0151" 8010
"/Engine/EngineMaterials/Substrate/Glints2/dict_0004_0152" 8011
"/Engine/EngineMaterials/Substrate/Glints2/dict_0004_0153" 8012
"/Engine/EngineMaterials/Substrate/Glints2/dict_0004_0154" 8013
"/Engine/EngineMaterials/Substrate/Glints2/dict_0004_0155" 8014
"/Engine/EngineMaterials/Substrate/Glints2/dict_0004_0156" 8015
"/Engine/EngineMaterials/Substrate/Glints2/dict_0004_0157" 8016
"/Engine/EngineMaterials/Substrate/Glints2/dict_0004_0158" 8017
"/Engine/EngineMaterials/Substrate/Glints2/dict_0004_0159" 8018
"/Engine/EngineMaterials/Substrate/Glints2/dict_0004_0160" 8019
"/Engine/EngineMaterials/Substrate/Glints2/dict_0004_0162" 8020
"/Engine/EngineMaterials/Substrate/Glints2/dict_0004_0163" 8021
"/Engine/EngineMaterials/Substrate/Glints2/dict_0004_0166" 8022
"/Engine/EngineMaterials/Substrate/Glints2/dict_0004_0144" 8023
"/Engine/EngineMaterials/Substrate/Glints2/dict_0004_0145" 8024
"/Engine/EngineMaterials/Substrate/Glints2/dict_0004_0146" 8025
"../../../Engine/Content/EngineMaterials/Substrate/Glints2/dict_0004_0131.uasset" 8026
"../../../Engine/Content/EngineMaterials/Substrate/Glints2/dict_0004_0130.uasset" 8027
"../../../Engine/Content/EngineMaterials/Substrate/Glints2/dict_0004_0128.uasset" 8028
"../../../Engine/Content/EngineMaterials/Substrate/Glints2/dict_0004_0129.uasset" 8029
"../../../Engine/Content/EngineMaterials/Substrate/Glints2/dict_0004_0125.uasset" 8030
"../../../Engine/Content/EngineMaterials/Substrate/Glints2/dict_0004_0124.uasset" 8031
"../../../Engine/Content/EngineMaterials/Substrate/Glints2/dict_0004_0118.uasset" 8032
"../../../Engine/Content/EngineMaterials/Substrate/Glints2/dict_0004_0116.uasset" 8033
"/Engine/EngineMaterials/Substrate/Glints2/dict_0004_0132" 8034
"../../../Engine/Content/EngineMaterials/Substrate/Glints2/dict_0004_0113.uasset" 8035
"../../../Engine/Content/EngineMaterials/Substrate/Glints2/dict_0004_0115.uasset" 8036
"../../../Engine/Content/EngineMaterials/Substrate/Glints2/dict_0004_0126.uasset" 8037
"../../../Engine/Content/EngineMaterials/Substrate/Glints2/dict_0004_0122.uasset" 8038
"../../../Engine/Content/EngineMaterials/Substrate/Glints2/dict_0004_0117.uasset" 8039
"../../../Engine/Content/EngineMaterials/Substrate/Glints2/dict_0004_0114.uasset" 8040
"../../../Engine/Content/EngineMaterials/Substrate/Glints2/dict_0004_0123.uasset" 8041
"../../../Engine/Content/EngineMaterials/Substrate/Glints2/dict_0004_0121.uasset" 8042
"../../../Engine/Content/EngineMaterials/Substrate/Glints2/dict_0004_0119.uasset" 8043
"/Engine/EngineMaterials/Substrate/Glints2/dict_0004_0133" 8044
"../../../Engine/Content/EngineMaterials/Substrate/Glints2/dict_0004_0112.uasset" 8045
"../../../Engine/Content/EngineMaterials/Substrate/Glints2/dict_0004_0127.uasset" 8046
"../../../Engine/Content/EngineMaterials/Substrate/Glints2/dict_0004_0120.uasset" 8047
"/Engine/EngineMaterials/Substrate/Glints2/dict_0004_0134" 8048
"/Engine/EngineMaterials/Substrate/Glints2/dict_0004_0135" 8049
"/Engine/EngineMaterials/Substrate/Glints2/dict_0004_0136" 8050
"/Engine/EngineMaterials/Substrate/Glints2/dict_0004_0137" 8051
"/Engine/EngineMaterials/Substrate/Glints2/dict_0004_0138" 8052
"/Engine/EngineMaterials/Substrate/Glints2/dict_0004_0139" 8053
"/Engine/EngineMaterials/Substrate/Glints2/dict_0004_0140" 8054
"/Engine/EngineMaterials/Substrate/Glints2/dict_0004_0141" 8055
"/Engine/EngineMaterials/Substrate/Glints2/dict_0004_0142" 8056
"/Engine/EngineMaterials/Substrate/Glints2/dict_0004_0143" 8057
"/Engine/EngineMaterials/Substrate/Glints2/dict_0004_0128" 8058
"/Engine/EngineMaterials/Substrate/Glints2/dict_0004_0129" 8059
"/Engine/EngineMaterials/Substrate/Glints2/dict_0004_0130" 8060
"/Engine/EngineMaterials/Substrate/Glints2/dict_0004_0131" 8061
"../../../Engine/Content/EngineMaterials/Substrate/Glints2/dict_0004_0110.uasset" 8062
"../../../Engine/Content/EngineMaterials/Substrate/Glints2/dict_0004_0111.uasset" 8063
"../../../Engine/Content/EngineMaterials/Substrate/Glints2/dict_0004_0107.uasset" 8064
"../../../Engine/Content/EngineMaterials/Substrate/Glints2/dict_0004_0108.uasset" 8065
"../../../Engine/Content/EngineMaterials/Substrate/Glints2/dict_0004_0109.uasset" 8066
"../../../Engine/Content/EngineMaterials/Substrate/Glints2/dict_0004_0103.uasset" 8067
"../../../Engine/Content/EngineMaterials/Substrate/Glints2/dict_0004_0102.uasset" 8068
"../../../Engine/Content/EngineMaterials/Substrate/Glints2/dict_0004_0100.uasset" 8069
"../../../Engine/Content/EngineMaterials/Substrate/Glints2/dict_0004_0098.uasset" 8070
"../../../Engine/Content/EngineMaterials/Substrate/Glints2/dict_0004_0106.uasset" 8071
"../../../Engine/Content/EngineMaterials/Substrate/Glints2/dict_0004_0096.uasset" 8072
"../../../Engine/Content/EngineMaterials/Substrate/Glints2/dict_0004_0101.uasset" 8073
"../../../Engine/Content/EngineMaterials/Substrate/Glints2/dict_0004_0097.uasset" 8074
"../../../Engine/Content/EngineMaterials/Substrate/Glints2/dict_0004_0105.uasset" 8075
"../../../Engine/Content/EngineMaterials/Substrate/Glints2/dict_0004_0104.uasset" 8076
"/Engine/EngineMaterials/Substrate/Glints2/dict_0004_0112" 8077
"../../../Engine/Content/EngineMaterials/Substrate/Glints2/dict_0004_0099.uasset" 8078
"/Engine/EngineMaterials/Substrate/Glints2/dict_0004_0113" 8079
"/Engine/EngineMaterials/Substrate/Glints2/dict_0004_0114" 8080
"/Engine/EngineMaterials/Substrate/Glints2/dict_0004_0115" 8081
"/Engine/EngineMaterials/Substrate/Glints2/dict_0004_0116" 8082
"/Engine/EngineMaterials/Substrate/Glints2/dict_0004_0117" 8083
"/Engine/EngineMaterials/Substrate/Glints2/dict_0004_0118" 8084
"/Engine/EngineMaterials/Substrate/Glints2/dict_0004_0119" 8085
"/Engine/EngineMaterials/Substrate/Glints2/dict_0004_0120" 8086
"/Engine/EngineMaterials/Substrate/Glints2/dict_0004_0121" 8087
"/Engine/EngineMaterials/Substrate/Glints2/dict_0004_0122" 8088
"/Engine/EngineMaterials/Substrate/Glints2/dict_0004_0123" 8089
"/Engine/EngineMaterials/Substrate/Glints2/dict_0004_0124" 8090
"/Engine/EngineMaterials/Substrate/Glints2/dict_0004_0125" 8091
"/Engine/EngineMaterials/Substrate/Glints2/dict_0004_0126" 8092
"/Engine/EngineMaterials/Substrate/Glints2/dict_0004_0127" 8093
"/Engine/EngineMaterials/Substrate/Glints2/dict_0004_0107" 8094
"/Engine/EngineMaterials/Substrate/Glints2/dict_0004_0108" 8095
"/Engine/EngineMaterials/Substrate/Glints2/dict_0004_0110" 8096
"/Engine/EngineMaterials/Substrate/Glints2/dict_0004_0111" 8097
"../../../Engine/Content/EngineMaterials/Substrate/Glints2/dict_0004_0095.uasset" 8098
"../../../Engine/Content/EngineMaterials/Substrate/Glints2/dict_0004_0094.uasset" 8099
"../../../Engine/Content/EngineMaterials/Substrate/Glints2/dict_0004_0092.uasset" 8100
"../../../Engine/Content/EngineMaterials/Substrate/Glints2/dict_0004_0091.uasset" 8101
"../../../Engine/Content/EngineMaterials/Substrate/Glints2/dict_0004_0093.uasset" 8102
"../../../Engine/Content/EngineMaterials/Substrate/Glints2/dict_0004_0085.uasset" 8103
"../../../Engine/Content/EngineMaterials/Substrate/Glints2/dict_0004_0081.uasset" 8104
"../../../Engine/Content/EngineMaterials/Substrate/Glints2/dict_0004_0082.uasset" 8105
"../../../Engine/Content/EngineMaterials/Substrate/Glints2/dict_0004_0090.uasset" 8106
"../../../Engine/Content/EngineMaterials/Substrate/Glints2/dict_0004_0079.uasset" 8107
"../../../Engine/Content/EngineMaterials/Substrate/Glints2/dict_0004_0077.uasset" 8108
"../../../Engine/Content/EngineMaterials/Substrate/Glints2/dict_0004_0088.uasset" 8109
"../../../Engine/Content/EngineMaterials/Substrate/Glints2/dict_0004_0086.uasset" 8110
"../../../Engine/Content/EngineMaterials/Substrate/Glints2/dict_0004_0084.uasset" 8111
"../../../Engine/Content/EngineMaterials/Substrate/Glints2/dict_0004_0083.uasset" 8112
"../../../Engine/Content/EngineMaterials/Substrate/Glints2/dict_0004_0089.uasset" 8113
"../../../Engine/Content/EngineMaterials/Substrate/Glints2/dict_0004_0080.uasset" 8114
"../../../Engine/Content/EngineMaterials/Substrate/Glints2/dict_0004_0078.uasset" 8115
"/Engine/EngineMaterials/Substrate/Glints2/dict_0004_0096" 8116
"../../../Engine/Content/EngineMaterials/Substrate/Glints2/dict_0004_0087.uasset" 8117
"../../../Engine/Content/EngineMaterials/Substrate/Glints2/dict_0004_0076.uasset" 8118
"/Engine/EngineMaterials/Substrate/Glints2/dict_0004_0097" 8119
"/Engine/EngineMaterials/Substrate/Glints2/dict_0004_0098" 8120
"/Engine/EngineMaterials/Substrate/Glints2/dict_0004_0099" 8121
"/Engine/EngineMaterials/Substrate/Glints2/dict_0004_0100" 8122
"/Engine/EngineMaterials/Substrate/Glints2/dict_0004_0101" 8123
"/Engine/EngineMaterials/Substrate/Glints2/dict_0004_0102" 8124
"/Engine/EngineMaterials/Substrate/Glints2/dict_0004_0103" 8125
"/Engine/EngineMaterials/Substrate/Glints2/dict_0004_0091" 8126
"/Engine/EngineMaterials/Substrate/Glints2/dict_0004_0104" 8127
"/Engine/EngineMaterials/Substrate/Glints2/dict_0004_0105" 8128
"/Engine/EngineMaterials/Substrate/Glints2/dict_0004_0106" 8129
"/Engine/EngineMaterials/Substrate/Glints2/dict_0004_0092" 8130
"/Engine/EngineMaterials/Substrate/Glints2/dict_0004_0093" 8131
"/Engine/EngineMaterials/Substrate/Glints2/dict_0004_0109" 8132
"/Engine/EngineMaterials/Substrate/Glints2/dict_0004_0094" 8133
"/Engine/EngineMaterials/Substrate/Glints2/dict_0004_0095" 8134
"../../../Engine/Content/EngineMaterials/Substrate/Glints2/dict_0004_0075.uasset" 8135
"../../../Engine/Content/EngineMaterials/Substrate/Glints2/dict_0004_0074.uasset" 8136
"../../../Engine/Content/EngineMaterials/Substrate/Glints2/dict_0004_0073.uasset" 8137
"../../../Engine/Content/EngineMaterials/Substrate/Glints2/dict_0004_0072.uasset" 8138
"../../../Engine/Content/EngineMaterials/Substrate/Glints2/dict_0004_0071.uasset" 8139
"../../../Engine/Content/EngineMaterials/Substrate/Glints2/dict_0004_0069.uasset" 8140
"../../../Engine/Content/EngineMaterials/Substrate/Glints2/dict_0004_0070.uasset" 8141
"../../../Engine/Content/EngineMaterials/Substrate/Glints2/dict_0004_0061.uasset" 8142
"/Engine/EngineMaterials/Substrate/Glints2/dict_0004_0076" 8143
"../../../Engine/Content/EngineMaterials/Substrate/Glints2/dict_0004_0065.uasset" 8144
"../../../Engine/Content/EngineMaterials/Substrate/Glints2/dict_0004_0064.uasset" 8145
"../../../Engine/Content/EngineMaterials/Substrate/Glints2/dict_0004_0067.uasset" 8146
"../../../Engine/Content/EngineMaterials/Substrate/Glints2/dict_0004_0060.uasset" 8147
"../../../Engine/Content/EngineMaterials/Substrate/Glints2/dict_0004_0062.uasset" 8148
"../../../Engine/Content/EngineMaterials/Substrate/Glints2/dict_0004_0066.uasset" 8149
"../../../Engine/Content/EngineMaterials/Substrate/Glints2/dict_0004_0068.uasset" 8150
"../../../Engine/Content/EngineMaterials/Substrate/Glints2/dict_0004_0063.uasset" 8151
"../../../Engine/Content/EngineMaterials/Substrate/Glints2/dict_0004_0059.uasset" 8152
"/Engine/EngineMaterials/Substrate/Glints2/dict_0004_0077" 8153
"/Engine/EngineMaterials/Substrate/Glints2/dict_0004_0078" 8154
"/Engine/EngineMaterials/Substrate/Glints2/dict_0004_0079" 8155
"/Engine/EngineMaterials/Substrate/Glints2/dict_0004_0080" 8156
"/Engine/EngineMaterials/Substrate/Glints2/dict_0004_0081" 8157
"/Engine/EngineMaterials/Substrate/Glints2/dict_0004_0082" 8158
"/Engine/EngineMaterials/Substrate/Glints2/dict_0004_0083" 8159
"/Engine/EngineMaterials/Substrate/Glints2/dict_0004_0084" 8160
"/Engine/EngineMaterials/Substrate/Glints2/dict_0004_0085" 8161
"/Engine/EngineMaterials/Substrate/Glints2/dict_0004_0086" 8162
"/Engine/EngineMaterials/Substrate/Glints2/dict_0004_0087" 8163
"/Engine/EngineMaterials/Substrate/Glints2/dict_0004_0088" 8164
"/Engine/EngineMaterials/Substrate/Glints2/dict_0004_0089" 8165
"/Engine/EngineMaterials/Substrate/Glints2/dict_0004_0090" 8166
"/Engine/EngineMaterials/Substrate/Glints2/dict_0004_0072" 8167
"/Engine/EngineMaterials/Substrate/Glints2/dict_0004_0073" 8168
"/Engine/EngineMaterials/Substrate/Glints2/dict_0004_0074" 8169
"/Engine/EngineMaterials/Substrate/Glints2/dict_0004_0075" 8170
"../../../Engine/Content/EngineMaterials/Substrate/Glints2/dict_0004_0057.uasset" 8171
"../../../Engine/Content/EngineMaterials/Substrate/Glints2/dict_0004_0056.uasset" 8172
"../../../Engine/Content/EngineMaterials/Substrate/Glints2/dict_0004_0058.uasset" 8173
"../../../Engine/Content/EngineMaterials/Substrate/Glints2/dict_0004_0053.uasset" 8174
"../../../Engine/Content/EngineMaterials/Substrate/Glints2/dict_0004_0050.uasset" 8175
"../../../Engine/Content/EngineMaterials/Substrate/Glints2/dict_0004_0046.uasset" 8176
"../../../Engine/Content/EngineMaterials/Substrate/Glints2/dict_0004_0055.uasset" 8177
"../../../Engine/Content/EngineMaterials/Substrate/Glints2/dict_0004_0042.uasset" 8178
"../../../Engine/Content/EngineMaterials/Substrate/Glints2/dict_0004_0051.uasset" 8179
"../../../Engine/Content/EngineMaterials/Substrate/Glints2/dict_0004_0047.uasset" 8180
"../../../Engine/Content/EngineMaterials/Substrate/Glints2/dict_0004_0048.uasset" 8181
"../../../Engine/Content/EngineMaterials/Substrate/Glints2/dict_0004_0045.uasset" 8182
"../../../Engine/Content/EngineMaterials/Substrate/Glints2/dict_0004_0054.uasset" 8183
"../../../Engine/Content/EngineMaterials/Substrate/Glints2/dict_0004_0049.uasset" 8184
"../../../Engine/Content/EngineMaterials/Substrate/Glints2/dict_0004_0040.uasset" 8185
"../../../Engine/Content/EngineMaterials/Substrate/Glints2/dict_0004_0052.uasset" 8186
"/Engine/EngineMaterials/Substrate/Glints2/dict_0004_0059" 8187
"../../../Engine/Content/EngineMaterials/Substrate/Glints2/dict_0004_0043.uasset" 8188
"../../../Engine/Content/EngineMaterials/Substrate/Glints2/dict_0004_0044.uasset" 8189
"../../../Engine/Content/EngineMaterials/Substrate/Glints2/dict_0004_0041.uasset" 8190
"/Engine/EngineMaterials/Substrate/Glints2/dict_0004_0060" 8191
"/Engine/EngineMaterials/Substrate/Glints2/dict_0004_0061" 8192
"/Engine/EngineMaterials/Substrate/Glints2/dict_0004_0062" 8193
"/Engine/EngineMaterials/Substrate/Glints2/dict_0004_0063" 8194
"/Engine/EngineMaterials/Substrate/Glints2/dict_0004_0064" 8195
"/Engine/EngineMaterials/Substrate/Glints2/dict_0004_0065" 8196
"/Engine/EngineMaterials/Substrate/Glints2/dict_0004_0066" 8197
"/Engine/EngineMaterials/Substrate/Glints2/dict_0004_0067" 8198
"/Engine/EngineMaterials/Substrate/Glints2/dict_0004_0068" 8199
"/Engine/EngineMaterials/Substrate/Glints2/dict_0004_0069" 8200
"/Engine/EngineMaterials/Substrate/Glints2/dict_0004_0070" 8201
"/Engine/EngineMaterials/Substrate/Glints2/dict_0004_0071" 8202
"/Engine/EngineMaterials/Substrate/Glints2/dict_0004_0056" 8203
"/Engine/EngineMaterials/Substrate/Glints2/dict_0004_0057" 8204
"/Engine/EngineMaterials/Substrate/Glints2/dict_0004_0058" 8205
"../../../Engine/Content/EngineMaterials/Substrate/Glints2/dict_0004_0039.uasset" 8206
"../../../Engine/Content/EngineMaterials/Substrate/Glints2/dict_0004_0036.uasset" 8207
"../../../Engine/Content/EngineMaterials/Substrate/Glints2/dict_0004_0038.uasset" 8208
"../../../Engine/Content/EngineMaterials/Substrate/Glints2/dict_0004_0031.uasset" 8209
"../../../Engine/Content/EngineMaterials/Substrate/Glints2/dict_0004_0030.uasset" 8210
"../../../Engine/Content/EngineMaterials/Substrate/Glints2/dict_0004_0029.uasset" 8211
"/Engine/EngineMaterials/Substrate/Glints2/dict_0004_0040" 8212
"../../../Engine/Content/EngineMaterials/Substrate/Glints2/dict_0004_0025.uasset" 8213
"../../../Engine/Content/EngineMaterials/Substrate/Glints2/dict_0004_0026.uasset" 8214
"../../../Engine/Content/EngineMaterials/Substrate/Glints2/dict_0004_0024.uasset" 8215
"../../../Engine/Content/EngineMaterials/Substrate/Glints2/dict_0004_0028.uasset" 8216
"../../../Engine/Content/EngineMaterials/Substrate/Glints2/dict_0004_0035.uasset" 8217
"../../../Engine/Content/EngineMaterials/Substrate/Glints2/dict_0004_0032.uasset" 8218
"../../../Engine/Content/EngineMaterials/Substrate/Glints2/dict_0004_0037.uasset" 8219
"../../../Engine/Content/EngineMaterials/Substrate/Glints2/dict_0004_0034.uasset" 8220
"../../../Engine/Content/EngineMaterials/Substrate/Glints2/dict_0004_0033.uasset" 8221
"../../../Engine/Content/EngineMaterials/Substrate/Glints2/dict_0004_0027.uasset" 8222
"/Engine/EngineMaterials/Substrate/Glints2/dict_0004_0041" 8223
"/Engine/EngineMaterials/Substrate/Glints2/dict_0004_0042" 8224
"/Engine/EngineMaterials/Substrate/Glints2/dict_0004_0043" 8225
"/Engine/EngineMaterials/Substrate/Glints2/dict_0004_0044" 8226
"/Engine/EngineMaterials/Substrate/Glints2/dict_0004_0045" 8227
"/Engine/EngineMaterials/Substrate/Glints2/dict_0004_0046" 8228
"/Engine/EngineMaterials/Substrate/Glints2/dict_0004_0047" 8229
"/Engine/EngineMaterials/Substrate/Glints2/dict_0004_0048" 8230
"/Engine/EngineMaterials/Substrate/Glints2/dict_0004_0049" 8231
"/Engine/EngineMaterials/Substrate/Glints2/dict_0004_0050" 8232
"/Engine/EngineMaterials/Substrate/Glints2/dict_0004_0051" 8233
"/Engine/EngineMaterials/Substrate/Glints2/dict_0004_0052" 8234
"/Engine/EngineMaterials/Substrate/Glints2/dict_0004_0053" 8235
"/Engine/EngineMaterials/Substrate/Glints2/dict_0004_0054" 8236
"/Engine/EngineMaterials/Substrate/Glints2/dict_0004_0036" 8237
"/Engine/EngineMaterials/Substrate/Glints2/dict_0004_0055" 8238
"/Engine/EngineMaterials/Substrate/Glints2/dict_0004_0039" 8239
"../../../Engine/Content/EngineMaterials/Substrate/Glints2/dict_0004_0023.uasset" 8240
"../../../Engine/Content/EngineMaterials/Substrate/Glints2/dict_0004_0022.uasset" 8241
"../../../Engine/Content/EngineMaterials/Substrate/Glints2/dict_0004_0021.uasset" 8242
"../../../Engine/Content/EngineMaterials/Substrate/Glints2/dict_0004_0018.uasset" 8243
"../../../Engine/Content/EngineMaterials/Substrate/Glints2/dict_0004_0015.uasset" 8244
"../../../Engine/Content/EngineMaterials/Substrate/Glints2/dict_0004_0012.uasset" 8245
"../../../Engine/Content/EngineMaterials/Substrate/Glints2/dict_0004_0014.uasset" 8246
"../../../Engine/Content/EngineMaterials/Substrate/Glints2/dict_0004_0009.uasset" 8247
"../../../Engine/Content/EngineMaterials/Substrate/Glints2/dict_0004_0010.uasset" 8248
"../../../Engine/Content/EngineMaterials/Substrate/Glints2/dict_0004_0019.uasset" 8249
"/Engine/EngineMaterials/Substrate/Glints2/dict_0004_0024" 8250
"../../../Engine/Content/EngineMaterials/Substrate/Glints2/dict_0004_0011.uasset" 8251
"../../../Engine/Content/EngineMaterials/Substrate/Glints2/dict_0004_0008.uasset" 8252
"../../../Engine/Content/EngineMaterials/Substrate/Glints2/dict_0004_0016.uasset" 8253
"../../../Engine/Content/EngineMaterials/Substrate/Glints2/dict_0004_0017.uasset" 8254
"../../../Engine/Content/EngineMaterials/Substrate/Glints2/dict_0004_0013.uasset" 8255
"../../../Engine/Content/EngineMaterials/Substrate/Glints2/dict_0004_0020.uasset" 8256
"../../../Engine/Content/EngineMaterials/Substrate/Glints2/dict_0004_0006.uasset" 8257
"../../../Engine/Content/EngineMaterials/Substrate/Glints2/dict_0004_0007.uasset" 8258
"/Engine/EngineMaterials/Substrate/Glints2/dict_0004_0025" 8259
"/Engine/EngineMaterials/Substrate/Glints2/dict_0004_0026" 8260
"/Engine/EngineMaterials/Substrate/Glints2/dict_0004_0027" 8261
"/Engine/EngineMaterials/Substrate/Glints2/dict_0004_0028" 8262
"/Engine/EngineMaterials/Substrate/Glints2/dict_0004_0029" 8263
"/Engine/EngineMaterials/Substrate/Glints2/dict_0004_0030" 8264
"/Engine/EngineMaterials/Substrate/Glints2/dict_0004_0031" 8265
"/Engine/EngineMaterials/Substrate/Glints2/dict_0004_0032" 8266
"/Engine/EngineMaterials/Substrate/Glints2/dict_0004_0033" 8267
"/Engine/EngineMaterials/Substrate/Glints2/dict_0004_0034" 8268
"/Engine/EngineMaterials/Substrate/Glints2/dict_0004_0035" 8269
"/Engine/EngineMaterials/Substrate/Glints2/dict_0004_0021" 8270
"/Engine/EngineMaterials/Substrate/Glints2/dict_0004_0022" 8271
"/Engine/EngineMaterials/Substrate/Glints2/dict_0004_0037" 8272
"/Engine/EngineMaterials/Substrate/Glints2/dict_0004_0038" 8273
"/Engine/EngineMaterials/Substrate/Glints2/dict_0004_0023" 8274
"../../../Engine/Content/EngineMaterials/Substrate/Glints2/dict_0004_0005.uasset" 8275
"../../../Engine/Content/EngineMaterials/Substrate/Glints2/dict_0004_0004.uasset" 8276
"../../../Engine/Content/EngineMaterials/Substrate/Glints2/dict_0004_0002.uasset" 8277
"../../../Engine/Content/EngineMaterials/Substrate/Glints2/dict_0003_0255.uasset" 8278
"../../../Engine/Content/EngineMaterials/Substrate/Glints2/dict_0003_0253.uasset" 8279
"../../../Engine/Content/EngineMaterials/Substrate/Glints2/dict_0003_0252.uasset" 8280
"../../../Engine/Content/EngineMaterials/Substrate/Glints2/dict_0003_0250.uasset" 8281
"../../../Engine/Content/EngineMaterials/Substrate/Glints2/dict_0003_0248.uasset" 8282
"../../../Engine/Content/EngineMaterials/Substrate/Glints2/dict_0003_0245.uasset" 8283
"../../../Engine/Content/EngineMaterials/Substrate/Glints2/dict_0003_0249.uasset" 8284
"../../../Engine/Content/EngineMaterials/Substrate/Glints2/dict_0003_0251.uasset" 8285
"../../../Engine/Content/EngineMaterials/Substrate/Glints2/dict_0003_0247.uasset" 8286
"../../../Engine/Content/EngineMaterials/Substrate/Glints2/dict_0003_0254.uasset" 8287
"../../../Engine/Content/EngineMaterials/Substrate/Glints2/dict_0003_0246.uasset" 8288
"../../../Engine/Content/EngineMaterials/Substrate/Glints2/dict_0004_0000.uasset" 8289
"/Engine/EngineMaterials/Substrate/Glints2/dict_0004_0006" 8290
"../../../Engine/Content/EngineMaterials/Substrate/Glints2/dict_0004_0001.uasset" 8291
"../../../Engine/Content/EngineMaterials/Substrate/Glints2/dict_0004_0003.uasset" 8292
"/Engine/EngineMaterials/Substrate/Glints2/dict_0004_0007" 8293
"/Engine/EngineMaterials/Substrate/Glints2/dict_0004_0008" 8294
"/Engine/EngineMaterials/Substrate/Glints2/dict_0004_0009" 8295
"/Engine/EngineMaterials/Substrate/Glints2/dict_0004_0010" 8296
"/Engine/EngineMaterials/Substrate/Glints2/dict_0004_0011" 8297
"/Engine/EngineMaterials/Substrate/Glints2/dict_0004_0012" 8298
"/Engine/EngineMaterials/Substrate/Glints2/dict_0004_0013" 8299
"/Engine/EngineMaterials/Substrate/Glints2/dict_0004_0014" 8300
"/Engine/EngineMaterials/Substrate/Glints2/dict_0004_0015" 8301
"/Engine/EngineMaterials/Substrate/Glints2/dict_0004_0016" 8302
"/Engine/EngineMaterials/Substrate/Glints2/dict_0004_0017" 8303
"/Engine/EngineMaterials/Substrate/Glints2/dict_0004_0018" 8304
"/Engine/EngineMaterials/Substrate/Glints2/dict_0004_0019" 8305
"/Engine/EngineMaterials/Substrate/Glints2/dict_0004_0020" 8306
"/Engine/EngineMaterials/Substrate/Glints2/dict_0004_0004" 8307
"/Engine/EngineMaterials/Substrate/Glints2/dict_0004_0005" 8308
"../../../Engine/Content/EngineMaterials/Substrate/Glints2/dict_0003_0243.uasset" 8309
"../../../Engine/Content/EngineMaterials/Substrate/Glints2/dict_0003_0242.uasset" 8310
"../../../Engine/Content/EngineMaterials/Substrate/Glints2/dict_0003_0244.uasset" 8311
"../../../Engine/Content/EngineMaterials/Substrate/Glints2/dict_0003_0239.uasset" 8312
"../../../Engine/Content/EngineMaterials/Substrate/Glints2/dict_0003_0238.uasset" 8313
"../../../Engine/Content/EngineMaterials/Substrate/Glints2/dict_0003_0237.uasset" 8314
"../../../Engine/Content/EngineMaterials/Substrate/Glints2/dict_0003_0231.uasset" 8315
"../../../Engine/Content/EngineMaterials/Substrate/Glints2/dict_0003_0230.uasset" 8316
"/Engine/EngineMaterials/Substrate/Glints2/dict_0003_0245" 8317
"../../../Engine/Content/EngineMaterials/Substrate/Glints2/dict_0003_0236.uasset" 8318
"../../../Engine/Content/EngineMaterials/Substrate/Glints2/dict_0003_0233.uasset" 8319
"../../../Engine/Content/EngineMaterials/Substrate/Glints2/dict_0003_0240.uasset" 8320
"../../../Engine/Content/EngineMaterials/Substrate/Glints2/dict_0003_0228.uasset" 8321
"../../../Engine/Content/EngineMaterials/Substrate/Glints2/dict_0003_0241.uasset" 8322
"../../../Engine/Content/EngineMaterials/Substrate/Glints2/dict_0003_0235.uasset" 8323
"../../../Engine/Content/EngineMaterials/Substrate/Glints2/dict_0003_0232.uasset" 8324
"../../../Engine/Content/EngineMaterials/Substrate/Glints2/dict_0003_0234.uasset" 8325
"../../../Engine/Content/EngineMaterials/Substrate/Glints2/dict_0003_0229.uasset" 8326
"/Engine/EngineMaterials/Substrate/Glints2/dict_0003_0246" 8327
"/Engine/EngineMaterials/Substrate/Glints2/dict_0003_0247" 8328
"/Engine/EngineMaterials/Substrate/Glints2/dict_0003_0248" 8329
"/Engine/EngineMaterials/Substrate/Glints2/dict_0003_0249" 8330
"/Engine/EngineMaterials/Substrate/Glints2/dict_0003_0250" 8331
"/Engine/EngineMaterials/Substrate/Glints2/dict_0003_0251" 8332
"/Engine/EngineMaterials/Substrate/Glints2/dict_0003_0252" 8333
"/Engine/EngineMaterials/Substrate/Glints2/dict_0003_0242" 8334
"/Engine/EngineMaterials/Substrate/Glints2/dict_0003_0253" 8335
"/Engine/EngineMaterials/Substrate/Glints2/dict_0003_0254" 8336
"/Engine/EngineMaterials/Substrate/Glints2/dict_0003_0255" 8337
"/Engine/EngineMaterials/Substrate/Glints2/dict_0004_0000" 8338
"/Engine/EngineMaterials/Substrate/Glints2/dict_0004_0001" 8339
"/Engine/EngineMaterials/Substrate/Glints2/dict_0004_0002" 8340
"/Engine/EngineMaterials/Substrate/Glints2/dict_0004_0003" 8341
"/Engine/EngineMaterials/Substrate/Glints2/dict_0003_0243" 8342
"/Engine/EngineMaterials/Substrate/Glints2/dict_0003_0244" 8343
"../../../Engine/Content/EngineMaterials/Substrate/Glints2/dict_0003_0227.uasset" 8344
"../../../Engine/Content/EngineMaterials/Substrate/Glints2/dict_0003_0225.uasset" 8345
"../../../Engine/Content/EngineMaterials/Substrate/Glints2/dict_0003_0226.uasset" 8346
"../../../Engine/Content/EngineMaterials/Substrate/Glints2/dict_0003_0224.uasset" 8347
"../../../Engine/Content/EngineMaterials/Substrate/Glints2/dict_0003_0223.uasset" 8348
"../../../Engine/Content/EngineMaterials/Substrate/Glints2/dict_0003_0221.uasset" 8349
"../../../Engine/Content/EngineMaterials/Substrate/Glints2/dict_0003_0214.uasset" 8350
"../../../Engine/Content/EngineMaterials/Substrate/Glints2/dict_0003_0217.uasset" 8351
"../../../Engine/Content/EngineMaterials/Substrate/Glints2/dict_0003_0211.uasset" 8352
"../../../Engine/Content/EngineMaterials/Substrate/Glints2/dict_0003_0213.uasset" 8353
"../../../Engine/Content/EngineMaterials/Substrate/Glints2/dict_0003_0212.uasset" 8354
"../../../Engine/Content/EngineMaterials/Substrate/Glints2/dict_0003_0219.uasset" 8355
"/Engine/EngineMaterials/Substrate/Glints2/dict_0003_0228" 8356
"../../../Engine/Content/EngineMaterials/Substrate/Glints2/dict_0003_0215.uasset" 8357
"../../../Engine/Content/EngineMaterials/Substrate/Glints2/dict_0003_0220.uasset" 8358
"../../../Engine/Content/EngineMaterials/Substrate/Glints2/dict_0003_0218.uasset" 8359
"../../../Engine/Content/EngineMaterials/Substrate/Glints2/dict_0003_0216.uasset" 8360
"../../../Engine/Content/EngineMaterials/Substrate/Glints2/dict_0003_0210.uasset" 8361
"../../../Engine/Content/EngineMaterials/Substrate/Glints2/dict_0003_0222.uasset" 8362
"/Engine/EngineMaterials/Substrate/Glints2/dict_0003_0229" 8363
"/Engine/EngineMaterials/Substrate/Glints2/dict_0003_0230" 8364
"/Engine/EngineMaterials/Substrate/Glints2/dict_0003_0231" 8365
"/Engine/EngineMaterials/Substrate/Glints2/dict_0003_0232" 8366
"/Engine/EngineMaterials/Substrate/Glints2/dict_0003_0233" 8367
"/Engine/EngineMaterials/Substrate/Glints2/dict_0003_0234" 8368
"/Engine/EngineMaterials/Substrate/Glints2/dict_0003_0235" 8369
"/Engine/EngineMaterials/Substrate/Glints2/dict_0003_0236" 8370
"/Engine/EngineMaterials/Substrate/Glints2/dict_0003_0237" 8371
"/Engine/EngineMaterials/Substrate/Glints2/dict_0003_0238" 8372
"/Engine/EngineMaterials/Substrate/Glints2/dict_0003_0239" 8373
"/Engine/EngineMaterials/Substrate/Glints2/dict_0003_0240" 8374
"/Engine/EngineMaterials/Substrate/Glints2/dict_0003_0241" 8375
"/Engine/EngineMaterials/Substrate/Glints2/dict_0003_0224" 8376
"/Engine/EngineMaterials/Substrate/Glints2/dict_0003_0225" 8377
"/Engine/EngineMaterials/Substrate/Glints2/dict_0003_0226" 8378
"/Engine/EngineMaterials/Substrate/Glints2/dict_0003_0227" 8379
"../../../Engine/Content/EngineMaterials/Substrate/Glints2/dict_0003_0209.uasset" 8380
"../../../Engine/Content/EngineMaterials/Substrate/Glints2/dict_0003_0207.uasset" 8381
"../../../Engine/Content/EngineMaterials/Substrate/Glints2/dict_0003_0208.uasset" 8382
"../../../Engine/Content/EngineMaterials/Substrate/Glints2/dict_0003_0206.uasset" 8383
"../../../Engine/Content/EngineMaterials/Substrate/Glints2/dict_0003_0203.uasset" 8384
"../../../Engine/Content/EngineMaterials/Substrate/Glints2/dict_0003_0201.uasset" 8385
"../../../Engine/Content/EngineMaterials/Substrate/Glints2/dict_0003_0199.uasset" 8386
"../../../Engine/Content/EngineMaterials/Substrate/Glints2/dict_0003_0200.uasset" 8387
"../../../Engine/Content/EngineMaterials/Substrate/Glints2/dict_0003_0193.uasset" 8388
"/Engine/EngineMaterials/Substrate/Glints2/dict_0003_0210" 8389
"../../../Engine/Content/EngineMaterials/Substrate/Glints2/dict_0003_0198.uasset" 8390
"../../../Engine/Content/EngineMaterials/Substrate/Glints2/dict_0003_0205.uasset" 8391
"../../../Engine/Content/EngineMaterials/Substrate/Glints2/dict_0003_0202.uasset" 8392
"../../../Engine/Content/EngineMaterials/Substrate/Glints2/dict_0003_0195.uasset" 8393
"../../../Engine/Content/EngineMaterials/Substrate/Glints2/dict_0003_0204.uasset" 8394
"../../../Engine/Content/EngineMaterials/Substrate/Glints2/dict_0003_0196.uasset" 8395
"../../../Engine/Content/EngineMaterials/Substrate/Glints2/dict_0003_0192.uasset" 8396
"../../../Engine/Content/EngineMaterials/Substrate/Glints2/dict_0003_0197.uasset" 8397
"../../../Engine/Content/EngineMaterials/Substrate/Glints2/dict_0003_0194.uasset" 8398
"/Engine/EngineMaterials/Substrate/Glints2/dict_0003_0211" 8399
"/Engine/EngineMaterials/Substrate/Glints2/dict_0003_0212" 8400
"/Engine/EngineMaterials/Substrate/Glints2/dict_0003_0213" 8401
"/Engine/EngineMaterials/Substrate/Glints2/dict_0003_0214" 8402
"/Engine/EngineMaterials/Substrate/Glints2/dict_0003_0215" 8403
"/Engine/EngineMaterials/Substrate/Glints2/dict_0003_0216" 8404
"/Engine/EngineMaterials/Substrate/Glints2/dict_0003_0217" 8405
"/Engine/EngineMaterials/Substrate/Glints2/dict_0003_0218" 8406
"/Engine/EngineMaterials/Substrate/Glints2/dict_0003_0219" 8407
"/Engine/EngineMaterials/Substrate/Glints2/dict_0003_0220" 8408
"/Engine/EngineMaterials/Substrate/Glints2/dict_0003_0221" 8409
"/Engine/EngineMaterials/Substrate/Glints2/dict_0003_0222" 8410
"/Engine/EngineMaterials/Substrate/Glints2/dict_0003_0223" 8411
"/Engine/EngineMaterials/Substrate/Glints2/dict_0003_0206" 8412
"/Engine/EngineMaterials/Substrate/Glints2/dict_0003_0207" 8413
"/Engine/EngineMaterials/Substrate/Glints2/dict_0003_0208" 8414
"/Engine/EngineMaterials/Substrate/Glints2/dict_0003_0209" 8415
"../../../Engine/Content/EngineMaterials/Substrate/Glints2/dict_0003_0191.uasset" 8416
"../../../Engine/Content/EngineMaterials/Substrate/Glints2/dict_0003_0190.uasset" 8417
"../../../Engine/Content/EngineMaterials/Substrate/Glints2/dict_0003_0188.uasset" 8418
"../../../Engine/Content/EngineMaterials/Substrate/Glints2/dict_0003_0187.uasset" 8419
"../../../Engine/Content/EngineMaterials/Substrate/Glints2/dict_0003_0189.uasset" 8420
"../../../Engine/Content/EngineMaterials/Substrate/Glints2/dict_0003_0186.uasset" 8421
"../../../Engine/Content/EngineMaterials/Substrate/Glints2/dict_0003_0185.uasset" 8422
"../../../Engine/Content/EngineMaterials/Substrate/Glints2/dict_0003_0180.uasset" 8423
"../../../Engine/Content/EngineMaterials/Substrate/Glints2/dict_0003_0179.uasset" 8424
"../../../Engine/Content/EngineMaterials/Substrate/Glints2/dict_0003_0183.uasset" 8425
"../../../Engine/Content/EngineMaterials/Substrate/Glints2/dict_0003_0175.uasset" 8426
"../../../Engine/Content/EngineMaterials/Substrate/Glints2/dict_0003_0181.uasset" 8427
"/Engine/EngineMaterials/Substrate/Glints2/dict_0003_0192" 8428
"../../../Engine/Content/EngineMaterials/Substrate/Glints2/dict_0003_0182.uasset" 8429
"../../../Engine/Content/EngineMaterials/Substrate/Glints2/dict_0003_0178.uasset" 8430
"../../../Engine/Content/EngineMaterials/Substrate/Glints2/dict_0003_0177.uasset" 8431
"../../../Engine/Content/EngineMaterials/Substrate/Glints2/dict_0003_0174.uasset" 8432
"../../../Engine/Content/EngineMaterials/Substrate/Glints2/dict_0003_0184.uasset" 8433
"../../../Engine/Content/EngineMaterials/Substrate/Glints2/dict_0003_0176.uasset" 8434
"/Engine/EngineMaterials/Substrate/Glints2/dict_0003_0193" 8435
"/Engine/EngineMaterials/Substrate/Glints2/dict_0003_0194" 8436
"/Engine/EngineMaterials/Substrate/Glints2/dict_0003_0195" 8437
"/Engine/EngineMaterials/Substrate/Glints2/dict_0003_0196" 8438
"/Engine/EngineMaterials/Substrate/Glints2/dict_0003_0197" 8439
"/Engine/EngineMaterials/Substrate/Glints2/dict_0003_0198" 8440
"/Engine/EngineMaterials/Substrate/Glints2/dict_0003_0199" 8441
"/Engine/EngineMaterials/Substrate/Glints2/dict_0003_0200" 8442
"/Engine/EngineMaterials/Substrate/Glints2/dict_0003_0201" 8443
"/Engine/EngineMaterials/Substrate/Glints2/dict_0003_0202" 8444
"/Engine/EngineMaterials/Substrate/Glints2/dict_0003_0203" 8445
"/Engine/EngineMaterials/Substrate/Glints2/dict_0003_0204" 8446
"/Engine/EngineMaterials/Substrate/Glints2/dict_0003_0205" 8447
"/Engine/EngineMaterials/Substrate/Glints2/dict_0003_0186" 8448
"/Engine/EngineMaterials/Substrate/Glints2/dict_0003_0187" 8449
"/Engine/EngineMaterials/Substrate/Glints2/dict_0003_0188" 8450
"/Engine/EngineMaterials/Substrate/Glints2/dict_0003_0189" 8451
"/Engine/EngineMaterials/Substrate/Glints2/dict_0003_0190" 8452
"/Engine/EngineMaterials/Substrate/Glints2/dict_0003_0191" 8453
"../../../Engine/Content/EngineMaterials/Substrate/Glints2/dict_0003_0173.uasset" 8454
"../../../Engine/Content/EngineMaterials/Substrate/Glints2/dict_0003_0172.uasset" 8455
"../../../Engine/Content/EngineMaterials/Substrate/Glints2/dict_0003_0171.uasset" 8456
"../../../Engine/Content/EngineMaterials/Substrate/Glints2/dict_0003_0166.uasset" 8457
"../../../Engine/Content/EngineMaterials/Substrate/Glints2/dict_0003_0164.uasset" 8458
"../../../Engine/Content/EngineMaterials/Substrate/Glints2/dict_0003_0161.uasset" 8459
"../../../Engine/Content/EngineMaterials/Substrate/Glints2/dict_0003_0167.uasset" 8460
"../../../Engine/Content/EngineMaterials/Substrate/Glints2/dict_0003_0169.uasset" 8461
"/Engine/EngineMaterials/Substrate/Glints2/dict_0003_0174" 8462
"../../../Engine/Content/EngineMaterials/Substrate/Glints2/dict_0003_0159.uasset" 8463
"../../../Engine/Content/EngineMaterials/Substrate/Glints2/dict_0003_0155.uasset" 8464
"../../../Engine/Content/EngineMaterials/Substrate/Glints2/dict_0003_0163.uasset" 8465
"../../../Engine/Content/EngineMaterials/Substrate/Glints2/dict_0003_0168.uasset" 8466
"../../../Engine/Content/EngineMaterials/Substrate/Glints2/dict_0003_0158.uasset" 8467
"../../../Engine/Content/EngineMaterials/Substrate/Glints2/dict_0003_0157.uasset" 8468
"../../../Engine/Content/EngineMaterials/Substrate/Glints2/dict_0003_0154.uasset" 8469
"../../../Engine/Content/EngineMaterials/Substrate/Glints2/dict_0003_0165.uasset" 8470
"../../../Engine/Content/EngineMaterials/Substrate/Glints2/dict_0003_0170.uasset" 8471
"../../../Engine/Content/EngineMaterials/Substrate/Glints2/dict_0003_0162.uasset" 8472
"../../../Engine/Content/EngineMaterials/Substrate/Glints2/dict_0003_0156.uasset" 8473
"/Engine/EngineMaterials/Substrate/Glints2/dict_0003_0175" 8474
"../../../Engine/Content/EngineMaterials/Substrate/Glints2/dict_0003_0160.uasset" 8475
"/Engine/EngineMaterials/Substrate/Glints2/dict_0003_0176" 8476
"/Engine/EngineMaterials/Substrate/Glints2/dict_0003_0177" 8477
"/Engine/EngineMaterials/Substrate/Glints2/dict_0003_0178" 8478
"/Engine/EngineMaterials/Substrate/Glints2/dict_0003_0179" 8479
"/Engine/EngineMaterials/Substrate/Glints2/dict_0003_0180" 8480
"/Engine/EngineMaterials/Substrate/Glints2/dict_0003_0181" 8481
"/Engine/EngineMaterials/Substrate/Glints2/dict_0003_0182" 8482
"/Engine/EngineMaterials/Substrate/Glints2/dict_0003_0183" 8483
"/Engine/EngineMaterials/Substrate/Glints2/dict_0003_0184" 8484
"/Engine/EngineMaterials/Substrate/Glints2/dict_0003_0185" 8485
"/Engine/EngineMaterials/Substrate/Glints2/dict_0003_0171" 8486
"/Engine/EngineMaterials/Substrate/Glints2/dict_0003_0172" 8487
"/Engine/EngineMaterials/Substrate/Glints2/dict_0003_0173" 8488
"../../../Engine/Content/EngineMaterials/Substrate/Glints2/dict_0003_0153.uasset" 8489
"../../../Engine/Content/EngineMaterials/Substrate/Glints2/dict_0003_0152.uasset" 8490
"../../../Engine/Content/EngineMaterials/Substrate/Glints2/dict_0003_0151.uasset" 8491
"../../../Engine/Content/EngineMaterials/Substrate/Glints2/dict_0003_0149.uasset" 8492
"../../../Engine/Content/EngineMaterials/Substrate/Glints2/dict_0003_0150.uasset" 8493
"../../../Engine/Content/EngineMaterials/Substrate/Glints2/dict_0003_0141.uasset" 8494
"../../../Engine/Content/EngineMaterials/Substrate/Glints2/dict_0003_0143.uasset" 8495
"../../../Engine/Content/EngineMaterials/Substrate/Glints2/dict_0003_0146.uasset" 8496
"../../../Engine/Content/EngineMaterials/Substrate/Glints2/dict_0003_0145.uasset" 8497
"../../../Engine/Content/EngineMaterials/Substrate/Glints2/dict_0003_0140.uasset" 8498
"../../../Engine/Content/EngineMaterials/Substrate/Glints2/dict_0003_0147.uasset" 8499
"../../../Engine/Content/EngineMaterials/Substrate/Glints2/dict_0003_0144.uasset" 8500
"/Engine/EngineMaterials/Substrate/Glints2/dict_0003_0154" 8501
"../../../Engine/Content/EngineMaterials/Substrate/Glints2/dict_0003_0148.uasset" 8502
"../../../Engine/Content/EngineMaterials/Substrate/Glints2/dict_0003_0139.uasset" 8503
"../../../Engine/Content/EngineMaterials/Substrate/Glints2/dict_0003_0142.uasset" 8504
"/Engine/EngineMaterials/Substrate/Glints2/dict_0003_0155" 8505
"/Engine/EngineMaterials/Substrate/Glints2/dict_0003_0156" 8506
"/Engine/EngineMaterials/Substrate/Glints2/dict_0003_0157" 8507
"/Engine/EngineMaterials/Substrate/Glints2/dict_0003_0158" 8508
"/Engine/EngineMaterials/Substrate/Glints2/dict_0003_0159" 8509
"/Engine/EngineMaterials/Substrate/Glints2/dict_0003_0160" 8510
"/Engine/EngineMaterials/Substrate/Glints2/dict_0003_0161" 8511
"/Engine/EngineMaterials/Substrate/Glints2/dict_0003_0162" 8512
"/Engine/EngineMaterials/Substrate/Glints2/dict_0003_0163" 8513
"/Engine/EngineMaterials/Substrate/Glints2/dict_0003_0164" 8514
"/Engine/EngineMaterials/Substrate/Glints2/dict_0003_0165" 8515
"/Engine/EngineMaterials/Substrate/Glints2/dict_0003_0166" 8516
"/Engine/EngineMaterials/Substrate/Glints2/dict_0003_0167" 8517
"/Engine/EngineMaterials/Substrate/Glints2/dict_0003_0168" 8518
"/Engine/EngineMaterials/Substrate/Glints2/dict_0003_0169" 8519
"/Engine/EngineMaterials/Substrate/Glints2/dict_0003_0170" 8520
"/Engine/EngineMaterials/Substrate/Glints2/dict_0003_0152" 8521
"/Engine/EngineMaterials/Substrate/Glints2/dict_0003_0153" 8522
"../../../Engine/Content/EngineMaterials/Substrate/Glints2/dict_0003_0137.uasset" 8523
"../../../Engine/Content/EngineMaterials/Substrate/Glints2/dict_0003_0138.uasset" 8524
"../../../Engine/Content/EngineMaterials/Substrate/Glints2/dict_0003_0134.uasset" 8525
"../../../Engine/Content/EngineMaterials/Substrate/Glints2/dict_0003_0136.uasset" 8526
"../../../Engine/Content/EngineMaterials/Substrate/Glints2/dict_0003_0126.uasset" 8527
"../../../Engine/Content/EngineMaterials/Substrate/Glints2/dict_0003_0127.uasset" 8528
"../../../Engine/Content/EngineMaterials/Substrate/Glints2/dict_0003_0122.uasset" 8529
"../../../Engine/Content/EngineMaterials/Substrate/Glints2/dict_0003_0124.uasset" 8530
"../../../Engine/Content/EngineMaterials/Substrate/Glints2/dict_0003_0131.uasset" 8531
"/Engine/EngineMaterials/Substrate/Glints2/dict_0003_0139" 8532
"../../../Engine/Content/EngineMaterials/Substrate/Glints2/dict_0003_0132.uasset" 8533
"../../../Engine/Content/EngineMaterials/Substrate/Glints2/dict_0003_0123.uasset" 8534
"../../../Engine/Content/EngineMaterials/Substrate/Glints2/dict_0003_0120.uasset" 8535
"../../../Engine/Content/EngineMaterials/Substrate/Glints2/dict_0003_0121.uasset" 8536
"../../../Engine/Content/EngineMaterials/Substrate/Glints2/dict_0003_0129.uasset" 8537
"../../../Engine/Content/EngineMaterials/Substrate/Glints2/dict_0003_0130.uasset" 8538
"../../../Engine/Content/EngineMaterials/Substrate/Glints2/dict_0003_0133.uasset" 8539
"../../../Engine/Content/EngineMaterials/Substrate/Glints2/dict_0003_0125.uasset" 8540
"../../../Engine/Content/EngineMaterials/Substrate/Glints2/dict_0003_0128.uasset" 8541
"../../../Engine/Content/EngineMaterials/Substrate/Glints2/dict_0003_0135.uasset" 8542
"/Engine/EngineMaterials/Substrate/Glints2/dict_0003_0140" 8543
"/Engine/EngineMaterials/Substrate/Glints2/dict_0003_0141" 8544
"/Engine/EngineMaterials/Substrate/Glints2/dict_0003_0142" 8545
"/Engine/EngineMaterials/Substrate/Glints2/dict_0003_0143" 8546
"/Engine/EngineMaterials/Substrate/Glints2/dict_0003_0144" 8547
"/Engine/EngineMaterials/Substrate/Glints2/dict_0003_0145" 8548
"/Engine/EngineMaterials/Substrate/Glints2/dict_0003_0146" 8549
"/Engine/EngineMaterials/Substrate/Glints2/dict_0003_0147" 8550
"/Engine/EngineMaterials/Substrate/Glints2/dict_0003_0148" 8551
"/Engine/EngineMaterials/Substrate/Glints2/dict_0003_0149" 8552
"/Engine/EngineMaterials/Substrate/Glints2/dict_0003_0150" 8553
"/Engine/EngineMaterials/Substrate/Glints2/dict_0003_0134" 8554
"/Engine/EngineMaterials/Substrate/Glints2/dict_0003_0151" 8555
"/Engine/EngineMaterials/Substrate/Glints2/dict_0003_0137" 8556
"/Engine/EngineMaterials/Substrate/Glints2/dict_0003_0138" 8557
"../../../Engine/Content/EngineMaterials/Substrate/Glints2/dict_0003_0117.uasset" 8558
"../../../Engine/Content/EngineMaterials/Substrate/Glints2/dict_0003_0119.uasset" 8559
"../../../Engine/Content/EngineMaterials/Substrate/Glints2/dict_0003_0118.uasset" 8560
"../../../Engine/Content/EngineMaterials/Substrate/Glints2/dict_0003_0112.uasset" 8561
"../../../Engine/Content/EngineMaterials/Substrate/Glints2/dict_0003_0109.uasset" 8562
"../../../Engine/Content/EngineMaterials/Substrate/Glints2/dict_0003_0110.uasset" 8563
"../../../Engine/Content/EngineMaterials/Substrate/Glints2/dict_0003_0107.uasset" 8564
"../../../Engine/Content/EngineMaterials/Substrate/Glints2/dict_0003_0106.uasset" 8565
"../../../Engine/Content/EngineMaterials/Substrate/Glints2/dict_0003_0104.uasset" 8566
"../../../Engine/Content/EngineMaterials/Substrate/Glints2/dict_0003_0114.uasset" 8567
"../../../Engine/Content/EngineMaterials/Substrate/Glints2/dict_0003_0113.uasset" 8568
"../../../Engine/Content/EngineMaterials/Substrate/Glints2/dict_0003_0111.uasset" 8569
"../../../Engine/Content/EngineMaterials/Substrate/Glints2/dict_0003_0116.uasset" 8570
"../../../Engine/Content/EngineMaterials/Substrate/Glints2/dict_0003_0105.uasset" 8571
"/Engine/EngineMaterials/Substrate/Glints2/dict_0003_0120" 8572
"../../../Engine/Content/EngineMaterials/Substrate/Glints2/dict_0003_0108.uasset" 8573
"../../../Engine/Content/EngineMaterials/Substrate/Glints2/dict_0003_0115.uasset" 8574
"/Engine/EngineMaterials/Substrate/Glints2/dict_0003_0121" 8575
"/Engine/EngineMaterials/Substrate/Glints2/dict_0003_0122" 8576
"/Engine/EngineMaterials/Substrate/Glints2/dict_0003_0123" 8577
"/Engine/EngineMaterials/Substrate/Glints2/dict_0003_0124" 8578
"/Engine/EngineMaterials/Substrate/Glints2/dict_0003_0125" 8579
"/Engine/EngineMaterials/Substrate/Glints2/dict_0003_0126" 8580
"/Engine/EngineMaterials/Substrate/Glints2/dict_0003_0127" 8581
"/Engine/EngineMaterials/Substrate/Glints2/dict_0003_0128" 8582
"/Engine/EngineMaterials/Substrate/Glints2/dict_0003_0129" 8583
"/Engine/EngineMaterials/Substrate/Glints2/dict_0003_0130" 8584
"/Engine/EngineMaterials/Substrate/Glints2/dict_0003_0131" 8585
"/Engine/EngineMaterials/Substrate/Glints2/dict_0003_0132" 8586
"/Engine/EngineMaterials/Substrate/Glints2/dict_0003_0133" 8587
"/Engine/EngineMaterials/Substrate/Glints2/dict_0003_0135" 8588
"/Engine/EngineMaterials/Substrate/Glints2/dict_0003_0136" 8589
"/Engine/EngineMaterials/Substrate/Glints2/dict_0003_0117" 8590
"/Engine/EngineMaterials/Substrate/Glints2/dict_0003_0118" 8591
"/Engine/EngineMaterials/Substrate/Glints2/dict_0003_0119" 8592
"../../../Engine/Content/EngineMaterials/Substrate/Glints2/dict_0003_0102.uasset" 8593
"../../../Engine/Content/EngineMaterials/Substrate/Glints2/dict_0003_0101.uasset" 8594
"../../../Engine/Content/EngineMaterials/Substrate/Glints2/dict_0003_0103.uasset" 8595
"../../../Engine/Content/EngineMaterials/Substrate/Glints2/dict_0003_0099.uasset" 8596
"../../../Engine/Content/EngineMaterials/Substrate/Glints2/dict_0003_0096.uasset" 8597
"../../../Engine/Content/EngineMaterials/Substrate/Glints2/dict_0003_0095.uasset" 8598
"../../../Engine/Content/EngineMaterials/Substrate/Glints2/dict_0003_0094.uasset" 8599
"../../../Engine/Content/EngineMaterials/Substrate/Glints2/dict_0003_0086.uasset" 8600
"../../../Engine/Content/EngineMaterials/Substrate/Glints2/dict_0003_0088.uasset" 8601
"../../../Engine/Content/EngineMaterials/Substrate/Glints2/dict_0003_0091.uasset" 8602
"../../../Engine/Content/EngineMaterials/Substrate/Glints2/dict_0003_0087.uasset" 8603
"../../../Engine/Content/EngineMaterials/Substrate/Glints2/dict_0003_0098.uasset" 8604
"../../../Engine/Content/EngineMaterials/Substrate/Glints2/dict_0003_0093.uasset" 8605
"../../../Engine/Content/EngineMaterials/Substrate/Glints2/dict_0003_0100.uasset" 8606
"../../../Engine/Content/EngineMaterials/Substrate/Glints2/dict_0003_0090.uasset" 8607
"../../../Engine/Content/EngineMaterials/Substrate/Glints2/dict_0003_0089.uasset" 8608
"../../../Engine/Content/EngineMaterials/Substrate/Glints2/dict_0003_0097.uasset" 8609
"/Engine/EngineMaterials/Substrate/Glints2/dict_0003_0104" 8610
"../../../Engine/Content/EngineMaterials/Substrate/Glints2/dict_0003_0085.uasset" 8611
"../../../Engine/Content/EngineMaterials/Substrate/Glints2/dict_0003_0092.uasset" 8612
"/Engine/EngineMaterials/Substrate/Glints2/dict_0003_0105" 8613
"/Engine/EngineMaterials/Substrate/Glints2/dict_0003_0106" 8614
"/Engine/EngineMaterials/Substrate/Glints2/dict_0003_0107" 8615
"/Engine/EngineMaterials/Substrate/Glints2/dict_0003_0108" 8616
"/Engine/EngineMaterials/Substrate/Glints2/dict_0003_0109" 8617
"/Engine/EngineMaterials/Substrate/Glints2/dict_0003_0110" 8618
"/Engine/EngineMaterials/Substrate/Glints2/dict_0003_0111" 8619
"/Engine/EngineMaterials/Substrate/Glints2/dict_0003_0112" 8620
"/Engine/EngineMaterials/Substrate/Glints2/dict_0003_0113" 8621
"/Engine/EngineMaterials/Substrate/Glints2/dict_0003_0114" 8622
"/Engine/EngineMaterials/Substrate/Glints2/dict_0003_0115" 8623
"/Engine/EngineMaterials/Substrate/Glints2/dict_0003_0116" 8624
"/Engine/EngineMaterials/Substrate/Glints2/dict_0003_0099" 8625
"/Engine/EngineMaterials/Substrate/Glints2/dict_0003_0101" 8626
"/Engine/EngineMaterials/Substrate/Glints2/dict_0003_0102" 8627
"/Engine/EngineMaterials/Substrate/Glints2/dict_0003_0103" 8628
"../../../Engine/Content/EngineMaterials/Substrate/Glints2/dict_0003_0084.uasset" 8629
"../../../Engine/Content/EngineMaterials/Substrate/Glints2/dict_0003_0083.uasset" 8630
"../../../Engine/Content/EngineMaterials/Substrate/Glints2/dict_0003_0082.uasset" 8631
"../../../Engine/Content/EngineMaterials/Substrate/Glints2/dict_0003_0081.uasset" 8632
"../../../Engine/Content/EngineMaterials/Substrate/Glints2/dict_0003_0078.uasset" 8633
"../../../Engine/Content/EngineMaterials/Substrate/Glints2/dict_0003_0072.uasset" 8634
"../../../Engine/Content/EngineMaterials/Substrate/Glints2/dict_0003_0074.uasset" 8635
"../../../Engine/Content/EngineMaterials/Substrate/Glints2/dict_0003_0080.uasset" 8636
"../../../Engine/Content/EngineMaterials/Substrate/Glints2/dict_0003_0069.uasset" 8637
"../../../Engine/Content/EngineMaterials/Substrate/Glints2/dict_0003_0071.uasset" 8638
"/Engine/EngineMaterials/Substrate/Glints2/dict_0003_0085" 8639
"../../../Engine/Content/EngineMaterials/Substrate/Glints2/dict_0003_0077.uasset" 8640
"../../../Engine/Content/EngineMaterials/Substrate/Glints2/dict_0003_0068.uasset" 8641
"../../../Engine/Content/EngineMaterials/Substrate/Glints2/dict_0003_0076.uasset" 8642
"../../../Engine/Content/EngineMaterials/Substrate/Glints2/dict_0003_0075.uasset" 8643
"../../../Engine/Content/EngineMaterials/Substrate/Glints2/dict_0003_0079.uasset" 8644
"../../../Engine/Content/EngineMaterials/Substrate/Glints2/dict_0003_0070.uasset" 8645
"../../../Engine/Content/EngineMaterials/Substrate/Glints2/dict_0003_0073.uasset" 8646
"/Engine/EngineMaterials/Substrate/Glints2/dict_0003_0086" 8647
"/Engine/EngineMaterials/Substrate/Glints2/dict_0003_0087" 8648
"/Engine/EngineMaterials/Substrate/Glints2/dict_0003_0088" 8649
"/Engine/EngineMaterials/Substrate/Glints2/dict_0003_0089" 8650
"/Engine/EngineMaterials/Substrate/Glints2/dict_0003_0090" 8651
"/Engine/EngineMaterials/Substrate/Glints2/dict_0003_0091" 8652
"/Engine/EngineMaterials/Substrate/Glints2/dict_0003_0092" 8653
"/Engine/EngineMaterials/Substrate/Glints2/dict_0003_0093" 8654
"/Engine/EngineMaterials/Substrate/Glints2/dict_0003_0094" 8655
"/Engine/EngineMaterials/Substrate/Glints2/dict_0003_0095" 8656
"/Engine/EngineMaterials/Substrate/Glints2/dict_0003_0096" 8657
"/Engine/EngineMaterials/Substrate/Glints2/dict_0003_0097" 8658
"/Engine/EngineMaterials/Substrate/Glints2/dict_0003_0098" 8659
"/Engine/EngineMaterials/Substrate/Glints2/dict_0003_0100" 8660
"/Engine/EngineMaterials/Substrate/Glints2/dict_0003_0082" 8661
"/Engine/EngineMaterials/Substrate/Glints2/dict_0003_0083" 8662
"/Engine/EngineMaterials/Substrate/Glints2/dict_0003_0084" 8663
"../../../Engine/Content/EngineMaterials/Substrate/Glints2/dict_0003_0067.uasset" 8664
"../../../Engine/Content/EngineMaterials/Substrate/Glints2/dict_0003_0066.uasset" 8665
"../../../Engine/Content/EngineMaterials/Substrate/Glints2/dict_0003_0064.uasset" 8666
"../../../Engine/Content/EngineMaterials/Substrate/Glints2/dict_0003_0065.uasset" 8667
"../../../Engine/Content/EngineMaterials/Substrate/Glints2/dict_0003_0062.uasset" 8668
"../../../Engine/Content/EngineMaterials/Substrate/Glints2/dict_0003_0057.uasset" 8669
"../../../Engine/Content/EngineMaterials/Substrate/Glints2/dict_0003_0058.uasset" 8670
"../../../Engine/Content/EngineMaterials/Substrate/Glints2/dict_0003_0060.uasset" 8671
"../../../Engine/Content/EngineMaterials/Substrate/Glints2/dict_0003_0053.uasset" 8672
"/Engine/EngineMaterials/Substrate/Glints2/dict_0003_0068" 8673
"../../../Engine/Content/EngineMaterials/Substrate/Glints2/dict_0003_0063.uasset" 8674
"../../../Engine/Content/EngineMaterials/Substrate/Glints2/dict_0003_0056.uasset" 8675
"../../../Engine/Content/EngineMaterials/Substrate/Glints2/dict_0003_0061.uasset" 8676
"../../../Engine/Content/EngineMaterials/Substrate/Glints2/dict_0003_0054.uasset" 8677
"../../../Engine/Content/EngineMaterials/Substrate/Glints2/dict_0003_0055.uasset" 8678
"../../../Engine/Content/EngineMaterials/Substrate/Glints2/dict_0003_0052.uasset" 8679
"../../../Engine/Content/EngineMaterials/Substrate/Glints2/dict_0003_0051.uasset" 8680
"../../../Engine/Content/EngineMaterials/Substrate/Glints2/dict_0003_0059.uasset" 8681
"../../../Engine/Content/EngineMaterials/Substrate/Glints2/dict_0003_0050.uasset" 8682
"/Engine/EngineMaterials/Substrate/Glints2/dict_0003_0069" 8683
"/Engine/EngineMaterials/Substrate/Glints2/dict_0003_0070" 8684
"/Engine/EngineMaterials/Substrate/Glints2/dict_0003_0071" 8685
"/Engine/EngineMaterials/Substrate/Glints2/dict_0003_0072" 8686
"/Engine/EngineMaterials/Substrate/Glints2/dict_0003_0073" 8687
"/Engine/EngineMaterials/Substrate/Glints2/dict_0003_0074" 8688
"/Engine/EngineMaterials/Substrate/Glints2/dict_0003_0075" 8689
"/Engine/EngineMaterials/Substrate/Glints2/dict_0003_0076" 8690
"/Engine/EngineMaterials/Substrate/Glints2/dict_0003_0077" 8691
"/Engine/EngineMaterials/Substrate/Glints2/dict_0003_0078" 8692
"/Engine/EngineMaterials/Substrate/Glints2/dict_0003_0079" 8693
"/Engine/EngineMaterials/Substrate/Glints2/dict_0003_0080" 8694
"/Engine/EngineMaterials/Substrate/Glints2/dict_0003_0081" 8695
"/Engine/EngineMaterials/Substrate/Glints2/dict_0003_0064" 8696
"/Engine/EngineMaterials/Substrate/Glints2/dict_0003_0065" 8697
"/Engine/EngineMaterials/Substrate/Glints2/dict_0003_0066" 8698
"/Engine/EngineMaterials/Substrate/Glints2/dict_0003_0067" 8699
"../../../Engine/Content/EngineMaterials/Substrate/Glints2/dict_0003_0048.uasset" 8700
"../../../Engine/Content/EngineMaterials/Substrate/Glints2/dict_0003_0049.uasset" 8701
"../../../Engine/Content/EngineMaterials/Substrate/Glints2/dict_0003_0047.uasset" 8702
"../../../Engine/Content/EngineMaterials/Substrate/Glints2/dict_0003_0046.uasset" 8703
"../../../Engine/Content/EngineMaterials/Substrate/Glints2/dict_0003_0041.uasset" 8704
"../../../Engine/Content/EngineMaterials/Substrate/Glints2/dict_0003_0045.uasset" 8705
"../../../Engine/Content/EngineMaterials/Substrate/Glints2/dict_0003_0040.uasset" 8706
"../../../Engine/Content/EngineMaterials/Substrate/Glints2/dict_0003_0038.uasset" 8707
"../../../Engine/Content/EngineMaterials/Substrate/Glints2/dict_0003_0036.uasset" 8708
"../../../Engine/Content/EngineMaterials/Substrate/Glints2/dict_0003_0037.uasset" 8709
"../../../Engine/Content/EngineMaterials/Substrate/Glints2/dict_0003_0033.uasset" 8710
"../../../Engine/Content/EngineMaterials/Substrate/Glints2/dict_0003_0044.uasset" 8711
"../../../Engine/Content/EngineMaterials/Substrate/Glints2/dict_0003_0042.uasset" 8712
"/Engine/EngineMaterials/Substrate/Glints2/dict_0003_0050" 8713
"../../../Engine/Content/EngineMaterials/Substrate/Glints2/dict_0003_0034.uasset" 8714
"../../../Engine/Content/EngineMaterials/Substrate/Glints2/dict_0003_0035.uasset" 8715
"../../../Engine/Content/EngineMaterials/Substrate/Glints2/dict_0003_0039.uasset" 8716
"../../../Engine/Content/EngineMaterials/Substrate/Glints2/dict_0003_0032.uasset" 8717
"../../../Engine/Content/EngineMaterials/Substrate/Glints2/dict_0003_0043.uasset" 8718
"/Engine/EngineMaterials/Substrate/Glints2/dict_0003_0051" 8719
"/Engine/EngineMaterials/Substrate/Glints2/dict_0003_0052" 8720
"/Engine/EngineMaterials/Substrate/Glints2/dict_0003_0053" 8721
"/Engine/EngineMaterials/Substrate/Glints2/dict_0003_0054" 8722
"/Engine/EngineMaterials/Substrate/Glints2/dict_0003_0055" 8723
"/Engine/EngineMaterials/Substrate/Glints2/dict_0003_0056" 8724
"/Engine/EngineMaterials/Substrate/Glints2/dict_0003_0057" 8725
"/Engine/EngineMaterials/Substrate/Glints2/dict_0003_0058" 8726
"/Engine/EngineMaterials/Substrate/Glints2/dict_0003_0059" 8727
"/Engine/EngineMaterials/Substrate/Glints2/dict_0003_0060" 8728
"/Engine/EngineMaterials/Substrate/Glints2/dict_0003_0061" 8729
"/Engine/EngineMaterials/Substrate/Glints2/dict_0003_0062" 8730
"/Engine/EngineMaterials/Substrate/Glints2/dict_0003_0063" 8731
"/Engine/EngineMaterials/Substrate/Glints2/dict_0003_0041" 8732
"/Engine/EngineMaterials/Substrate/Glints2/dict_0003_0046" 8733
"/Engine/EngineMaterials/Substrate/Glints2/dict_0003_0047" 8734
"/Engine/EngineMaterials/Substrate/Glints2/dict_0003_0048" 8735
"/Engine/EngineMaterials/Substrate/Glints2/dict_0003_0049" 8736
"../../../Engine/Content/EngineMaterials/Substrate/Glints2/dict_0003_0030.uasset" 8737
"../../../Engine/Content/EngineMaterials/Substrate/Glints2/dict_0003_0029.uasset" 8738
"../../../Engine/Content/EngineMaterials/Substrate/Glints2/dict_0003_0031.uasset" 8739
"../../../Engine/Content/EngineMaterials/Substrate/Glints2/dict_0003_0026.uasset" 8740
"../../../Engine/Content/EngineMaterials/Substrate/Glints2/dict_0003_0024.uasset" 8741
"../../../Engine/Content/EngineMaterials/Substrate/Glints2/dict_0003_0022.uasset" 8742
"../../../Engine/Content/EngineMaterials/Substrate/Glints2/dict_0003_0016.uasset" 8743
"../../../Engine/Content/EngineMaterials/Substrate/Glints2/dict_0003_0018.uasset" 8744
"../../../Engine/Content/EngineMaterials/Substrate/Glints2/dict_0003_0014.uasset" 8745
"../../../Engine/Content/EngineMaterials/Substrate/Glints2/dict_0003_0028.uasset" 8746
"../../../Engine/Content/EngineMaterials/Substrate/Glints2/dict_0003_0015.uasset" 8747
"../../../Engine/Content/EngineMaterials/Substrate/Glints2/dict_0003_0021.uasset" 8748
"../../../Engine/Content/EngineMaterials/Substrate/Glints2/dict_0003_0020.uasset" 8749
"../../../Engine/Content/EngineMaterials/Substrate/Glints2/dict_0003_0025.uasset" 8750
"../../../Engine/Content/EngineMaterials/Substrate/Glints2/dict_0003_0017.uasset" 8751
"../../../Engine/Content/EngineMaterials/Substrate/Glints2/dict_0003_0027.uasset" 8752
"../../../Engine/Content/EngineMaterials/Substrate/Glints2/dict_0003_0019.uasset" 8753
"../../../Engine/Content/EngineMaterials/Substrate/Glints2/dict_0003_0023.uasset" 8754
"../../../Engine/Content/EngineMaterials/Substrate/Glints2/dict_0003_0013.uasset" 8755
"/Engine/EngineMaterials/Substrate/Glints2/dict_0003_0032" 8756
"/Engine/EngineMaterials/Substrate/Glints2/dict_0003_0033" 8757
"/Engine/EngineMaterials/Substrate/Glints2/dict_0003_0034" 8758
"/Engine/EngineMaterials/Substrate/Glints2/dict_0003_0035" 8759
"/Engine/EngineMaterials/Substrate/Glints2/dict_0003_0036" 8760
"/Engine/EngineMaterials/Substrate/Glints2/dict_0003_0037" 8761
"/Engine/EngineMaterials/Substrate/Glints2/dict_0003_0038" 8762
"/Engine/EngineMaterials/Substrate/Glints2/dict_0003_0039" 8763
"/Engine/EngineMaterials/Substrate/Glints2/dict_0003_0040" 8764
"/Engine/EngineMaterials/Substrate/Glints2/dict_0003_0042" 8765
"/Engine/EngineMaterials/Substrate/Glints2/dict_0003_0043" 8766
"/Engine/EngineMaterials/Substrate/Glints2/dict_0003_0044" 8767
"/Engine/EngineMaterials/Substrate/Glints2/dict_0003_0045" 8768
"/Engine/EngineMaterials/Substrate/Glints2/dict_0003_0029" 8769
"/Engine/EngineMaterials/Substrate/Glints2/dict_0003_0030" 8770
"/Engine/EngineMaterials/Substrate/Glints2/dict_0003_0031" 8771
"../../../Engine/Content/EngineMaterials/Substrate/Glints2/dict_0003_0011.uasset" 8772
"../../../Engine/Content/EngineMaterials/Substrate/Glints2/dict_0003_0012.uasset" 8773
"../../../Engine/Content/EngineMaterials/Substrate/Glints2/dict_0003_0008.uasset" 8774
"../../../Engine/Content/EngineMaterials/Substrate/Glints2/dict_0003_0005.uasset" 8775
"../../../Engine/Content/EngineMaterials/Substrate/Glints2/dict_0003_0003.uasset" 8776
"../../../Engine/Content/EngineMaterials/Substrate/Glints2/dict_0003_0010.uasset" 8777
"../../../Engine/Content/EngineMaterials/Substrate/Glints2/dict_0002_0254.uasset" 8778
"../../../Engine/Content/EngineMaterials/Substrate/Glints2/dict_0002_0255.uasset" 8779
"../../../Engine/Content/EngineMaterials/Substrate/Glints2/dict_0003_0009.uasset" 8780
"../../../Engine/Content/EngineMaterials/Substrate/Glints2/dict_0003_0007.uasset" 8781
"../../../Engine/Content/EngineMaterials/Substrate/Glints2/dict_0003_0001.uasset" 8782
"../../../Engine/Content/EngineMaterials/Substrate/Glints2/dict_0002_0253.uasset" 8783
"../../../Engine/Content/EngineMaterials/Substrate/Glints2/dict_0003_0004.uasset" 8784
"../../../Engine/Content/EngineMaterials/Substrate/Glints2/dict_0003_0000.uasset" 8785
"../../../Engine/Content/EngineMaterials/Substrate/Glints2/dict_0003_0006.uasset" 8786
"/Engine/EngineMaterials/Substrate/Glints2/dict_0003_0013" 8787
"../../../Engine/Content/EngineMaterials/Substrate/Glints2/dict_0003_0002.uasset" 8788
"/Engine/EngineMaterials/Substrate/Glints2/dict_0003_0014" 8789
"/Engine/EngineMaterials/Substrate/Glints2/dict_0003_0015" 8790
"/Engine/EngineMaterials/Substrate/Glints2/dict_0003_0016" 8791
"/Engine/EngineMaterials/Substrate/Glints2/dict_0003_0017" 8792
"/Engine/EngineMaterials/Substrate/Glints2/dict_0003_0018" 8793
"/Engine/EngineMaterials/Substrate/Glints2/dict_0003_0019" 8794
"/Engine/EngineMaterials/Substrate/Glints2/dict_0003_0020" 8795
"/Engine/EngineMaterials/Substrate/Glints2/dict_0003_0021" 8796
"/Engine/EngineMaterials/Substrate/Glints2/dict_0003_0022" 8797
"/Engine/EngineMaterials/Substrate/Glints2/dict_0003_0023" 8798
"/Engine/EngineMaterials/Substrate/Glints2/dict_0003_0024" 8799
"/Engine/EngineMaterials/Substrate/Glints2/dict_0003_0025" 8800
"/Engine/EngineMaterials/Substrate/Glints2/dict_0003_0026" 8801
"/Engine/EngineMaterials/Substrate/Glints2/dict_0003_0027" 8802
"/Engine/EngineMaterials/Substrate/Glints2/dict_0003_0028" 8803
"/Engine/EngineMaterials/Substrate/Glints2/dict_0003_0011" 8804
"/Engine/EngineMaterials/Substrate/Glints2/dict_0003_0012" 8805
"../../../Engine/Content/EngineMaterials/Substrate/Glints2/dict_0002_0252.uasset" 8806
"../../../Engine/Content/EngineMaterials/Substrate/Glints2/dict_0002_0251.uasset" 8807
"../../../Engine/Content/EngineMaterials/Substrate/Glints2/dict_0002_0250.uasset" 8808
"../../../Engine/Content/EngineMaterials/Substrate/Glints2/dict_0002_0248.uasset" 8809
"../../../Engine/Content/EngineMaterials/Substrate/Glints2/dict_0002_0247.uasset" 8810
"../../../Engine/Content/EngineMaterials/Substrate/Glints2/dict_0002_0241.uasset" 8811
"../../../Engine/Content/EngineMaterials/Substrate/Glints2/dict_0002_0244.uasset" 8812
"../../../Engine/Content/EngineMaterials/Substrate/Glints2/dict_0002_0236.uasset" 8813
"../../../Engine/Content/EngineMaterials/Substrate/Glints2/dict_0002_0249.uasset" 8814
"../../../Engine/Content/EngineMaterials/Substrate/Glints2/dict_0002_0240.uasset" 8815
"../../../Engine/Content/EngineMaterials/Substrate/Glints2/dict_0002_0243.uasset" 8816
"../../../Engine/Content/EngineMaterials/Substrate/Glints2/dict_0002_0246.uasset" 8817
"../../../Engine/Content/EngineMaterials/Substrate/Glints2/dict_0002_0245.uasset" 8818
"../../../Engine/Content/EngineMaterials/Substrate/Glints2/dict_0002_0239.uasset" 8819
"../../../Engine/Content/EngineMaterials/Substrate/Glints2/dict_0002_0242.uasset" 8820
"../../../Engine/Content/EngineMaterials/Substrate/Glints2/dict_0002_0238.uasset" 8821
"../../../Engine/Content/EngineMaterials/Substrate/Glints2/dict_0002_0237.uasset" 8822
"/Engine/EngineMaterials/Substrate/Glints2/dict_0002_0253" 8823
"../../../Engine/Content/EngineMaterials/Substrate/Glints2/dict_0002_0235.uasset" 8824
"/Engine/EngineMaterials/Substrate/Glints2/dict_0002_0254" 8825
"/Engine/EngineMaterials/Substrate/Glints2/dict_0002_0255" 8826
"/Engine/EngineMaterials/Substrate/Glints2/dict_0003_0000" 8827
"/Engine/EngineMaterials/Substrate/Glints2/dict_0003_0001" 8828
"/Engine/EngineMaterials/Substrate/Glints2/dict_0003_0002" 8829
"/Engine/EngineMaterials/Substrate/Glints2/dict_0003_0003" 8830
"/Engine/EngineMaterials/Substrate/Glints2/dict_0003_0004" 8831
"/Engine/EngineMaterials/Substrate/Glints2/dict_0003_0005" 8832
"/Engine/EngineMaterials/Substrate/Glints2/dict_0003_0006" 8833
"/Engine/EngineMaterials/Substrate/Glints2/dict_0003_0007" 8834
"/Engine/EngineMaterials/Substrate/Glints2/dict_0003_0008" 8835
"/Engine/EngineMaterials/Substrate/Glints2/dict_0003_0009" 8836
"/Engine/EngineMaterials/Substrate/Glints2/dict_0002_0250" 8837
"/Engine/EngineMaterials/Substrate/Glints2/dict_0003_0010" 8838
"/Engine/EngineMaterials/Substrate/Glints2/dict_0002_0251" 8839
"/Engine/EngineMaterials/Substrate/Glints2/dict_0002_0252" 8840
"../../../Engine/Content/EngineMaterials/Substrate/Glints2/dict_0002_0232.uasset" 8841
"../../../Engine/Content/EngineMaterials/Substrate/Glints2/dict_0002_0233.uasset" 8842
"../../../Engine/Content/EngineMaterials/Substrate/Glints2/dict_0002_0234.uasset" 8843
"../../../Engine/Content/EngineMaterials/Substrate/Glints2/dict_0002_0228.uasset" 8844
"../../../Engine/Content/EngineMaterials/Substrate/Glints2/dict_0002_0231.uasset" 8845
"../../../Engine/Content/EngineMaterials/Substrate/Glints2/dict_0002_0224.uasset" 8846
"../../../Engine/Content/EngineMaterials/Substrate/Glints2/dict_0002_0225.uasset" 8847
"../../../Engine/Content/EngineMaterials/Substrate/Glints2/dict_0002_0219.uasset" 8848
"../../../Engine/Content/EngineMaterials/Substrate/Glints2/dict_0002_0220.uasset" 8849
"/Engine/EngineMaterials/Substrate/Glints2/dict_0002_0235" 8850
"../../../Engine/Content/EngineMaterials/Substrate/Glints2/dict_0002_0221.uasset" 8851
"../../../Engine/Content/EngineMaterials/Substrate/Glints2/dict_0002_0226.uasset" 8852
"../../../Engine/Content/EngineMaterials/Substrate/Glints2/dict_0002_0218.uasset" 8853
"../../../Engine/Content/EngineMaterials/Substrate/Glints2/dict_0002_0222.uasset" 8854
"../../../Engine/Content/EngineMaterials/Substrate/Glints2/dict_0002_0227.uasset" 8855
"../../../Engine/Content/EngineMaterials/Substrate/Glints2/dict_0002_0223.uasset" 8856
"../../../Engine/Content/EngineMaterials/Substrate/Glints2/dict_0002_0229.uasset" 8857
"../../../Engine/Content/EngineMaterials/Substrate/Glints2/dict_0002_0230.uasset" 8858
"/Engine/EngineMaterials/Substrate/Glints2/dict_0002_0236" 8859
"/Engine/EngineMaterials/Substrate/Glints2/dict_0002_0237" 8860
"/Engine/EngineMaterials/Substrate/Glints2/dict_0002_0238" 8861
"/Engine/EngineMaterials/Substrate/Glints2/dict_0002_0239" 8862
"/Engine/EngineMaterials/Substrate/Glints2/dict_0002_0240" 8863
"/Engine/EngineMaterials/Substrate/Glints2/dict_0002_0241" 8864
"/Engine/EngineMaterials/Substrate/Glints2/dict_0002_0242" 8865
"/Engine/EngineMaterials/Substrate/Glints2/dict_0002_0243" 8866
"/Engine/EngineMaterials/Substrate/Glints2/dict_0002_0244" 8867
"/Engine/EngineMaterials/Substrate/Glints2/dict_0002_0245" 8868
"/Engine/EngineMaterials/Substrate/Glints2/dict_0002_0246" 8869
"/Engine/EngineMaterials/Substrate/Glints2/dict_0002_0247" 8870
"/Engine/EngineMaterials/Substrate/Glints2/dict_0002_0248" 8871
"/Engine/EngineMaterials/Substrate/Glints2/dict_0002_0249" 8872
"/Engine/EngineMaterials/Substrate/Glints2/dict_0002_0228" 8873
"/Engine/EngineMaterials/Substrate/Glints2/dict_0002_0232" 8874
"/Engine/EngineMaterials/Substrate/Glints2/dict_0002_0233" 8875
"/Engine/EngineMaterials/Substrate/Glints2/dict_0002_0234" 8876
"../../../Engine/Content/EngineMaterials/Substrate/Glints2/dict_0002_0217.uasset" 8877
"../../../Engine/Content/EngineMaterials/Substrate/Glints2/dict_0002_0215.uasset" 8878
"../../../Engine/Content/EngineMaterials/Substrate/Glints2/dict_0002_0213.uasset" 8879
"../../../Engine/Content/EngineMaterials/Substrate/Glints2/dict_0002_0210.uasset" 8880
"../../../Engine/Content/EngineMaterials/Substrate/Glints2/dict_0002_0216.uasset" 8881
"../../../Engine/Content/EngineMaterials/Substrate/Glints2/dict_0002_0207.uasset" 8882
"../../../Engine/Content/EngineMaterials/Substrate/Glints2/dict_0002_0206.uasset" 8883
"../../../Engine/Content/EngineMaterials/Substrate/Glints2/dict_0002_0208.uasset" 8884
"../../../Engine/Content/EngineMaterials/Substrate/Glints2/dict_0002_0200.uasset" 8885
"../../../Engine/Content/EngineMaterials/Substrate/Glints2/dict_0002_0211.uasset" 8886
"../../../Engine/Content/EngineMaterials/Substrate/Glints2/dict_0002_0204.uasset" 8887
"../../../Engine/Content/EngineMaterials/Substrate/Glints2/dict_0002_0205.uasset" 8888
"../../../Engine/Content/EngineMaterials/Substrate/Glints2/dict_0002_0214.uasset" 8889
"../../../Engine/Content/EngineMaterials/Substrate/Glints2/dict_0002_0212.uasset" 8890
"/Engine/EngineMaterials/Substrate/Glints2/dict_0002_0218" 8891
"../../../Engine/Content/EngineMaterials/Substrate/Glints2/dict_0002_0209.uasset" 8892
"../../../Engine/Content/EngineMaterials/Substrate/Glints2/dict_0002_0201.uasset" 8893
"../../../Engine/Content/EngineMaterials/Substrate/Glints2/dict_0002_0202.uasset" 8894
"../../../Engine/Content/EngineMaterials/Substrate/Glints2/dict_0002_0203.uasset" 8895
"../../../Engine/Content/EngineMaterials/Substrate/Glints2/dict_0002_0199.uasset" 8896
"/Engine/EngineMaterials/Substrate/Glints2/dict_0002_0219" 8897
"/Engine/EngineMaterials/Substrate/Glints2/dict_0002_0220" 8898
"/Engine/EngineMaterials/Substrate/Glints2/dict_0002_0221" 8899
"/Engine/EngineMaterials/Substrate/Glints2/dict_0002_0222" 8900
"/Engine/EngineMaterials/Substrate/Glints2/dict_0002_0223" 8901
"/Engine/EngineMaterials/Substrate/Glints2/dict_0002_0224" 8902
"/Engine/EngineMaterials/Substrate/Glints2/dict_0002_0225" 8903
"/Engine/EngineMaterials/Substrate/Glints2/dict_0002_0226" 8904
"/Engine/EngineMaterials/Substrate/Glints2/dict_0002_0227" 8905
"/Engine/EngineMaterials/Substrate/Glints2/dict_0002_0229" 8906
"/Engine/EngineMaterials/Substrate/Glints2/dict_0002_0230" 8907
"/Engine/EngineMaterials/Substrate/Glints2/dict_0002_0231" 8908
"/Engine/EngineMaterials/Substrate/Glints2/dict_0002_0215" 8909
"/Engine/EngineMaterials/Substrate/Glints2/dict_0002_0217" 8910
"../../../Engine/Content/EngineMaterials/Substrate/Glints2/dict_0002_0198.uasset" 8911
"../../../Engine/Content/EngineMaterials/Substrate/Glints2/dict_0002_0196.uasset" 8912
"../../../Engine/Content/EngineMaterials/Substrate/Glints2/dict_0002_0197.uasset" 8913
"../../../Engine/Content/EngineMaterials/Substrate/Glints2/dict_0002_0195.uasset" 8914
"../../../Engine/Content/EngineMaterials/Substrate/Glints2/dict_0002_0190.uasset" 8915
"../../../Engine/Content/EngineMaterials/Substrate/Glints2/dict_0002_0192.uasset" 8916
"../../../Engine/Content/EngineMaterials/Substrate/Glints2/dict_0002_0187.uasset" 8917
"../../../Engine/Content/EngineMaterials/Substrate/Glints2/dict_0002_0185.uasset" 8918
"../../../Engine/Content/EngineMaterials/Substrate/Glints2/dict_0002_0194.uasset" 8919
"../../../Engine/Content/EngineMaterials/Substrate/Glints2/dict_0002_0193.uasset" 8920
"../../../Engine/Content/EngineMaterials/Substrate/Glints2/dict_0002_0191.uasset" 8921
"../../../Engine/Content/EngineMaterials/Substrate/Glints2/dict_0002_0186.uasset" 8922
"../../../Engine/Content/EngineMaterials/Substrate/Glints2/dict_0002_0184.uasset" 8923
"../../../Engine/Content/EngineMaterials/Substrate/Glints2/dict_0002_0189.uasset" 8924
"/Engine/EngineMaterials/Substrate/Glints2/dict_0002_0199" 8925
"../../../Engine/Content/EngineMaterials/Substrate/Glints2/dict_0002_0188.uasset" 8926
"/Engine/EngineMaterials/Substrate/Glints2/dict_0002_0200" 8927
"/Engine/EngineMaterials/Substrate/Glints2/dict_0002_0201" 8928
"/Engine/EngineMaterials/Substrate/Glints2/dict_0002_0202" 8929
"/Engine/EngineMaterials/Substrate/Glints2/dict_0002_0203" 8930
"/Engine/EngineMaterials/Substrate/Glints2/dict_0002_0204" 8931
"/Engine/EngineMaterials/Substrate/Glints2/dict_0002_0205" 8932
"/Engine/EngineMaterials/Substrate/Glints2/dict_0002_0206" 8933
"/Engine/EngineMaterials/Substrate/Glints2/dict_0002_0207" 8934
"/Engine/EngineMaterials/Substrate/Glints2/dict_0002_0208" 8935
"/Engine/EngineMaterials/Substrate/Glints2/dict_0002_0209" 8936
"/Engine/EngineMaterials/Substrate/Glints2/dict_0002_0210" 8937
"/Engine/EngineMaterials/Substrate/Glints2/dict_0002_0211" 8938
"/Engine/EngineMaterials/Substrate/Glints2/dict_0002_0212" 8939
"/Engine/EngineMaterials/Substrate/Glints2/dict_0002_0213" 8940
"/Engine/EngineMaterials/Substrate/Glints2/dict_0002_0214" 8941
"/Engine/EngineMaterials/Substrate/Glints2/dict_0002_0196" 8942
"/Engine/EngineMaterials/Substrate/Glints2/dict_0002_0197" 8943
"/Engine/EngineMaterials/Substrate/Glints2/dict_0002_0216" 8944
"/Engine/EngineMaterials/Substrate/Glints2/dict_0002_0198" 8945
"../../../Engine/Content/EngineMaterials/Substrate/Glints2/dict_0002_0183.uasset" 8946
"../../../Engine/Content/EngineMaterials/Substrate/Glints2/dict_0002_0182.uasset" 8947
"../../../Engine/Content/EngineMaterials/Substrate/Glints2/dict_0002_0179.uasset" 8948
"../../../Engine/Content/EngineMaterials/Substrate/Glints2/dict_0002_0175.uasset" 8949
"../../../Engine/Content/EngineMaterials/Substrate/Glints2/dict_0002_0180.uasset" 8950
"../../../Engine/Content/EngineMaterials/Substrate/Glints2/dict_0002_0166.uasset" 8951
"../../../Engine/Content/EngineMaterials/Substrate/Glints2/dict_0002_0178.uasset" 8952
"/Engine/EngineMaterials/Substrate/Glints2/dict_0002_0184" 8953
"../../../Engine/Content/EngineMaterials/Substrate/Glints2/dict_0002_0181.uasset" 8954
"../../../Engine/Content/EngineMaterials/Substrate/Glints2/dict_0002_0164.uasset" 8955
"../../../Engine/Content/EngineMaterials/Substrate/Glints2/dict_0002_0167.uasset" 8956
"../../../Engine/Content/EngineMaterials/Substrate/Glints2/dict_0002_0169.uasset" 8957
"../../../Engine/Content/EngineMaterials/Substrate/Glints2/dict_0002_0172.uasset" 8958
"../../../Engine/Content/EngineMaterials/Substrate/Glints2/dict_0002_0165.uasset" 8959
"../../../Engine/Content/EngineMaterials/Substrate/Glints2/dict_0002_0168.uasset" 8960
"../../../Engine/Content/EngineMaterials/Substrate/Glints2/dict_0002_0174.uasset" 8961
"../../../Engine/Content/EngineMaterials/Substrate/Glints2/dict_0002_0173.uasset" 8962
"../../../Engine/Content/EngineMaterials/Substrate/Glints2/dict_0002_0171.uasset" 8963
"../../../Engine/Content/EngineMaterials/Substrate/Glints2/dict_0002_0177.uasset" 8964
"/Engine/EngineMaterials/Substrate/Glints2/dict_0002_0185" 8965
"../../../Engine/Content/EngineMaterials/Substrate/Glints2/dict_0002_0170.uasset" 8966
"../../../Engine/Content/EngineMaterials/Substrate/Glints2/dict_0002_0176.uasset" 8967
"/Engine/EngineMaterials/Substrate/Glints2/dict_0002_0186" 8968
"/Engine/EngineMaterials/Substrate/Glints2/dict_0002_0187" 8969
"/Engine/EngineMaterials/Substrate/Glints2/dict_0002_0188" 8970
"/Engine/EngineMaterials/Substrate/Glints2/dict_0002_0189" 8971
"/Engine/EngineMaterials/Substrate/Glints2/dict_0002_0190" 8972
"/Engine/EngineMaterials/Substrate/Glints2/dict_0002_0191" 8973
"/Engine/EngineMaterials/Substrate/Glints2/dict_0002_0192" 8974
"/Engine/EngineMaterials/Substrate/Glints2/dict_0002_0193" 8975
"/Engine/EngineMaterials/Substrate/Glints2/dict_0002_0179" 8976
"/Engine/EngineMaterials/Substrate/Glints2/dict_0002_0194" 8977
"/Engine/EngineMaterials/Substrate/Glints2/dict_0002_0195" 8978
"/Engine/EngineMaterials/Substrate/Glints2/dict_0002_0182" 8979
"/Engine/EngineMaterials/Substrate/Glints2/dict_0002_0183" 8980
"../../../Engine/Content/EngineMaterials/Substrate/Glints2/dict_0002_0163.uasset" 8981
"../../../Engine/Content/EngineMaterials/Substrate/Glints2/dict_0002_0161.uasset" 8982
"../../../Engine/Content/EngineMaterials/Substrate/Glints2/dict_0002_0162.uasset" 8983
"../../../Engine/Content/EngineMaterials/Substrate/Glints2/dict_0002_0155.uasset" 8984
"../../../Engine/Content/EngineMaterials/Substrate/Glints2/dict_0002_0158.uasset" 8985
"../../../Engine/Content/EngineMaterials/Substrate/Glints2/dict_0002_0152.uasset" 8986
"../../../Engine/Content/EngineMaterials/Substrate/Glints2/dict_0002_0151.uasset" 8987
"/Engine/EngineMaterials/Substrate/Glints2/dict_0002_0164" 8988
"../../../Engine/Content/EngineMaterials/Substrate/Glints2/dict_0002_0154.uasset" 8989
"../../../Engine/Content/EngineMaterials/Substrate/Glints2/dict_0002_0160.uasset" 8990
"../../../Engine/Content/EngineMaterials/Substrate/Glints2/dict_0002_0149.uasset" 8991
"../../../Engine/Content/EngineMaterials/Substrate/Glints2/dict_0002_0156.uasset" 8992
"../../../Engine/Content/EngineMaterials/Substrate/Glints2/dict_0002_0157.uasset" 8993
"../../../Engine/Content/EngineMaterials/Substrate/Glints2/dict_0002_0159.uasset" 8994
"../../../Engine/Content/EngineMaterials/Substrate/Glints2/dict_0002_0153.uasset" 8995
"../../../Engine/Content/EngineMaterials/Substrate/Glints2/dict_0002_0150.uasset" 8996
"/Engine/EngineMaterials/Substrate/Glints2/dict_0002_0165" 8997
"/Engine/EngineMaterials/Substrate/Glints2/dict_0002_0166" 8998
"/Engine/EngineMaterials/Substrate/Glints2/dict_0002_0167" 8999
"/Engine/EngineMaterials/Substrate/Glints2/dict_0002_0168" 9000
"/Engine/EngineMaterials/Substrate/Glints2/dict_0002_0169" 9001
"/Engine/EngineMaterials/Substrate/Glints2/dict_0002_0170" 9002
"/Engine/EngineMaterials/Substrate/Glints2/dict_0002_0171" 9003
"/Engine/EngineMaterials/Substrate/Glints2/dict_0002_0172" 9004
"/Engine/EngineMaterials/Substrate/Glints2/dict_0002_0173" 9005
"/Engine/EngineMaterials/Substrate/Glints2/dict_0002_0174" 9006
"/Engine/EngineMaterials/Substrate/Glints2/dict_0002_0175" 9007
"/Engine/EngineMaterials/Substrate/Glints2/dict_0002_0176" 9008
"/Engine/EngineMaterials/Substrate/Glints2/dict_0002_0177" 9009
"/Engine/EngineMaterials/Substrate/Glints2/dict_0002_0178" 9010
"/Engine/EngineMaterials/Substrate/Glints2/dict_0002_0161" 9011
"/Engine/EngineMaterials/Substrate/Glints2/dict_0002_0180" 9012
"/Engine/EngineMaterials/Substrate/Glints2/dict_0002_0181" 9013
"/Engine/EngineMaterials/Substrate/Glints2/dict_0002_0162" 9014
"/Engine/EngineMaterials/Substrate/Glints2/dict_0002_0163" 9015
"../../../Engine/Content/EngineMaterials/Substrate/Glints2/dict_0002_0148.uasset" 9016
"../../../Engine/Content/EngineMaterials/Substrate/Glints2/dict_0002_0147.uasset" 9017
"../../../Engine/Content/EngineMaterials/Substrate/Glints2/dict_0002_0145.uasset" 9018
"../../../Engine/Content/EngineMaterials/Substrate/Glints2/dict_0002_0142.uasset" 9019
"../../../Engine/Content/EngineMaterials/Substrate/Glints2/dict_0002_0143.uasset" 9020
"../../../Engine/Content/EngineMaterials/Substrate/Glints2/dict_0002_0138.uasset" 9021
"../../../Engine/Content/EngineMaterials/Substrate/Glints2/dict_0002_0139.uasset" 9022
"../../../Engine/Content/EngineMaterials/Substrate/Glints2/dict_0002_0132.uasset" 9023
"../../../Engine/Content/EngineMaterials/Substrate/Glints2/dict_0002_0134.uasset" 9024
"../../../Engine/Content/EngineMaterials/Substrate/Glints2/dict_0002_0129.uasset" 9025
"../../../Engine/Content/EngineMaterials/Substrate/Glints2/dict_0002_0144.uasset" 9026
"../../../Engine/Content/EngineMaterials/Substrate/Glints2/dict_0002_0136.uasset" 9027
"../../../Engine/Content/EngineMaterials/Substrate/Glints2/dict_0002_0146.uasset" 9028
"../../../Engine/Content/EngineMaterials/Substrate/Glints2/dict_0002_0140.uasset" 9029
"../../../Engine/Content/EngineMaterials/Substrate/Glints2/dict_0002_0133.uasset" 9030
"../../../Engine/Content/EngineMaterials/Substrate/Glints2/dict_0002_0131.uasset" 9031
"../../../Engine/Content/EngineMaterials/Substrate/Glints2/dict_0002_0135.uasset" 9032
"../../../Engine/Content/EngineMaterials/Substrate/Glints2/dict_0002_0130.uasset" 9033
"/Engine/EngineMaterials/Substrate/Glints2/dict_0002_0149" 9034
"../../../Engine/Content/EngineMaterials/Substrate/Glints2/dict_0002_0141.uasset" 9035
"../../../Engine/Content/EngineMaterials/Substrate/Glints2/dict_0002_0137.uasset" 9036
"/Engine/EngineMaterials/Substrate/Glints2/dict_0002_0150" 9037
"/Engine/EngineMaterials/Substrate/Glints2/dict_0002_0151" 9038
"/Engine/EngineMaterials/Substrate/Glints2/dict_0002_0152" 9039
"/Engine/EngineMaterials/Substrate/Glints2/dict_0002_0153" 9040
"/Engine/EngineMaterials/Substrate/Glints2/dict_0002_0154" 9041
"/Engine/EngineMaterials/Substrate/Glints2/dict_0002_0155" 9042
"/Engine/EngineMaterials/Substrate/Glints2/dict_0002_0156" 9043
"/Engine/EngineMaterials/Substrate/Glints2/dict_0002_0157" 9044
"/Engine/EngineMaterials/Substrate/Glints2/dict_0002_0158" 9045
"/Engine/EngineMaterials/Substrate/Glints2/dict_0002_0159" 9046
"/Engine/EngineMaterials/Substrate/Glints2/dict_0002_0160" 9047
"/Engine/EngineMaterials/Substrate/Glints2/dict_0002_0145" 9048
"/Engine/EngineMaterials/Substrate/Glints2/dict_0002_0147" 9049
"/Engine/EngineMaterials/Substrate/Glints2/dict_0002_0148" 9050
"../../../Engine/Content/EngineMaterials/Substrate/Glints2/dict_0002_0128.uasset" 9051
"../../../Engine/Content/EngineMaterials/Substrate/Glints2/dict_0002_0127.uasset" 9052
"../../../Engine/Content/EngineMaterials/Substrate/Glints2/dict_0002_0125.uasset" 9053
"../../../Engine/Content/EngineMaterials/Substrate/Glints2/dict_0002_0126.uasset" 9054
"../../../Engine/Content/EngineMaterials/Substrate/Glints2/dict_0002_0121.uasset" 9055
"../../../Engine/Content/EngineMaterials/Substrate/Glints2/dict_0002_0120.uasset" 9056
"/Engine/EngineMaterials/Substrate/Glints2/dict_0002_0129" 9057
"../../../Engine/Content/EngineMaterials/Substrate/Glints2/dict_0002_0115.uasset" 9058
"../../../Engine/Content/EngineMaterials/Substrate/Glints2/dict_0002_0124.uasset" 9059
"../../../Engine/Content/EngineMaterials/Substrate/Glints2/dict_0002_0122.uasset" 9060
"../../../Engine/Content/EngineMaterials/Substrate/Glints2/dict_0002_0114.uasset" 9061
"../../../Engine/Content/EngineMaterials/Substrate/Glints2/dict_0002_0119.uasset" 9062
"../../../Engine/Content/EngineMaterials/Substrate/Glints2/dict_0002_0123.uasset" 9063
"../../../Engine/Content/EngineMaterials/Substrate/Glints2/dict_0002_0118.uasset" 9064
"../../../Engine/Content/EngineMaterials/Substrate/Glints2/dict_0002_0116.uasset" 9065
"../../../Engine/Content/EngineMaterials/Substrate/Glints2/dict_0002_0117.uasset" 9066
"/Engine/EngineMaterials/Substrate/Glints2/dict_0002_0130" 9067
"/Engine/EngineMaterials/Substrate/Glints2/dict_0002_0131" 9068
"/Engine/EngineMaterials/Substrate/Glints2/dict_0002_0132" 9069
"/Engine/EngineMaterials/Substrate/Glints2/dict_0002_0133" 9070
"/Engine/EngineMaterials/Substrate/Glints2/dict_0002_0134" 9071
"/Engine/EngineMaterials/Substrate/Glints2/dict_0002_0135" 9072
"/Engine/EngineMaterials/Substrate/Glints2/dict_0002_0136" 9073
"/Engine/EngineMaterials/Substrate/Glints2/dict_0002_0137" 9074
"/Engine/EngineMaterials/Substrate/Glints2/dict_0002_0138" 9075
"/Engine/EngineMaterials/Substrate/Glints2/dict_0002_0139" 9076
"/Engine/EngineMaterials/Substrate/Glints2/dict_0002_0140" 9077
"/Engine/EngineMaterials/Substrate/Glints2/dict_0002_0141" 9078
"/Engine/EngineMaterials/Substrate/Glints2/dict_0002_0142" 9079
"/Engine/EngineMaterials/Substrate/Glints2/dict_0002_0143" 9080
"/Engine/EngineMaterials/Substrate/Glints2/dict_0002_0144" 9081
"/Engine/EngineMaterials/Substrate/Glints2/dict_0002_0146" 9082
"/Engine/EngineMaterials/Substrate/Glints2/dict_0002_0127" 9083
"/Engine/EngineMaterials/Substrate/Glints2/dict_0002_0128" 9084
"../../../Engine/Content/EngineMaterials/Substrate/Glints2/dict_0002_0113.uasset" 9085
"../../../Engine/Content/EngineMaterials/Substrate/Glints2/dict_0002_0111.uasset" 9086
"../../../Engine/Content/EngineMaterials/Substrate/Glints2/dict_0002_0112.uasset" 9087
"../../../Engine/Content/EngineMaterials/Substrate/Glints2/dict_0002_0109.uasset" 9088
"../../../Engine/Content/EngineMaterials/Substrate/Glints2/dict_0002_0110.uasset" 9089
"../../../Engine/Content/EngineMaterials/Substrate/Glints2/dict_0002_0107.uasset" 9090
"../../../Engine/Content/EngineMaterials/Substrate/Glints2/dict_0002_0105.uasset" 9091
"../../../Engine/Content/EngineMaterials/Substrate/Glints2/dict_0002_0097.uasset" 9092
"../../../Engine/Content/EngineMaterials/Substrate/Glints2/dict_0002_0102.uasset" 9093
"/Engine/EngineMaterials/Substrate/Glints2/dict_0002_0114" 9094
"../../../Engine/Content/EngineMaterials/Substrate/Glints2/dict_0002_0101.uasset" 9095
"../../../Engine/Content/EngineMaterials/Substrate/Glints2/dict_0002_0104.uasset" 9096
"../../../Engine/Content/EngineMaterials/Substrate/Glints2/dict_0002_0098.uasset" 9097
"../../../Engine/Content/EngineMaterials/Substrate/Glints2/dict_0002_0096.uasset" 9098
"../../../Engine/Content/EngineMaterials/Substrate/Glints2/dict_0002_0099.uasset" 9099
"../../../Engine/Content/EngineMaterials/Substrate/Glints2/dict_0002_0106.uasset" 9100
"../../../Engine/Content/EngineMaterials/Substrate/Glints2/dict_0002_0095.uasset" 9101
"../../../Engine/Content/EngineMaterials/Substrate/Glints2/dict_0002_0108.uasset" 9102
"../../../Engine/Content/EngineMaterials/Substrate/Glints2/dict_0002_0100.uasset" 9103
"../../../Engine/Content/EngineMaterials/Substrate/Glints2/dict_0002_0103.uasset" 9104
"/Engine/EngineMaterials/Substrate/Glints2/dict_0002_0115" 9105
"/Engine/EngineMaterials/Substrate/Glints2/dict_0002_0116" 9106
"/Engine/EngineMaterials/Substrate/Glints2/dict_0002_0117" 9107
"/Engine/EngineMaterials/Substrate/Glints2/dict_0002_0118" 9108
"/Engine/EngineMaterials/Substrate/Glints2/dict_0002_0119" 9109
"/Engine/EngineMaterials/Substrate/Glints2/dict_0002_0120" 9110
"/Engine/EngineMaterials/Substrate/Glints2/dict_0002_0121" 9111
"/Engine/EngineMaterials/Substrate/Glints2/dict_0002_0122" 9112
"/Engine/EngineMaterials/Substrate/Glints2/dict_0002_0109" 9113
"/Engine/EngineMaterials/Substrate/Glints2/dict_0002_0123" 9114
"/Engine/EngineMaterials/Substrate/Glints2/dict_0002_0124" 9115
"/Engine/EngineMaterials/Substrate/Glints2/dict_0002_0125" 9116
"/Engine/EngineMaterials/Substrate/Glints2/dict_0002_0126" 9117
"/Engine/EngineMaterials/Substrate/Glints2/dict_0002_0111" 9118
"/Engine/EngineMaterials/Substrate/Glints2/dict_0002_0112" 9119
"/Engine/EngineMaterials/Substrate/Glints2/dict_0002_0113" 9120
"../../../Engine/Content/EngineMaterials/Substrate/Glints2/dict_0002_0094.uasset" 9121
"../../../Engine/Content/EngineMaterials/Substrate/Glints2/dict_0002_0093.uasset" 9122
"../../../Engine/Content/EngineMaterials/Substrate/Glints2/dict_0002_0091.uasset" 9123
"../../../Engine/Content/EngineMaterials/Substrate/Glints2/dict_0002_0090.uasset" 9124
"../../../Engine/Content/EngineMaterials/Substrate/Glints2/dict_0002_0082.uasset" 9125
"../../../Engine/Content/EngineMaterials/Substrate/Glints2/dict_0002_0092.uasset" 9126
"../../../Engine/Content/EngineMaterials/Substrate/Glints2/dict_0002_0088.uasset" 9127
"/Engine/EngineMaterials/Substrate/Glints2/dict_0002_0095" 9128
"../../../Engine/Content/EngineMaterials/Substrate/Glints2/dict_0002_0079.uasset" 9129
"../../../Engine/Content/EngineMaterials/Substrate/Glints2/dict_0002_0089.uasset" 9130
"../../../Engine/Content/EngineMaterials/Substrate/Glints2/dict_0002_0086.uasset" 9131
"../../../Engine/Content/EngineMaterials/Substrate/Glints2/dict_0002_0085.uasset" 9132
"../../../Engine/Content/EngineMaterials/Substrate/Glints2/dict_0002_0078.uasset" 9133
"../../../Engine/Content/EngineMaterials/Substrate/Glints2/dict_0002_0087.uasset" 9134
"../../../Engine/Content/EngineMaterials/Substrate/Glints2/dict_0002_0080.uasset" 9135
"../../../Engine/Content/EngineMaterials/Substrate/Glints2/dict_0002_0084.uasset" 9136
"../../../Engine/Content/EngineMaterials/Substrate/Glints2/dict_0002_0083.uasset" 9137
"../../../Engine/Content/EngineMaterials/Substrate/Glints2/dict_0002_0081.uasset" 9138
"/Engine/EngineMaterials/Substrate/Glints2/dict_0002_0096" 9139
"/Engine/EngineMaterials/Substrate/Glints2/dict_0002_0097" 9140
"/Engine/EngineMaterials/Substrate/Glints2/dict_0002_0098" 9141
"/Engine/EngineMaterials/Substrate/Glints2/dict_0002_0099" 9142
"/Engine/EngineMaterials/Substrate/Glints2/dict_0002_0100" 9143
"/Engine/EngineMaterials/Substrate/Glints2/dict_0002_0101" 9144
"/Engine/EngineMaterials/Substrate/Glints2/dict_0002_0102" 9145
"/Engine/EngineMaterials/Substrate/Glints2/dict_0002_0103" 9146
"/Engine/EngineMaterials/Substrate/Glints2/dict_0002_0104" 9147
"/Engine/EngineMaterials/Substrate/Glints2/dict_0002_0105" 9148
"/Engine/EngineMaterials/Substrate/Glints2/dict_0002_0106" 9149
"/Engine/EngineMaterials/Substrate/Glints2/dict_0002_0107" 9150
"/Engine/EngineMaterials/Substrate/Glints2/dict_0002_0108" 9151
"/Engine/EngineMaterials/Substrate/Glints2/dict_0002_0110" 9152
"/Engine/EngineMaterials/Substrate/Glints2/dict_0002_0093" 9153
"/Engine/EngineMaterials/Substrate/Glints2/dict_0002_0094" 9154
"../../../Engine/Content/EngineMaterials/Substrate/Glints2/dict_0002_0077.uasset" 9155
"../../../Engine/Content/EngineMaterials/Substrate/Glints2/dict_0002_0075.uasset" 9156
"../../../Engine/Content/EngineMaterials/Substrate/Glints2/dict_0002_0076.uasset" 9157
"../../../Engine/Content/EngineMaterials/Substrate/Glints2/dict_0002_0073.uasset" 9158
"../../../Engine/Content/EngineMaterials/Substrate/Glints2/dict_0002_0070.uasset" 9159
"../../../Engine/Content/EngineMaterials/Substrate/Glints2/dict_0002_0072.uasset" 9160
"../../../Engine/Content/EngineMaterials/Substrate/Glints2/dict_0002_0068.uasset" 9161
"../../../Engine/Content/EngineMaterials/Substrate/Glints2/dict_0002_0071.uasset" 9162
"../../../Engine/Content/EngineMaterials/Substrate/Glints2/dict_0002_0066.uasset" 9163
"../../../Engine/Content/EngineMaterials/Substrate/Glints2/dict_0002_0067.uasset" 9164
"../../../Engine/Content/EngineMaterials/Substrate/Glints2/dict_0002_0061.uasset" 9165
"../../../Engine/Content/EngineMaterials/Substrate/Glints2/dict_0002_0065.uasset" 9166
"../../../Engine/Content/EngineMaterials/Substrate/Glints2/dict_0002_0064.uasset" 9167
"../../../Engine/Content/EngineMaterials/Substrate/Glints2/dict_0002_0063.uasset" 9168
"../../../Engine/Content/EngineMaterials/Substrate/Glints2/dict_0002_0074.uasset" 9169
"/Engine/EngineMaterials/Substrate/Glints2/dict_0002_0078" 9170
"../../../Engine/Content/EngineMaterials/Substrate/Glints2/dict_0002_0069.uasset" 9171
"../../../Engine/Content/EngineMaterials/Substrate/Glints2/dict_0002_0062.uasset" 9172
"/Engine/EngineMaterials/Substrate/Glints2/dict_0002_0079" 9173
"/Engine/EngineMaterials/Substrate/Glints2/dict_0002_0080" 9174
"/Engine/EngineMaterials/Substrate/Glints2/dict_0002_0081" 9175
"/Engine/EngineMaterials/Substrate/Glints2/dict_0002_0082" 9176
"/Engine/EngineMaterials/Substrate/Glints2/dict_0002_0083" 9177
"/Engine/EngineMaterials/Substrate/Glints2/dict_0002_0084" 9178
"/Engine/EngineMaterials/Substrate/Glints2/dict_0002_0085" 9179
"/Engine/EngineMaterials/Substrate/Glints2/dict_0002_0086" 9180
"/Engine/EngineMaterials/Substrate/Glints2/dict_0002_0087" 9181
"/Engine/EngineMaterials/Substrate/Glints2/dict_0002_0088" 9182
"/Engine/EngineMaterials/Substrate/Glints2/dict_0002_0089" 9183
"/Engine/EngineMaterials/Substrate/Glints2/dict_0002_0090" 9184
"/Engine/EngineMaterials/Substrate/Glints2/dict_0002_0075" 9185
"/Engine/EngineMaterials/Substrate/Glints2/dict_0002_0091" 9186
"/Engine/EngineMaterials/Substrate/Glints2/dict_0002_0092" 9187
"/Engine/EngineMaterials/Substrate/Glints2/dict_0002_0076" 9188
"/Engine/EngineMaterials/Substrate/Glints2/dict_0002_0077" 9189
"../../../Engine/Content/EngineMaterials/Substrate/Glints2/dict_0002_0059.uasset" 9190
"../../../Engine/Content/EngineMaterials/Substrate/Glints2/dict_0002_0058.uasset" 9191
"../../../Engine/Content/EngineMaterials/Substrate/Glints2/dict_0002_0060.uasset" 9192
"../../../Engine/Content/EngineMaterials/Substrate/Glints2/dict_0002_0054.uasset" 9193
"../../../Engine/Content/EngineMaterials/Substrate/Glints2/dict_0002_0053.uasset" 9194
"../../../Engine/Content/EngineMaterials/Substrate/Glints2/dict_0002_0051.uasset" 9195
"../../../Engine/Content/EngineMaterials/Substrate/Glints2/dict_0002_0055.uasset" 9196
"../../../Engine/Content/EngineMaterials/Substrate/Glints2/dict_0002_0049.uasset" 9197
"../../../Engine/Content/EngineMaterials/Substrate/Glints2/dict_0002_0048.uasset" 9198
"../../../Engine/Content/EngineMaterials/Substrate/Glints2/dict_0002_0044.uasset" 9199
"../../../Engine/Content/EngineMaterials/Substrate/Glints2/dict_0002_0046.uasset" 9200
"../../../Engine/Content/EngineMaterials/Substrate/Glints2/dict_0002_0047.uasset" 9201
"../../../Engine/Content/EngineMaterials/Substrate/Glints2/dict_0002_0043.uasset" 9202
"../../../Engine/Content/EngineMaterials/Substrate/Glints2/dict_0002_0045.uasset" 9203
"/Engine/EngineMaterials/Substrate/Glints2/dict_0002_0061" 9204
"../../../Engine/Content/EngineMaterials/Substrate/Glints2/dict_0002_0056.uasset" 9205
"../../../Engine/Content/EngineMaterials/Substrate/Glints2/dict_0002_0050.uasset" 9206
"../../../Engine/Content/EngineMaterials/Substrate/Glints2/dict_0002_0052.uasset" 9207
"../../../Engine/Content/EngineMaterials/Substrate/Glints2/dict_0002_0057.uasset" 9208
"/Engine/EngineMaterials/Substrate/Glints2/dict_0002_0062" 9209
"/Engine/EngineMaterials/Substrate/Glints2/dict_0002_0063" 9210
"/Engine/EngineMaterials/Substrate/Glints2/dict_0002_0064" 9211
"/Engine/EngineMaterials/Substrate/Glints2/dict_0002_0065" 9212
"/Engine/EngineMaterials/Substrate/Glints2/dict_0002_0066" 9213
"/Engine/EngineMaterials/Substrate/Glints2/dict_0002_0067" 9214
"/Engine/EngineMaterials/Substrate/Glints2/dict_0002_0068" 9215
"/Engine/EngineMaterials/Substrate/Glints2/dict_0002_0069" 9216
"/Engine/EngineMaterials/Substrate/Glints2/dict_0002_0070" 9217
"/Engine/EngineMaterials/Substrate/Glints2/dict_0002_0071" 9218
"/Engine/EngineMaterials/Substrate/Glints2/dict_0002_0072" 9219
"/Engine/EngineMaterials/Substrate/Glints2/dict_0002_0073" 9220
"/Engine/EngineMaterials/Substrate/Glints2/dict_0002_0074" 9221
"/Engine/EngineMaterials/Substrate/Glints2/dict_0002_0054" 9222
"/Engine/EngineMaterials/Substrate/Glints2/dict_0002_0058" 9223
"/Engine/EngineMaterials/Substrate/Glints2/dict_0002_0059" 9224
"/Engine/EngineMaterials/Substrate/Glints2/dict_0002_0060" 9225
"../../../Engine/Content/EngineMaterials/Substrate/Glints2/dict_0002_0042.uasset" 9226
"../../../Engine/Content/EngineMaterials/Substrate/Glints2/dict_0002_0040.uasset" 9227
"../../../Engine/Content/EngineMaterials/Substrate/Glints2/dict_0002_0039.uasset" 9228
"../../../Engine/Content/EngineMaterials/Substrate/Glints2/dict_0002_0037.uasset" 9229
"../../../Engine/Content/EngineMaterials/Substrate/Glints2/dict_0002_0038.uasset" 9230
"../../../Engine/Content/EngineMaterials/Substrate/Glints2/dict_0002_0034.uasset" 9231
"../../../Engine/Content/EngineMaterials/Substrate/Glints2/dict_0002_0035.uasset" 9232
"../../../Engine/Content/EngineMaterials/Substrate/Glints2/dict_0002_0033.uasset" 9233
"../../../Engine/Content/EngineMaterials/Substrate/Glints2/dict_0002_0041.uasset" 9234
"../../../Engine/Content/EngineMaterials/Substrate/Glints2/dict_0002_0032.uasset" 9235
"../../../Engine/Content/EngineMaterials/Substrate/Glints2/dict_0002_0031.uasset" 9236
"/Engine/EngineMaterials/Substrate/Glints2/dict_0002_0037" 9237
"../../../Engine/Content/EngineMaterials/Substrate/Glints2/dict_0002_0025.uasset" 9238
"../../../Engine/Content/EngineMaterials/Substrate/Glints2/dict_0002_0029.uasset" 9239
"../../../Engine/Content/EngineMaterials/Substrate/Glints2/dict_0002_0030.uasset" 9240
"../../../Engine/Content/EngineMaterials/Substrate/Glints2/dict_0002_0036.uasset" 9241
"../../../Engine/Content/EngineMaterials/Substrate/Glints2/dict_0002_0026.uasset" 9242
"../../../Engine/Content/EngineMaterials/Substrate/Glints2/dict_0002_0027.uasset" 9243
"../../../Engine/Content/EngineMaterials/Substrate/Glints2/dict_0002_0028.uasset" 9244
"/Engine/EngineMaterials/Substrate/Glints2/dict_0002_0043" 9245
"/Engine/EngineMaterials/Substrate/Glints2/dict_0002_0044" 9246
"/Engine/EngineMaterials/Substrate/Glints2/dict_0002_0045" 9247
"/Engine/EngineMaterials/Substrate/Glints2/dict_0002_0046" 9248
"/Engine/EngineMaterials/Substrate/Glints2/dict_0002_0047" 9249
"/Engine/EngineMaterials/Substrate/Glints2/dict_0002_0048" 9250
"/Engine/EngineMaterials/Substrate/Glints2/dict_0002_0049" 9251
"/Engine/EngineMaterials/Substrate/Glints2/dict_0002_0038" 9252
"/Engine/EngineMaterials/Substrate/Glints2/dict_0002_0050" 9253
"/Engine/EngineMaterials/Substrate/Glints2/dict_0002_0051" 9254
"/Engine/EngineMaterials/Substrate/Glints2/dict_0002_0052" 9255
"/Engine/EngineMaterials/Substrate/Glints2/dict_0002_0053" 9256
"/Engine/EngineMaterials/Substrate/Glints2/dict_0002_0039" 9257
"/Engine/EngineMaterials/Substrate/Glints2/dict_0002_0055" 9258
"/Engine/EngineMaterials/Substrate/Glints2/dict_0002_0056" 9259
"/Engine/EngineMaterials/Substrate/Glints2/dict_0002_0057" 9260
"/Engine/EngineMaterials/Substrate/Glints2/dict_0002_0040" 9261
"/Engine/EngineMaterials/Substrate/Glints2/dict_0002_0042" 9262
"../../../Engine/Content/EngineMaterials/Substrate/Glints2/dict_0002_0024.uasset" 9263
"../../../Engine/Content/EngineMaterials/Substrate/Glints2/dict_0002_0023.uasset" 9264
"../../../Engine/Content/EngineMaterials/Substrate/Glints2/dict_0002_0020.uasset" 9265
"../../../Engine/Content/EngineMaterials/Substrate/Glints2/dict_0002_0018.uasset" 9266
"../../../Engine/Content/EngineMaterials/Substrate/Glints2/dict_0002_0015.uasset" 9267
"../../../Engine/Content/EngineMaterials/Substrate/Glints2/dict_0002_0017.uasset" 9268
"../../../Engine/Content/EngineMaterials/Substrate/Glints2/dict_0002_0008.uasset" 9269
"../../../Engine/Content/EngineMaterials/Substrate/Glints2/dict_0002_0011.uasset" 9270
"../../../Engine/Content/EngineMaterials/Substrate/Glints2/dict_0002_0012.uasset" 9271
"../../../Engine/Content/EngineMaterials/Substrate/Glints2/dict_0002_0016.uasset" 9272
"../../../Engine/Content/EngineMaterials/Substrate/Glints2/dict_0002_0013.uasset" 9273
"../../../Engine/Content/EngineMaterials/Substrate/Glints2/dict_0002_0009.uasset" 9274
"../../../Engine/Content/EngineMaterials/Substrate/Glints2/dict_0002_0019.uasset" 9275
"/Engine/EngineMaterials/Substrate/Glints2/dict_0002_0025" 9276
"../../../Engine/Content/EngineMaterials/Substrate/Glints2/dict_0002_0014.uasset" 9277
"../../../Engine/Content/EngineMaterials/Substrate/Glints2/dict_0002_0022.uasset" 9278
"../../../Engine/Content/EngineMaterials/Substrate/Glints2/dict_0002_0007.uasset" 9279
"../../../Engine/Content/EngineMaterials/Substrate/Glints2/dict_0002_0006.uasset" 9280
"../../../Engine/Content/EngineMaterials/Substrate/Glints2/dict_0002_0010.uasset" 9281
"../../../Engine/Content/EngineMaterials/Substrate/Glints2/dict_0002_0021.uasset" 9282
"/Engine/EngineMaterials/Substrate/Glints2/dict_0002_0026" 9283
"/Engine/EngineMaterials/Substrate/Glints2/dict_0002_0027" 9284
"/Engine/EngineMaterials/Substrate/Glints2/dict_0002_0028" 9285
"/Engine/EngineMaterials/Substrate/Glints2/dict_0002_0029" 9286
"/Engine/EngineMaterials/Substrate/Glints2/dict_0002_0030" 9287
"/Engine/EngineMaterials/Substrate/Glints2/dict_0002_0031" 9288
"/Engine/EngineMaterials/Substrate/Glints2/dict_0002_0032" 9289
"/Engine/EngineMaterials/Substrate/Glints2/dict_0002_0033" 9290
"/Engine/EngineMaterials/Substrate/Glints2/dict_0002_0034" 9291
"/Engine/EngineMaterials/Substrate/Glints2/dict_0002_0035" 9292
"/Engine/EngineMaterials/Substrate/Glints2/dict_0002_0036" 9293
"/Engine/EngineMaterials/Substrate/Glints2/dict_0002_0018" 9294
"/Engine/EngineMaterials/Substrate/Glints2/dict_0002_0020" 9295
"/Engine/EngineMaterials/Substrate/Glints2/dict_0002_0023" 9296
"/Engine/EngineMaterials/Substrate/Glints2/dict_0002_0041" 9297
"/Engine/EngineMaterials/Substrate/Glints2/dict_0002_0024" 9298
"../../../Engine/Content/EngineMaterials/Substrate/Glints2/dict_0002_0005.uasset" 9299
"../../../Engine/Content/EngineMaterials/Substrate/Glints2/dict_0002_0003.uasset" 9300
"../../../Engine/Content/EngineMaterials/Substrate/Glints2/dict_0002_0001.uasset" 9301
"../../../Engine/Content/EngineMaterials/Substrate/Glints2/dict_0002_0002.uasset" 9302
"../../../Engine/Content/EngineMaterials/Substrate/Glints2/dict_0001_0254.uasset" 9303
"../../../Engine/Content/EngineMaterials/Substrate/Glints2/dict_0001_0252.uasset" 9304
"../../../Engine/Content/EngineMaterials/Substrate/Glints2/dict_0001_0255.uasset" 9305
"../../../Engine/Content/EngineMaterials/Substrate/Glints2/dict_0001_0251.uasset" 9306
"../../../Engine/Content/EngineMaterials/Substrate/Glints2/dict_0001_0245.uasset" 9307
"../../../Engine/Content/EngineMaterials/Substrate/Glints2/dict_0002_0004.uasset" 9308
"../../../Engine/Content/EngineMaterials/Substrate/Glints2/dict_0001_0246.uasset" 9309
"../../../Engine/Content/EngineMaterials/Substrate/Glints2/dict_0001_0248.uasset" 9310
"/Engine/EngineMaterials/Substrate/Glints2/dict_0002_0006" 9311
"../../../Engine/Content/EngineMaterials/Substrate/Glints2/dict_0001_0253.uasset" 9312
"../../../Engine/Content/EngineMaterials/Substrate/Glints2/dict_0001_0250.uasset" 9313
"../../../Engine/Content/EngineMaterials/Substrate/Glints2/dict_0001_0249.uasset" 9314
"../../../Engine/Content/EngineMaterials/Substrate/Glints2/dict_0001_0247.uasset" 9315
"../../../Engine/Content/EngineMaterials/Substrate/Glints2/dict_0002_0000.uasset" 9316
"/Engine/EngineMaterials/Substrate/Glints2/dict_0002_0007" 9317
"/Engine/EngineMaterials/Substrate/Glints2/dict_0002_0008" 9318
"/Engine/EngineMaterials/Substrate/Glints2/dict_0002_0009" 9319
"/Engine/EngineMaterials/Substrate/Glints2/dict_0002_0010" 9320
"/Engine/EngineMaterials/Substrate/Glints2/dict_0002_0011" 9321
"/Engine/EngineMaterials/Substrate/Glints2/dict_0002_0012" 9322
"/Engine/EngineMaterials/Substrate/Glints2/dict_0002_0013" 9323
"/Engine/EngineMaterials/Substrate/Glints2/dict_0002_0014" 9324
"/Engine/EngineMaterials/Substrate/Glints2/dict_0002_0015" 9325
"/Engine/EngineMaterials/Substrate/Glints2/dict_0002_0016" 9326
"/Engine/EngineMaterials/Substrate/Glints2/dict_0002_0017" 9327
"/Engine/EngineMaterials/Substrate/Glints2/dict_0002_0019" 9328
"/Engine/EngineMaterials/Substrate/Glints2/dict_0002_0021" 9329
"/Engine/EngineMaterials/Substrate/Glints2/dict_0002_0022" 9330
"/Engine/EngineMaterials/Substrate/Glints2/dict_0002_0003" 9331
"/Engine/EngineMaterials/Substrate/Glints2/dict_0002_0005" 9332
"../../../Engine/Content/EngineMaterials/Substrate/Glints2/dict_0001_0244.uasset" 9333
"../../../Engine/Content/EngineMaterials/Substrate/Glints2/dict_0001_0243.uasset" 9334
"../../../Engine/Content/EngineMaterials/Substrate/Glints2/dict_0001_0240.uasset" 9335
"../../../Engine/Content/EngineMaterials/Substrate/Glints2/dict_0001_0242.uasset" 9336
"../../../Engine/Content/EngineMaterials/Substrate/Glints2/dict_0001_0235.uasset" 9337
"../../../Engine/Content/EngineMaterials/Substrate/Glints2/dict_0001_0239.uasset" 9338
"../../../Engine/Content/EngineMaterials/Substrate/Glints2/dict_0001_0231.uasset" 9339
"../../../Engine/Content/EngineMaterials/Substrate/Glints2/dict_0001_0238.uasset" 9340
"../../../Engine/Content/EngineMaterials/Substrate/Glints2/dict_0001_0241.uasset" 9341
"../../../Engine/Content/EngineMaterials/Substrate/Glints2/dict_0001_0230.uasset" 9342
"../../../Engine/Content/EngineMaterials/Substrate/Glints2/dict_0001_0229.uasset" 9343
"../../../Engine/Content/EngineMaterials/Substrate/Glints2/dict_0001_0236.uasset" 9344
"../../../Engine/Content/EngineMaterials/Substrate/Glints2/dict_0001_0234.uasset" 9345
"../../../Engine/Content/EngineMaterials/Substrate/Glints2/dict_0001_0237.uasset" 9346
"../../../Engine/Content/EngineMaterials/Substrate/Glints2/dict_0001_0228.uasset" 9347
"/Engine/EngineMaterials/Substrate/Glints2/dict_0001_0245" 9348
"../../../Engine/Content/EngineMaterials/Substrate/Glints2/dict_0001_0232.uasset" 9349
"../../../Engine/Content/EngineMaterials/Substrate/Glints2/dict_0001_0233.uasset" 9350
"/Engine/EngineMaterials/Substrate/Glints2/dict_0001_0246" 9351
"/Engine/EngineMaterials/Substrate/Glints2/dict_0001_0247" 9352
"/Engine/EngineMaterials/Substrate/Glints2/dict_0001_0248" 9353
"/Engine/EngineMaterials/Substrate/Glints2/dict_0001_0249" 9354
"/Engine/EngineMaterials/Substrate/Glints2/dict_0001_0250" 9355
"/Engine/EngineMaterials/Substrate/Glints2/dict_0001_0251" 9356
"/Engine/EngineMaterials/Substrate/Glints2/dict_0001_0252" 9357
"/Engine/EngineMaterials/Substrate/Glints2/dict_0001_0253" 9358
"/Engine/EngineMaterials/Substrate/Glints2/dict_0001_0254" 9359
"/Engine/EngineMaterials/Substrate/Glints2/dict_0001_0255" 9360
"/Engine/EngineMaterials/Substrate/Glints2/dict_0002_0000" 9361
"/Engine/EngineMaterials/Substrate/Glints2/dict_0002_0001" 9362
"/Engine/EngineMaterials/Substrate/Glints2/dict_0002_0002" 9363
"/Engine/EngineMaterials/Substrate/Glints2/dict_0001_0243" 9364
"/Engine/EngineMaterials/Substrate/Glints2/dict_0002_0004" 9365
"/Engine/EngineMaterials/Substrate/Glints2/dict_0001_0244" 9366
"../../../Engine/Content/EngineMaterials/Substrate/Glints2/dict_0001_0227.uasset" 9367
"../../../Engine/Content/EngineMaterials/Substrate/Glints2/dict_0001_0226.uasset" 9368
"../../../Engine/Content/EngineMaterials/Substrate/Glints2/dict_0001_0225.uasset" 9369
"../../../Engine/Content/EngineMaterials/Substrate/Glints2/dict_0001_0224.uasset" 9370
"../../../Engine/Content/EngineMaterials/Substrate/Glints2/dict_0001_0222.uasset" 9371
"../../../Engine/Content/EngineMaterials/Substrate/Glints2/dict_0001_0220.uasset" 9372
"../../../Engine/Content/EngineMaterials/Substrate/Glints2/dict_0001_0216.uasset" 9373
"../../../Engine/Content/EngineMaterials/Substrate/Glints2/dict_0001_0214.uasset" 9374
"../../../Engine/Content/EngineMaterials/Substrate/Glints2/dict_0001_0215.uasset" 9375
"../../../Engine/Content/EngineMaterials/Substrate/Glints2/dict_0001_0212.uasset" 9376
"../../../Engine/Content/EngineMaterials/Substrate/Glints2/dict_0001_0211.uasset" 9377
"../../../Engine/Content/EngineMaterials/Substrate/Glints2/dict_0001_0221.uasset" 9378
"../../../Engine/Content/EngineMaterials/Substrate/Glints2/dict_0001_0218.uasset" 9379
"../../../Engine/Content/EngineMaterials/Substrate/Glints2/dict_0001_0217.uasset" 9380
"../../../Engine/Content/EngineMaterials/Substrate/Glints2/dict_0001_0219.uasset" 9381
"../../../Engine/Content/EngineMaterials/Substrate/Glints2/dict_0001_0213.uasset" 9382
"/Engine/EngineMaterials/Substrate/Glints2/dict_0001_0228" 9383
"../../../Engine/Content/EngineMaterials/Substrate/Glints2/dict_0001_0223.uasset" 9384
"/Engine/EngineMaterials/Substrate/Glints2/dict_0001_0229" 9385
"/Engine/EngineMaterials/Substrate/Glints2/dict_0001_0230" 9386
"/Engine/EngineMaterials/Substrate/Glints2/dict_0001_0231" 9387
"/Engine/EngineMaterials/Substrate/Glints2/dict_0001_0232" 9388
"/Engine/EngineMaterials/Substrate/Glints2/dict_0001_0233" 9389
"/Engine/EngineMaterials/Substrate/Glints2/dict_0001_0234" 9390
"/Engine/EngineMaterials/Substrate/Glints2/dict_0001_0235" 9391
"/Engine/EngineMaterials/Substrate/Glints2/dict_0001_0236" 9392
"/Engine/EngineMaterials/Substrate/Glints2/dict_0001_0237" 9393
"/Engine/EngineMaterials/Substrate/Glints2/dict_0001_0238" 9394
"/Engine/EngineMaterials/Substrate/Glints2/dict_0001_0239" 9395
"/Engine/EngineMaterials/Substrate/Glints2/dict_0001_0240" 9396
"/Engine/EngineMaterials/Substrate/Glints2/dict_0001_0224" 9397
"/Engine/EngineMaterials/Substrate/Glints2/dict_0001_0241" 9398
"/Engine/EngineMaterials/Substrate/Glints2/dict_0001_0242" 9399
"/Engine/EngineMaterials/Substrate/Glints2/dict_0001_0225" 9400
"/Engine/EngineMaterials/Substrate/Glints2/dict_0001_0226" 9401
"/Engine/EngineMaterials/Substrate/Glints2/dict_0001_0227" 9402
"../../../Engine/Content/EngineMaterials/Substrate/Glints2/dict_0001_0209.uasset" 9403
"../../../Engine/Content/EngineMaterials/Substrate/Glints2/dict_0001_0208.uasset" 9404
"../../../Engine/Content/EngineMaterials/Substrate/Glints2/dict_0001_0210.uasset" 9405
"../../../Engine/Content/EngineMaterials/Substrate/Glints2/dict_0001_0202.uasset" 9406
"../../../Engine/Content/EngineMaterials/Substrate/Glints2/dict_0001_0204.uasset" 9407
"../../../Engine/Content/EngineMaterials/Substrate/Glints2/dict_0001_0203.uasset" 9408
"../../../Engine/Content/EngineMaterials/Substrate/Glints2/dict_0001_0199.uasset" 9409
"../../../Engine/Content/EngineMaterials/Substrate/Glints2/dict_0001_0195.uasset" 9410
"/Engine/EngineMaterials/Substrate/Glints2/dict_0001_0211" 9411
"../../../Engine/Content/EngineMaterials/Substrate/Glints2/dict_0001_0201.uasset" 9412
"../../../Engine/Content/EngineMaterials/Substrate/Glints2/dict_0001_0196.uasset" 9413
"../../../Engine/Content/EngineMaterials/Substrate/Glints2/dict_0001_0198.uasset" 9414
"../../../Engine/Content/EngineMaterials/Substrate/Glints2/dict_0001_0206.uasset" 9415
"../../../Engine/Content/EngineMaterials/Substrate/Glints2/dict_0001_0207.uasset" 9416
"../../../Engine/Content/EngineMaterials/Substrate/Glints2/dict_0001_0192.uasset" 9417
"../../../Engine/Content/EngineMaterials/Substrate/Glints2/dict_0001_0193.uasset" 9418
"../../../Engine/Content/EngineMaterials/Substrate/Glints2/dict_0001_0197.uasset" 9419
"../../../Engine/Content/EngineMaterials/Substrate/Glints2/dict_0001_0200.uasset" 9420
"../../../Engine/Content/EngineMaterials/Substrate/Glints2/dict_0001_0194.uasset" 9421
"../../../Engine/Content/EngineMaterials/Substrate/Glints2/dict_0001_0205.uasset" 9422
"/Engine/EngineMaterials/Substrate/Glints2/dict_0001_0212" 9423
"/Engine/EngineMaterials/Substrate/Glints2/dict_0001_0213" 9424
"/Engine/EngineMaterials/Substrate/Glints2/dict_0001_0214" 9425
"/Engine/EngineMaterials/Substrate/Glints2/dict_0001_0215" 9426
"/Engine/EngineMaterials/Substrate/Glints2/dict_0001_0216" 9427
"/Engine/EngineMaterials/Substrate/Glints2/dict_0001_0217" 9428
"/Engine/EngineMaterials/Substrate/Glints2/dict_0001_0218" 9429
"/Engine/EngineMaterials/Substrate/Glints2/dict_0001_0219" 9430
"/Engine/EngineMaterials/Substrate/Glints2/dict_0001_0220" 9431
"/Engine/EngineMaterials/Substrate/Glints2/dict_0001_0221" 9432
"/Engine/EngineMaterials/Substrate/Glints2/dict_0001_0222" 9433
"/Engine/EngineMaterials/Substrate/Glints2/dict_0001_0202" 9434
"/Engine/EngineMaterials/Substrate/Glints2/dict_0001_0223" 9435
"/Engine/EngineMaterials/Substrate/Glints2/dict_0001_0208" 9436
"/Engine/EngineMaterials/Substrate/Glints2/dict_0001_0209" 9437
"/Engine/EngineMaterials/Substrate/Glints2/dict_0001_0210" 9438
"../../../Engine/Content/EngineMaterials/Substrate/Glints2/dict_0001_0190.uasset" 9439
"../../../Engine/Content/EngineMaterials/Substrate/Glints2/dict_0001_0191.uasset" 9440
"../../../Engine/Content/EngineMaterials/Substrate/Glints2/dict_0001_0189.uasset" 9441
"../../../Engine/Content/EngineMaterials/Substrate/Glints2/dict_0001_0187.uasset" 9442
"../../../Engine/Content/EngineMaterials/Substrate/Glints2/dict_0001_0188.uasset" 9443
"../../../Engine/Content/EngineMaterials/Substrate/Glints2/dict_0001_0179.uasset" 9444
"../../../Engine/Content/EngineMaterials/Substrate/Glints2/dict_0001_0182.uasset" 9445
"../../../Engine/Content/EngineMaterials/Substrate/Glints2/dict_0001_0178.uasset" 9446
"../../../Engine/Content/EngineMaterials/Substrate/Glints2/dict_0001_0181.uasset" 9447
"../../../Engine/Content/EngineMaterials/Substrate/Glints2/dict_0001_0175.uasset" 9448
"../../../Engine/Content/EngineMaterials/Substrate/Glints2/dict_0001_0186.uasset" 9449
"../../../Engine/Content/EngineMaterials/Substrate/Glints2/dict_0001_0177.uasset" 9450
"../../../Engine/Content/EngineMaterials/Substrate/Glints2/dict_0001_0184.uasset" 9451
"../../../Engine/Content/EngineMaterials/Substrate/Glints2/dict_0001_0183.uasset" 9452
"../../../Engine/Content/EngineMaterials/Substrate/Glints2/dict_0001_0176.uasset" 9453
"/Engine/EngineMaterials/Substrate/Glints2/dict_0001_0192" 9454
"../../../Engine/Content/EngineMaterials/Substrate/Glints2/dict_0001_0180.uasset" 9455
"../../../Engine/Content/EngineMaterials/Substrate/Glints2/dict_0001_0185.uasset" 9456
"/Engine/EngineMaterials/Substrate/Glints2/dict_0001_0193" 9457
"/Engine/EngineMaterials/Substrate/Glints2/dict_0001_0194" 9458
"/Engine/EngineMaterials/Substrate/Glints2/dict_0001_0195" 9459
"/Engine/EngineMaterials/Substrate/Glints2/dict_0001_0196" 9460
"/Engine/EngineMaterials/Substrate/Glints2/dict_0001_0197" 9461
"/Engine/EngineMaterials/Substrate/Glints2/dict_0001_0198" 9462
"/Engine/EngineMaterials/Substrate/Glints2/dict_0001_0199" 9463
"/Engine/EngineMaterials/Substrate/Glints2/dict_0001_0200" 9464
"/Engine/EngineMaterials/Substrate/Glints2/dict_0001_0201" 9465
"/Engine/EngineMaterials/Substrate/Glints2/dict_0001_0203" 9466
"/Engine/EngineMaterials/Substrate/Glints2/dict_0001_0204" 9467
"/Engine/EngineMaterials/Substrate/Glints2/dict_0001_0205" 9468
"/Engine/EngineMaterials/Substrate/Glints2/dict_0001_0206" 9469
"/Engine/EngineMaterials/Substrate/Glints2/dict_0001_0207" 9470
"/Engine/EngineMaterials/Substrate/Glints2/dict_0001_0189" 9471
"/Engine/EngineMaterials/Substrate/Glints2/dict_0001_0190" 9472
"/Engine/EngineMaterials/Substrate/Glints2/dict_0001_0191" 9473
"../../../Engine/Content/EngineMaterials/Substrate/Glints2/dict_0001_0172.uasset" 9474
"../../../Engine/Content/EngineMaterials/Substrate/Glints2/dict_0001_0173.uasset" 9475
"../../../Engine/Content/EngineMaterials/Substrate/Glints2/dict_0001_0174.uasset" 9476
"../../../Engine/Content/EngineMaterials/Substrate/Glints2/dict_0001_0169.uasset" 9477
"../../../Engine/Content/EngineMaterials/Substrate/Glints2/dict_0001_0170.uasset" 9478
"../../../Engine/Content/EngineMaterials/Substrate/Glints2/dict_0001_0165.uasset" 9479
"../../../Engine/Content/EngineMaterials/Substrate/Glints2/dict_0001_0158.uasset" 9480
"../../../Engine/Content/EngineMaterials/Substrate/Glints2/dict_0001_0166.uasset" 9481
"../../../Engine/Content/EngineMaterials/Substrate/Glints2/dict_0001_0157.uasset" 9482
"../../../Engine/Content/EngineMaterials/Substrate/Glints2/dict_0001_0171.uasset" 9483
"../../../Engine/Content/EngineMaterials/Substrate/Glints2/dict_0001_0162.uasset" 9484
"../../../Engine/Content/EngineMaterials/Substrate/Glints2/dict_0001_0167.uasset" 9485
"../../../Engine/Content/EngineMaterials/Substrate/Glints2/dict_0001_0168.uasset" 9486
"../../../Engine/Content/EngineMaterials/Substrate/Glints2/dict_0001_0161.uasset" 9487
"../../../Engine/Content/EngineMaterials/Substrate/Glints2/dict_0001_0159.uasset" 9488
"../../../Engine/Content/EngineMaterials/Substrate/Glints2/dict_0001_0164.uasset" 9489
"../../../Engine/Content/EngineMaterials/Substrate/Glints2/dict_0001_0160.uasset" 9490
"/Engine/EngineMaterials/Substrate/Glints2/dict_0001_0175" 9491
"../../../Engine/Content/EngineMaterials/Substrate/Glints2/dict_0001_0163.uasset" 9492
"/Engine/EngineMaterials/Substrate/Glints2/dict_0001_0176" 9493
"/Engine/EngineMaterials/Substrate/Glints2/dict_0001_0177" 9494
"/Engine/EngineMaterials/Substrate/Glints2/dict_0001_0178" 9495
"/Engine/EngineMaterials/Substrate/Glints2/dict_0001_0179" 9496
"/Engine/EngineMaterials/Substrate/Glints2/dict_0001_0180" 9497
"/Engine/EngineMaterials/Substrate/Glints2/dict_0001_0181" 9498
"/Engine/EngineMaterials/Substrate/Glints2/dict_0001_0182" 9499
"/Engine/EngineMaterials/Substrate/Glints2/dict_0001_0183" 9500
"/Engine/EngineMaterials/Substrate/Glints2/dict_0001_0184" 9501
"/Engine/EngineMaterials/Substrate/Glints2/dict_0001_0185" 9502
"/Engine/EngineMaterials/Substrate/Glints2/dict_0001_0186" 9503
"/Engine/EngineMaterials/Substrate/Glints2/dict_0001_0187" 9504
"/Engine/EngineMaterials/Substrate/Glints2/dict_0001_0188" 9505
"/Engine/EngineMaterials/Substrate/Glints2/dict_0001_0172" 9506
"/Engine/EngineMaterials/Substrate/Glints2/dict_0001_0173" 9507
"/Engine/EngineMaterials/Substrate/Glints2/dict_0001_0174" 9508
"../../../Engine/Content/EngineMaterials/Substrate/Glints2/dict_0001_0156.uasset" 9509
"../../../Engine/Content/EngineMaterials/Substrate/Glints2/dict_0001_0154.uasset" 9510
"../../../Engine/Content/EngineMaterials/Substrate/Glints2/dict_0001_0155.uasset" 9511
"../../../Engine/Content/EngineMaterials/Substrate/Glints2/dict_0001_0153.uasset" 9512
"../../../Engine/Content/EngineMaterials/Substrate/Glints2/dict_0001_0150.uasset" 9513
"../../../Engine/Content/EngineMaterials/Substrate/Glints2/dict_0001_0141.uasset" 9514
"../../../Engine/Content/EngineMaterials/Substrate/Glints2/dict_0001_0144.uasset" 9515
"/Engine/EngineMaterials/Substrate/Glints2/dict_0001_0157" 9516
"../../../Engine/Content/EngineMaterials/Substrate/Glints2/dict_0001_0140.uasset" 9517
"../../../Engine/Content/EngineMaterials/Substrate/Glints2/dict_0001_0149.uasset" 9518
"../../../Engine/Content/EngineMaterials/Substrate/Glints2/dict_0001_0145.uasset" 9519
"../../../Engine/Content/EngineMaterials/Substrate/Glints2/dict_0001_0143.uasset" 9520
"../../../Engine/Content/EngineMaterials/Substrate/Glints2/dict_0001_0152.uasset" 9521
"../../../Engine/Content/EngineMaterials/Substrate/Glints2/dict_0001_0146.uasset" 9522
"../../../Engine/Content/EngineMaterials/Substrate/Glints2/dict_0001_0148.uasset" 9523
"../../../Engine/Content/EngineMaterials/Substrate/Glints2/dict_0001_0151.uasset" 9524
"../../../Engine/Content/EngineMaterials/Substrate/Glints2/dict_0001_0142.uasset" 9525
"../../../Engine/Content/EngineMaterials/Substrate/Glints2/dict_0001_0147.uasset" 9526
"/Engine/EngineMaterials/Substrate/Glints2/dict_0001_0158" 9527
"/Engine/EngineMaterials/Substrate/Glints2/dict_0001_0159" 9528
"/Engine/EngineMaterials/Substrate/Glints2/dict_0001_0160" 9529
"/Engine/EngineMaterials/Substrate/Glints2/dict_0001_0161" 9530
"/Engine/EngineMaterials/Substrate/Glints2/dict_0001_0162" 9531
"/Engine/EngineMaterials/Substrate/Glints2/dict_0001_0163" 9532
"/Engine/EngineMaterials/Substrate/Glints2/dict_0001_0164" 9533
"/Engine/EngineMaterials/Substrate/Glints2/dict_0001_0165" 9534
"/Engine/EngineMaterials/Substrate/Glints2/dict_0001_0166" 9535
"/Engine/EngineMaterials/Substrate/Glints2/dict_0001_0167" 9536
"/Engine/EngineMaterials/Substrate/Glints2/dict_0001_0168" 9537
"/Engine/EngineMaterials/Substrate/Glints2/dict_0001_0169" 9538
"/Engine/EngineMaterials/Substrate/Glints2/dict_0001_0170" 9539
"/Engine/EngineMaterials/Substrate/Glints2/dict_0001_0171" 9540
"/Engine/EngineMaterials/Substrate/Glints2/dict_0001_0154" 9541
"/Engine/EngineMaterials/Substrate/Glints2/dict_0001_0155" 9542
"/Engine/EngineMaterials/Substrate/Glints2/dict_0001_0156" 9543
"../../../Engine/Content/EngineMaterials/Substrate/Glints2/dict_0001_0139.uasset" 9544
"../../../Engine/Content/EngineMaterials/Substrate/Glints2/dict_0001_0136.uasset" 9545
"../../../Engine/Content/EngineMaterials/Substrate/Glints2/dict_0001_0137.uasset" 9546
"../../../Engine/Content/EngineMaterials/Substrate/Glints2/dict_0001_0132.uasset" 9547
"../../../Engine/Content/EngineMaterials/Substrate/Glints2/dict_0001_0133.uasset" 9548
"../../../Engine/Content/EngineMaterials/Substrate/Glints2/dict_0001_0129.uasset" 9549
"../../../Engine/Content/EngineMaterials/Substrate/Glints2/dict_0001_0124.uasset" 9550
"../../../Engine/Content/EngineMaterials/Substrate/Glints2/dict_0001_0138.uasset" 9551
"/Engine/EngineMaterials/Substrate/Glints2/dict_0001_0140" 9552
"../../../Engine/Content/EngineMaterials/Substrate/Glints2/dict_0001_0127.uasset" 9553
"../../../Engine/Content/EngineMaterials/Substrate/Glints2/dict_0001_0130.uasset" 9554
"../../../Engine/Content/EngineMaterials/Substrate/Glints2/dict_0001_0128.uasset" 9555
"../../../Engine/Content/EngineMaterials/Substrate/Glints2/dict_0001_0122.uasset" 9556
"../../../Engine/Content/EngineMaterials/Substrate/Glints2/dict_0001_0135.uasset" 9557
"../../../Engine/Content/EngineMaterials/Substrate/Glints2/dict_0001_0126.uasset" 9558
"../../../Engine/Content/EngineMaterials/Substrate/Glints2/dict_0001_0131.uasset" 9559
"../../../Engine/Content/EngineMaterials/Substrate/Glints2/dict_0001_0123.uasset" 9560
"../../../Engine/Content/EngineMaterials/Substrate/Glints2/dict_0001_0125.uasset" 9561
"../../../Engine/Content/EngineMaterials/Substrate/Glints2/dict_0001_0134.uasset" 9562
"/Engine/EngineMaterials/Substrate/Glints2/dict_0001_0141" 9563
"/Engine/EngineMaterials/Substrate/Glints2/dict_0001_0142" 9564
"/Engine/EngineMaterials/Substrate/Glints2/dict_0001_0143" 9565
"/Engine/EngineMaterials/Substrate/Glints2/dict_0001_0144" 9566
"/Engine/EngineMaterials/Substrate/Glints2/dict_0001_0145" 9567
"/Engine/EngineMaterials/Substrate/Glints2/dict_0001_0146" 9568
"/Engine/EngineMaterials/Substrate/Glints2/dict_0001_0147" 9569
"/Engine/EngineMaterials/Substrate/Glints2/dict_0001_0148" 9570
"/Engine/EngineMaterials/Substrate/Glints2/dict_0001_0149" 9571
"/Engine/EngineMaterials/Substrate/Glints2/dict_0001_0150" 9572
"/Engine/EngineMaterials/Substrate/Glints2/dict_0001_0151" 9573
"/Engine/EngineMaterials/Substrate/Glints2/dict_0001_0152" 9574
"/Engine/EngineMaterials/Substrate/Glints2/dict_0001_0153" 9575
"/Engine/EngineMaterials/Substrate/Glints2/dict_0001_0136" 9576
"/Engine/EngineMaterials/Substrate/Glints2/dict_0001_0137" 9577
"/Engine/EngineMaterials/Substrate/Glints2/dict_0001_0139" 9578
"../../../Engine/Content/EngineMaterials/Substrate/Glints2/dict_0001_0121.uasset" 9579
"../../../Engine/Content/EngineMaterials/Substrate/Glints2/dict_0001_0119.uasset" 9580
"../../../Engine/Content/EngineMaterials/Substrate/Glints2/dict_0001_0120.uasset" 9581
"../../../Engine/Content/EngineMaterials/Substrate/Glints2/dict_0001_0114.uasset" 9582
"../../../Engine/Content/EngineMaterials/Substrate/Glints2/dict_0001_0116.uasset" 9583
"../../../Engine/Content/EngineMaterials/Substrate/Glints2/dict_0001_0113.uasset" 9584
"../../../Engine/Content/EngineMaterials/Substrate/Glints2/dict_0001_0107.uasset" 9585
"/Engine/EngineMaterials/Substrate/Glints2/dict_0001_0122" 9586
"../../../Engine/Content/EngineMaterials/Substrate/Glints2/dict_0001_0118.uasset" 9587
"../../../Engine/Content/EngineMaterials/Substrate/Glints2/dict_0001_0109.uasset" 9588
"../../../Engine/Content/EngineMaterials/Substrate/Glints2/dict_0001_0105.uasset" 9589
"../../../Engine/Content/EngineMaterials/Substrate/Glints2/dict_0001_0117.uasset" 9590
"../../../Engine/Content/EngineMaterials/Substrate/Glints2/dict_0001_0115.uasset" 9591
"../../../Engine/Content/EngineMaterials/Substrate/Glints2/dict_0001_0112.uasset" 9592
"../../../Engine/Content/EngineMaterials/Substrate/Glints2/dict_0001_0106.uasset" 9593
"../../../Engine/Content/EngineMaterials/Substrate/Glints2/dict_0001_0108.uasset" 9594
"../../../Engine/Content/EngineMaterials/Substrate/Glints2/dict_0001_0110.uasset" 9595
"../../../Engine/Content/EngineMaterials/Substrate/Glints2/dict_0001_0111.uasset" 9596
"/Engine/EngineMaterials/Substrate/Glints2/dict_0001_0123" 9597
"/Engine/EngineMaterials/Substrate/Glints2/dict_0001_0124" 9598
"/Engine/EngineMaterials/Substrate/Glints2/dict_0001_0125" 9599
"/Engine/EngineMaterials/Substrate/Glints2/dict_0001_0126" 9600
"/Engine/EngineMaterials/Substrate/Glints2/dict_0001_0127" 9601
"/Engine/EngineMaterials/Substrate/Glints2/dict_0001_0128" 9602
"/Engine/EngineMaterials/Substrate/Glints2/dict_0001_0129" 9603
"/Engine/EngineMaterials/Substrate/Glints2/dict_0001_0130" 9604
"/Engine/EngineMaterials/Substrate/Glints2/dict_0001_0131" 9605
"/Engine/EngineMaterials/Substrate/Glints2/dict_0001_0132" 9606
"/Engine/EngineMaterials/Substrate/Glints2/dict_0001_0133" 9607
"/Engine/EngineMaterials/Substrate/Glints2/dict_0001_0134" 9608
"/Engine/EngineMaterials/Substrate/Glints2/dict_0001_0135" 9609
"/Engine/EngineMaterials/Substrate/Glints2/dict_0001_0119" 9610
"/Engine/EngineMaterials/Substrate/Glints2/dict_0001_0120" 9611
"/Engine/EngineMaterials/Substrate/Glints2/dict_0001_0138" 9612
"/Engine/EngineMaterials/Substrate/Glints2/dict_0001_0121" 9613
"../../../Engine/Content/EngineMaterials/Substrate/Glints2/dict_0001_0102.uasset" 9614
"../../../Engine/Content/EngineMaterials/Substrate/Glints2/dict_0001_0103.uasset" 9615
"../../../Engine/Content/EngineMaterials/Substrate/Glints2/dict_0001_0104.uasset" 9616
"../../../Engine/Content/EngineMaterials/Substrate/Glints2/dict_0001_0097.uasset" 9617
"../../../Engine/Content/EngineMaterials/Substrate/Glints2/dict_0001_0099.uasset" 9618
"../../../Engine/Content/EngineMaterials/Substrate/Glints2/dict_0001_0089.uasset" 9619
"../../../Engine/Content/EngineMaterials/Substrate/Glints2/dict_0001_0090.uasset" 9620
"/Engine/EngineMaterials/Substrate/Glints2/dict_0001_0105" 9621
"../../../Engine/Content/EngineMaterials/Substrate/Glints2/dict_0001_0093.uasset" 9622
"../../../Engine/Content/EngineMaterials/Substrate/Glints2/dict_0001_0096.uasset" 9623
"../../../Engine/Content/EngineMaterials/Substrate/Glints2/dict_0001_0092.uasset" 9624
"../../../Engine/Content/EngineMaterials/Substrate/Glints2/dict_0001_0098.uasset" 9625
"../../../Engine/Content/EngineMaterials/Substrate/Glints2/dict_0001_0094.uasset" 9626
"../../../Engine/Content/EngineMaterials/Substrate/Glints2/dict_0001_0087.uasset" 9627
"../../../Engine/Content/EngineMaterials/Substrate/Glints2/dict_0001_0100.uasset" 9628
"../../../Engine/Content/EngineMaterials/Substrate/Glints2/dict_0001_0095.uasset" 9629
"../../../Engine/Content/EngineMaterials/Substrate/Glints2/dict_0001_0101.uasset" 9630
"../../../Engine/Content/EngineMaterials/Substrate/Glints2/dict_0001_0091.uasset" 9631
"/Engine/EngineMaterials/Substrate/Glints2/dict_0001_0106" 9632
"../../../Engine/Content/EngineMaterials/Substrate/Glints2/dict_0001_0088.uasset" 9633
"/Engine/EngineMaterials/Substrate/Glints2/dict_0001_0107" 9634
"/Engine/EngineMaterials/Substrate/Glints2/dict_0001_0108" 9635
"/Engine/EngineMaterials/Substrate/Glints2/dict_0001_0109" 9636
"/Engine/EngineMaterials/Substrate/Glints2/dict_0001_0110" 9637
"/Engine/EngineMaterials/Substrate/Glints2/dict_0001_0111" 9638
"/Engine/EngineMaterials/Substrate/Glints2/dict_0001_0112" 9639
"/Engine/EngineMaterials/Substrate/Glints2/dict_0001_0113" 9640
"/Engine/EngineMaterials/Substrate/Glints2/dict_0001_0114" 9641
"/Engine/EngineMaterials/Substrate/Glints2/dict_0001_0115" 9642
"/Engine/EngineMaterials/Substrate/Glints2/dict_0001_0116" 9643
"/Engine/EngineMaterials/Substrate/Glints2/dict_0001_0117" 9644
"/Engine/EngineMaterials/Substrate/Glints2/dict_0001_0118" 9645
"/Engine/EngineMaterials/Substrate/Glints2/dict_0001_0102" 9646
"/Engine/EngineMaterials/Substrate/Glints2/dict_0001_0103" 9647
"/Engine/EngineMaterials/Substrate/Glints2/dict_0001_0104" 9648
"../../../Engine/Content/EngineMaterials/Substrate/Glints2/dict_0001_0086.uasset" 9649
"../../../Engine/Content/EngineMaterials/Substrate/Glints2/dict_0001_0085.uasset" 9650
"../../../Engine/Content/EngineMaterials/Substrate/Glints2/dict_0001_0083.uasset" 9651
"../../../Engine/Content/EngineMaterials/Substrate/Glints2/dict_0001_0081.uasset" 9652
"../../../Engine/Content/EngineMaterials/Substrate/Glints2/dict_0001_0078.uasset" 9653
"../../../Engine/Content/EngineMaterials/Substrate/Glints2/dict_0001_0077.uasset" 9654
"../../../Engine/Content/EngineMaterials/Substrate/Glints2/dict_0001_0074.uasset" 9655
"../../../Engine/Content/EngineMaterials/Substrate/Glints2/dict_0001_0076.uasset" 9656
"../../../Engine/Content/EngineMaterials/Substrate/Glints2/dict_0001_0071.uasset" 9657
"../../../Engine/Content/EngineMaterials/Substrate/Glints2/dict_0001_0070.uasset" 9658
"../../../Engine/Content/EngineMaterials/Substrate/Glints2/dict_0001_0079.uasset" 9659
"../../../Engine/Content/EngineMaterials/Substrate/Glints2/dict_0001_0073.uasset" 9660
"../../../Engine/Content/EngineMaterials/Substrate/Glints2/dict_0001_0082.uasset" 9661
"../../../Engine/Content/EngineMaterials/Substrate/Glints2/dict_0001_0072.uasset" 9662
"../../../Engine/Content/EngineMaterials/Substrate/Glints2/dict_0001_0075.uasset" 9663
"../../../Engine/Content/EngineMaterials/Substrate/Glints2/dict_0001_0080.uasset" 9664
"/Engine/EngineMaterials/Substrate/Glints2/dict_0001_0087" 9665
"../../../Engine/Content/EngineMaterials/Substrate/Glints2/dict_0001_0084.uasset" 9666
"/Engine/EngineMaterials/Substrate/Glints2/dict_0001_0088" 9667
"/Engine/EngineMaterials/Substrate/Glints2/dict_0001_0089" 9668
"/Engine/EngineMaterials/Substrate/Glints2/dict_0001_0090" 9669
"/Engine/EngineMaterials/Substrate/Glints2/dict_0001_0091" 9670
"/Engine/EngineMaterials/Substrate/Glints2/dict_0001_0092" 9671
"/Engine/EngineMaterials/Substrate/Glints2/dict_0001_0093" 9672
"/Engine/EngineMaterials/Substrate/Glints2/dict_0001_0094" 9673
"/Engine/EngineMaterials/Substrate/Glints2/dict_0001_0095" 9674
"/Engine/EngineMaterials/Substrate/Glints2/dict_0001_0096" 9675
"/Engine/EngineMaterials/Substrate/Glints2/dict_0001_0097" 9676
"/Engine/EngineMaterials/Substrate/Glints2/dict_0001_0083" 9677
"/Engine/EngineMaterials/Substrate/Glints2/dict_0001_0098" 9678
"/Engine/EngineMaterials/Substrate/Glints2/dict_0001_0099" 9679
"/Engine/EngineMaterials/Substrate/Glints2/dict_0001_0100" 9680
"/Engine/EngineMaterials/Substrate/Glints2/dict_0001_0101" 9681
"/Engine/EngineMaterials/Substrate/Glints2/dict_0001_0085" 9682
"/Engine/EngineMaterials/Substrate/Glints2/dict_0001_0086" 9683
"../../../Engine/Content/EngineMaterials/Substrate/Glints2/dict_0001_0069.uasset" 9684
"../../../Engine/Content/EngineMaterials/Substrate/Glints2/dict_0001_0068.uasset" 9685
"../../../Engine/Content/EngineMaterials/Substrate/Glints2/dict_0001_0065.uasset" 9686
"../../../Engine/Content/EngineMaterials/Substrate/Glints2/dict_0001_0067.uasset" 9687
"../../../Engine/Content/EngineMaterials/Substrate/Glints2/dict_0001_0059.uasset" 9688
"../../../Engine/Content/EngineMaterials/Substrate/Glints2/dict_0001_0061.uasset" 9689
"../../../Engine/Content/EngineMaterials/Substrate/Glints2/dict_0001_0055.uasset" 9690
"/Engine/EngineMaterials/Substrate/Glints2/dict_0001_0070" 9691
"../../../Engine/Content/EngineMaterials/Substrate/Glints2/dict_0001_0064.uasset" 9692
"../../../Engine/Content/EngineMaterials/Substrate/Glints2/dict_0001_0053.uasset" 9693
"../../../Engine/Content/EngineMaterials/Substrate/Glints2/dict_0001_0058.uasset" 9694
"../../../Engine/Content/EngineMaterials/Substrate/Glints2/dict_0001_0063.uasset" 9695
"../../../Engine/Content/EngineMaterials/Substrate/Glints2/dict_0001_0066.uasset" 9696
"../../../Engine/Content/EngineMaterials/Substrate/Glints2/dict_0001_0060.uasset" 9697
"../../../Engine/Content/EngineMaterials/Substrate/Glints2/dict_0001_0056.uasset" 9698
"../../../Engine/Content/EngineMaterials/Substrate/Glints2/dict_0001_0054.uasset" 9699
"../../../Engine/Content/EngineMaterials/Substrate/Glints2/dict_0001_0062.uasset" 9700
"../../../Engine/Content/EngineMaterials/Substrate/Glints2/dict_0001_0057.uasset" 9701
"/Engine/EngineMaterials/Substrate/Glints2/dict_0001_0071" 9702
"../../../Engine/Content/EngineMaterials/Substrate/Glints2/dict_0001_0052.uasset" 9703
"/Engine/EngineMaterials/Substrate/Glints2/dict_0001_0072" 9704
"/Engine/EngineMaterials/Substrate/Glints2/dict_0001_0073" 9705
"/Engine/EngineMaterials/Substrate/Glints2/dict_0001_0074" 9706
"/Engine/EngineMaterials/Substrate/Glints2/dict_0001_0075" 9707
"/Engine/EngineMaterials/Substrate/Glints2/dict_0001_0076" 9708
"/Engine/EngineMaterials/Substrate/Glints2/dict_0001_0077" 9709
"/Engine/EngineMaterials/Substrate/Glints2/dict_0001_0078" 9710
"/Engine/EngineMaterials/Substrate/Glints2/dict_0001_0079" 9711
"/Engine/EngineMaterials/Substrate/Glints2/dict_0001_0080" 9712
"/Engine/EngineMaterials/Substrate/Glints2/dict_0001_0081" 9713
"/Engine/EngineMaterials/Substrate/Glints2/dict_0001_0082" 9714
"/Engine/EngineMaterials/Substrate/Glints2/dict_0001_0084" 9715
"/Engine/EngineMaterials/Substrate/Glints2/dict_0001_0068" 9716
"/Engine/EngineMaterials/Substrate/Glints2/dict_0001_0069" 9717
"../../../Engine/Content/EngineMaterials/Substrate/Glints2/dict_0001_0051.uasset" 9718
"../../../Engine/Content/EngineMaterials/Substrate/Glints2/dict_0001_0050.uasset" 9719
"../../../Engine/Content/EngineMaterials/Substrate/Glints2/dict_0001_0048.uasset" 9720
"../../../Engine/Content/EngineMaterials/Substrate/Glints2/dict_0001_0046.uasset" 9721
"../../../Engine/Content/EngineMaterials/Substrate/Glints2/dict_0001_0045.uasset" 9722
"../../../Engine/Content/EngineMaterials/Substrate/Glints2/dict_0001_0041.uasset" 9723
"../../../Engine/Content/EngineMaterials/Substrate/Glints2/dict_0001_0049.uasset" 9724
"../../../Engine/Content/EngineMaterials/Substrate/Glints2/dict_0001_0038.uasset" 9725
"/Engine/EngineMaterials/Substrate/Glints2/dict_0001_0052" 9726
"../../../Engine/Content/EngineMaterials/Substrate/Glints2/dict_0001_0039.uasset" 9727
"../../../Engine/Content/EngineMaterials/Substrate/Glints2/dict_0001_0037.uasset" 9728
"../../../Engine/Content/EngineMaterials/Substrate/Glints2/dict_0001_0044.uasset" 9729
"../../../Engine/Content/EngineMaterials/Substrate/Glints2/dict_0001_0043.uasset" 9730
"../../../Engine/Content/EngineMaterials/Substrate/Glints2/dict_0001_0042.uasset" 9731
"../../../Engine/Content/EngineMaterials/Substrate/Glints2/dict_0001_0036.uasset" 9732
"../../../Engine/Content/EngineMaterials/Substrate/Glints2/dict_0001_0040.uasset" 9733
"../../../Engine/Content/EngineMaterials/Substrate/Glints2/dict_0001_0047.uasset" 9734
"/Engine/EngineMaterials/Substrate/Glints2/dict_0001_0053" 9735
"/Engine/EngineMaterials/Substrate/Glints2/dict_0001_0054" 9736
"/Engine/EngineMaterials/Substrate/Glints2/dict_0001_0055" 9737
"/Engine/EngineMaterials/Substrate/Glints2/dict_0001_0056" 9738
"/Engine/EngineMaterials/Substrate/Glints2/dict_0001_0057" 9739
"/Engine/EngineMaterials/Substrate/Glints2/dict_0001_0058" 9740
"/Engine/EngineMaterials/Substrate/Glints2/dict_0001_0059" 9741
"/Engine/EngineMaterials/Substrate/Glints2/dict_0001_0060" 9742
"/Engine/EngineMaterials/Substrate/Glints2/dict_0001_0061" 9743
"/Engine/EngineMaterials/Substrate/Glints2/dict_0001_0048" 9744
"/Engine/EngineMaterials/Substrate/Glints2/dict_0001_0062" 9745
"/Engine/EngineMaterials/Substrate/Glints2/dict_0001_0063" 9746
"/Engine/EngineMaterials/Substrate/Glints2/dict_0001_0064" 9747
"/Engine/EngineMaterials/Substrate/Glints2/dict_0001_0065" 9748
"/Engine/EngineMaterials/Substrate/Glints2/dict_0001_0066" 9749
"/Engine/EngineMaterials/Substrate/Glints2/dict_0001_0067" 9750
"/Engine/EngineMaterials/Substrate/Glints2/dict_0001_0050" 9751
"/Engine/EngineMaterials/Substrate/Glints2/dict_0001_0051" 9752
"../../../Engine/Content/EngineMaterials/Substrate/Glints2/dict_0001_0035.uasset" 9753
"../../../Engine/Content/EngineMaterials/Substrate/Glints2/dict_0001_0034.uasset" 9754
"../../../Engine/Content/EngineMaterials/Substrate/Glints2/dict_0001_0033.uasset" 9755
"../../../Engine/Content/EngineMaterials/Substrate/Glints2/dict_0001_0031.uasset" 9756
"../../../Engine/Content/EngineMaterials/Substrate/Glints2/dict_0001_0028.uasset" 9757
"../../../Engine/Content/EngineMaterials/Substrate/Glints2/dict_0001_0025.uasset" 9758
"../../../Engine/Content/EngineMaterials/Substrate/Glints2/dict_0001_0022.uasset" 9759
"../../../Engine/Content/EngineMaterials/Substrate/Glints2/dict_0001_0023.uasset" 9760
"../../../Engine/Content/EngineMaterials/Substrate/Glints2/dict_0001_0026.uasset" 9761
"../../../Engine/Content/EngineMaterials/Substrate/Glints2/dict_0001_0030.uasset" 9762
"/Engine/EngineMaterials/Substrate/Glints2/dict_0001_0036" 9763
"../../../Engine/Content/EngineMaterials/Substrate/Glints2/dict_0001_0032.uasset" 9764
"../../../Engine/Content/EngineMaterials/Substrate/Glints2/dict_0001_0027.uasset" 9765
"../../../Engine/Content/EngineMaterials/Substrate/Glints2/dict_0001_0029.uasset" 9766
"../../../Engine/Content/EngineMaterials/Substrate/Glints2/dict_0001_0021.uasset" 9767
"../../../Engine/Content/EngineMaterials/Substrate/Glints2/dict_0001_0020.uasset" 9768
"../../../Engine/Content/EngineMaterials/Substrate/Glints2/dict_0001_0019.uasset" 9769
"../../../Engine/Content/EngineMaterials/Substrate/Glints2/dict_0001_0018.uasset" 9770
"../../../Engine/Content/EngineMaterials/Substrate/Glints2/dict_0001_0017.uasset" 9771
"../../../Engine/Content/EngineMaterials/Substrate/Glints2/dict_0001_0024.uasset" 9772
"/Engine/EngineMaterials/Substrate/Glints2/dict_0001_0037" 9773
"/Engine/EngineMaterials/Substrate/Glints2/dict_0001_0038" 9774
"/Engine/EngineMaterials/Substrate/Glints2/dict_0001_0039" 9775
"/Engine/EngineMaterials/Substrate/Glints2/dict_0001_0040" 9776
"/Engine/EngineMaterials/Substrate/Glints2/dict_0001_0041" 9777
"/Engine/EngineMaterials/Substrate/Glints2/dict_0001_0042" 9778
"/Engine/EngineMaterials/Substrate/Glints2/dict_0001_0043" 9779
"/Engine/EngineMaterials/Substrate/Glints2/dict_0001_0044" 9780
"/Engine/EngineMaterials/Substrate/Glints2/dict_0001_0045" 9781
"/Engine/EngineMaterials/Substrate/Glints2/dict_0001_0046" 9782
"/Engine/EngineMaterials/Substrate/Glints2/dict_0001_0047" 9783
"/Engine/EngineMaterials/Substrate/Glints2/dict_0001_0028" 9784
"/Engine/EngineMaterials/Substrate/Glints2/dict_0001_0031" 9785
"/Engine/EngineMaterials/Substrate/Glints2/dict_0001_0033" 9786
"/Engine/EngineMaterials/Substrate/Glints2/dict_0001_0049" 9787
"/Engine/EngineMaterials/Substrate/Glints2/dict_0001_0034" 9788
"/Engine/EngineMaterials/Substrate/Glints2/dict_0001_0035" 9789
"../../../Engine/Content/EngineMaterials/Substrate/Glints2/dict_0001_0016.uasset" 9790
"../../../Engine/Content/EngineMaterials/Substrate/Glints2/dict_0001_0015.uasset" 9791
"../../../Engine/Content/EngineMaterials/Substrate/Glints2/dict_0001_0012.uasset" 9792
"../../../Engine/Content/EngineMaterials/Substrate/Glints2/dict_0001_0006.uasset" 9793
"../../../Engine/Content/EngineMaterials/Substrate/Glints2/dict_0001_0007.uasset" 9794
"../../../Engine/Content/EngineMaterials/Substrate/Glints2/dict_0001_0008.uasset" 9795
"../../../Engine/Content/EngineMaterials/Substrate/Glints2/dict_0001_0013.uasset" 9796
"../../../Engine/Content/EngineMaterials/Substrate/Glints2/dict_0001_0002.uasset" 9797
"/Engine/EngineMaterials/Substrate/Glints2/dict_0001_0017" 9798
"../../../Engine/Content/EngineMaterials/Substrate/Glints2/dict_0001_0009.uasset" 9799
"../../../Engine/Content/EngineMaterials/Substrate/Glints2/dict_0001_0001.uasset" 9800
"../../../Engine/Content/EngineMaterials/Substrate/Glints2/dict_0000_0255.uasset" 9801
"../../../Engine/Content/EngineMaterials/Substrate/Glints2/dict_0001_0000.uasset" 9802
"../../../Engine/Content/EngineMaterials/Substrate/Glints2/dict_0001_0014.uasset" 9803
"../../../Engine/Content/EngineMaterials/Substrate/Glints2/dict_0001_0010.uasset" 9804
"../../../Engine/Content/EngineMaterials/Substrate/Glints2/dict_0001_0003.uasset" 9805
"../../../Engine/Content/EngineMaterials/Substrate/Glints2/dict_0001_0005.uasset" 9806
"../../../Engine/Content/EngineMaterials/Substrate/Glints2/dict_0001_0011.uasset" 9807
"../../../Engine/Content/EngineMaterials/Substrate/Glints2/dict_0001_0004.uasset" 9808
"/Engine/EngineMaterials/Substrate/Glints2/dict_0001_0018" 9809
"/Engine/EngineMaterials/Substrate/Glints2/dict_0001_0019" 9810
"/Engine/EngineMaterials/Substrate/Glints2/dict_0001_0020" 9811
"/Engine/EngineMaterials/Substrate/Glints2/dict_0001_0021" 9812
"/Engine/EngineMaterials/Substrate/Glints2/dict_0001_0022" 9813
"/Engine/EngineMaterials/Substrate/Glints2/dict_0001_0023" 9814
"/Engine/EngineMaterials/Substrate/Glints2/dict_0001_0024" 9815
"/Engine/EngineMaterials/Substrate/Glints2/dict_0001_0025" 9816
"/Engine/EngineMaterials/Substrate/Glints2/dict_0001_0026" 9817
"/Engine/EngineMaterials/Substrate/Glints2/dict_0001_0027" 9818
"/Engine/EngineMaterials/Substrate/Glints2/dict_0001_0029" 9819
"/Engine/EngineMaterials/Substrate/Glints2/dict_0001_0030" 9820
"/Engine/EngineMaterials/Substrate/Glints2/dict_0001_0012" 9821
"/Engine/EngineMaterials/Substrate/Glints2/dict_0001_0032" 9822
"/Engine/EngineMaterials/Substrate/Glints2/dict_0001_0015" 9823
"/Engine/EngineMaterials/Substrate/Glints2/dict_0001_0016" 9824
"../../../Engine/Content/EngineMaterials/Substrate/Glints2/dict_0000_0254.uasset" 9825
"../../../Engine/Content/EngineMaterials/Substrate/Glints2/dict_0000_0253.uasset" 9826
"../../../Engine/Content/EngineMaterials/Substrate/Glints2/dict_0000_0252.uasset" 9827
"../../../Engine/Content/EngineMaterials/Substrate/Glints2/dict_0000_0249.uasset" 9828
"../../../Engine/Content/EngineMaterials/Substrate/Glints2/dict_0000_0244.uasset" 9829
"../../../Engine/Content/EngineMaterials/Substrate/Glints2/dict_0000_0239.uasset" 9830
"/Engine/EngineMaterials/Substrate/Glints2/dict_0000_0255" 9831
"../../../Engine/Content/EngineMaterials/Substrate/Glints2/dict_0000_0240.uasset" 9832
"../../../Engine/Content/EngineMaterials/Substrate/Glints2/dict_0000_0251.uasset" 9833
"../../../Engine/Content/EngineMaterials/Substrate/Glints2/dict_0000_0248.uasset" 9834
"../../../Engine/Content/EngineMaterials/Substrate/Glints2/dict_0000_0247.uasset" 9835
"../../../Engine/Content/EngineMaterials/Substrate/Glints2/dict_0000_0250.uasset" 9836
"../../../Engine/Content/EngineMaterials/Substrate/Glints2/dict_0000_0243.uasset" 9837
"../../../Engine/Content/EngineMaterials/Substrate/Glints2/dict_0000_0242.uasset" 9838
"../../../Engine/Content/EngineMaterials/Substrate/Glints2/dict_0000_0245.uasset" 9839
"../../../Engine/Content/EngineMaterials/Substrate/Glints2/dict_0000_0238.uasset" 9840
"../../../Engine/Content/EngineMaterials/Substrate/Glints2/dict_0000_0246.uasset" 9841
"/Engine/EngineMaterials/Substrate/Glints2/dict_0001_0000" 9842
"../../../Engine/Content/EngineMaterials/Substrate/Glints2/dict_0000_0241.uasset" 9843
"/Engine/EngineMaterials/Substrate/Glints2/dict_0001_0001" 9844
"/Engine/EngineMaterials/Substrate/Glints2/dict_0001_0002" 9845
"/Engine/EngineMaterials/Substrate/Glints2/dict_0001_0003" 9846
"/Engine/EngineMaterials/Substrate/Glints2/dict_0001_0004" 9847
"/Engine/EngineMaterials/Substrate/Glints2/dict_0001_0005" 9848
"/Engine/EngineMaterials/Substrate/Glints2/dict_0001_0006" 9849
"/Engine/EngineMaterials/Substrate/Glints2/dict_0001_0007" 9850
"/Engine/EngineMaterials/Substrate/Glints2/dict_0001_0008" 9851
"/Engine/EngineMaterials/Substrate/Glints2/dict_0001_0009" 9852
"/Engine/EngineMaterials/Substrate/Glints2/dict_0001_0010" 9853
"/Engine/EngineMaterials/Substrate/Glints2/dict_0001_0011" 9854
"/Engine/EngineMaterials/Substrate/Glints2/dict_0001_0013" 9855
"/Engine/EngineMaterials/Substrate/Glints2/dict_0001_0014" 9856
"/Engine/EngineMaterials/Substrate/Glints2/dict_0000_0253" 9857
"/Engine/EngineMaterials/Substrate/Glints2/dict_0000_0254" 9858
"../../../Engine/Content/EngineMaterials/Substrate/Glints2/dict_0000_0237.uasset" 9859
"../../../Engine/Content/EngineMaterials/Substrate/Glints2/dict_0000_0236.uasset" 9860
"../../../Engine/Content/EngineMaterials/Substrate/Glints2/dict_0000_0235.uasset" 9861
"../../../Engine/Content/EngineMaterials/Substrate/Glints2/dict_0000_0234.uasset" 9862
"../../../Engine/Content/EngineMaterials/Substrate/Glints2/dict_0000_0228.uasset" 9863
"../../../Engine/Content/EngineMaterials/Substrate/Glints2/dict_0000_0225.uasset" 9864
"../../../Engine/Content/EngineMaterials/Substrate/Glints2/dict_0000_0222.uasset" 9865
"/Engine/EngineMaterials/Substrate/Glints2/dict_0000_0238" 9866
"../../../Engine/Content/EngineMaterials/Substrate/Glints2/dict_0000_0224.uasset" 9867
"../../../Engine/Content/EngineMaterials/Substrate/Glints2/dict_0000_0230.uasset" 9868
"../../../Engine/Content/EngineMaterials/Substrate/Glints2/dict_0000_0221.uasset" 9869
"../../../Engine/Content/EngineMaterials/Substrate/Glints2/dict_0000_0227.uasset" 9870
"../../../Engine/Content/EngineMaterials/Substrate/Glints2/dict_0000_0226.uasset" 9871
"../../../Engine/Content/EngineMaterials/Substrate/Glints2/dict_0000_0223.uasset" 9872
"../../../Engine/Content/EngineMaterials/Substrate/Glints2/dict_0000_0229.uasset" 9873
"../../../Engine/Content/EngineMaterials/Substrate/Glints2/dict_0000_0232.uasset" 9874
"../../../Engine/Content/EngineMaterials/Substrate/Glints2/dict_0000_0231.uasset" 9875
"../../../Engine/Content/EngineMaterials/Substrate/Glints2/dict_0000_0233.uasset" 9876
"/Engine/EngineMaterials/Substrate/Glints2/dict_0000_0239" 9877
"/Engine/EngineMaterials/Substrate/Glints2/dict_0000_0240" 9878
"/Engine/EngineMaterials/Substrate/Glints2/dict_0000_0241" 9879
"/Engine/EngineMaterials/Substrate/Glints2/dict_0000_0242" 9880
"/Engine/EngineMaterials/Substrate/Glints2/dict_0000_0243" 9881
"/Engine/EngineMaterials/Substrate/Glints2/dict_0000_0244" 9882
"/Engine/EngineMaterials/Substrate/Glints2/dict_0000_0245" 9883
"/Engine/EngineMaterials/Substrate/Glints2/dict_0000_0246" 9884
"/Engine/EngineMaterials/Substrate/Glints2/dict_0000_0247" 9885
"/Engine/EngineMaterials/Substrate/Glints2/dict_0000_0248" 9886
"/Engine/EngineMaterials/Substrate/Glints2/dict_0000_0249" 9887
"/Engine/EngineMaterials/Substrate/Glints2/dict_0000_0250" 9888
"/Engine/EngineMaterials/Substrate/Glints2/dict_0000_0251" 9889
"/Engine/EngineMaterials/Substrate/Glints2/dict_0000_0252" 9890
"/Engine/EngineMaterials/Substrate/Glints2/dict_0000_0236" 9891
"/Engine/EngineMaterials/Substrate/Glints2/dict_0000_0237" 9892
"../../../Engine/Content/EngineMaterials/Substrate/Glints2/dict_0000_0220.uasset" 9893
"../../../Engine/Content/EngineMaterials/Substrate/Glints2/dict_0000_0218.uasset" 9894
"../../../Engine/Content/EngineMaterials/Substrate/Glints2/dict_0000_0216.uasset" 9895
"../../../Engine/Content/EngineMaterials/Substrate/Glints2/dict_0000_0219.uasset" 9896
"../../../Engine/Content/EngineMaterials/Substrate/Glints2/dict_0000_0214.uasset" 9897
"../../../Engine/Content/EngineMaterials/Substrate/Glints2/dict_0000_0211.uasset" 9898
"../../../Engine/Content/EngineMaterials/Substrate/Glints2/dict_0000_0208.uasset" 9899
"../../../Engine/Content/EngineMaterials/Substrate/Glints2/dict_0000_0205.uasset" 9900
"../../../Engine/Content/EngineMaterials/Substrate/Glints2/dict_0000_0206.uasset" 9901
"../../../Engine/Content/EngineMaterials/Substrate/Glints2/dict_0000_0204.uasset" 9902
"/Engine/EngineMaterials/Substrate/Glints2/dict_0000_0221" 9903
"../../../Engine/Content/EngineMaterials/Substrate/Glints2/dict_0000_0209.uasset" 9904
"../../../Engine/Content/EngineMaterials/Substrate/Glints2/dict_0000_0210.uasset" 9905
"../../../Engine/Content/EngineMaterials/Substrate/Glints2/dict_0000_0215.uasset" 9906
"../../../Engine/Content/EngineMaterials/Substrate/Glints2/dict_0000_0213.uasset" 9907
"../../../Engine/Content/EngineMaterials/Substrate/Glints2/dict_0000_0217.uasset" 9908
"../../../Engine/Content/EngineMaterials/Substrate/Glints2/dict_0000_0207.uasset" 9909
"../../../Engine/Content/EngineMaterials/Substrate/Glints2/dict_0000_0212.uasset" 9910
"/Engine/EngineMaterials/Substrate/Glints2/dict_0000_0222" 9911
"/Engine/EngineMaterials/Substrate/Glints2/dict_0000_0223" 9912
"/Engine/EngineMaterials/Substrate/Glints2/dict_0000_0224" 9913
"/Engine/EngineMaterials/Substrate/Glints2/dict_0000_0225" 9914
"/Engine/EngineMaterials/Substrate/Glints2/dict_0000_0226" 9915
"/Engine/EngineMaterials/Substrate/Glints2/dict_0000_0227" 9916
"/Engine/EngineMaterials/Substrate/Glints2/dict_0000_0228" 9917
"/Engine/EngineMaterials/Substrate/Glints2/dict_0000_0229" 9918
"/Engine/EngineMaterials/Substrate/Glints2/dict_0000_0230" 9919
"/Engine/EngineMaterials/Substrate/Glints2/dict_0000_0231" 9920
"/Engine/EngineMaterials/Substrate/Glints2/dict_0000_0232" 9921
"/Engine/EngineMaterials/Substrate/Glints2/dict_0000_0233" 9922
"/Engine/EngineMaterials/Substrate/Glints2/dict_0000_0216" 9923
"/Engine/EngineMaterials/Substrate/Glints2/dict_0000_0218" 9924
"/Engine/EngineMaterials/Substrate/Glints2/dict_0000_0234" 9925
"/Engine/EngineMaterials/Substrate/Glints2/dict_0000_0235" 9926
"/Engine/EngineMaterials/Substrate/Glints2/dict_0000_0219" 9927
"/Engine/EngineMaterials/Substrate/Glints2/dict_0000_0220" 9928
"../../../Engine/Content/EngineMaterials/Substrate/Glints2/dict_0000_0203.uasset" 9929
"../../../Engine/Content/EngineMaterials/Substrate/Glints2/dict_0000_0195.uasset" 9930
"../../../Engine/Content/EngineMaterials/Substrate/Glints2/dict_0000_0194.uasset" 9931
"../../../Engine/Content/EngineMaterials/Substrate/Glints2/dict_0000_0191.uasset" 9932
"../../../Engine/Content/EngineMaterials/Substrate/Glints2/dict_0000_0192.uasset" 9933
"../../../Engine/Content/EngineMaterials/Substrate/Glints2/dict_0000_0189.uasset" 9934
"/Engine/EngineMaterials/Substrate/Glints2/dict_0000_0204" 9935
"../../../Engine/Content/EngineMaterials/Substrate/Glints2/dict_0000_0200.uasset" 9936
"../../../Engine/Content/EngineMaterials/Substrate/Glints2/dict_0000_0188.uasset" 9937
"../../../Engine/Content/EngineMaterials/Substrate/Glints2/dict_0000_0201.uasset" 9938
"../../../Engine/Content/EngineMaterials/Substrate/Glints2/dict_0000_0187.uasset" 9939
"../../../Engine/Content/EngineMaterials/Substrate/Glints2/dict_0000_0198.uasset" 9940
"../../../Engine/Content/EngineMaterials/Substrate/Glints2/dict_0000_0196.uasset" 9941
"../../../Engine/Content/EngineMaterials/Substrate/Glints2/dict_0000_0197.uasset" 9942
"../../../Engine/Content/EngineMaterials/Substrate/Glints2/dict_0000_0185.uasset" 9943
"../../../Engine/Content/EngineMaterials/Substrate/Glints2/dict_0000_0202.uasset" 9944
"../../../Engine/Content/EngineMaterials/Substrate/Glints2/dict_0000_0190.uasset" 9945
"/Engine/EngineMaterials/Substrate/Glints2/dict_0000_0205" 9946
"../../../Engine/Content/EngineMaterials/Substrate/Glints2/dict_0000_0186.uasset" 9947
"../../../Engine/Content/EngineMaterials/Substrate/Glints2/dict_0000_0193.uasset" 9948
"../../../Engine/Content/EngineMaterials/Substrate/Glints2/dict_0000_0199.uasset" 9949
"/Engine/EngineMaterials/Substrate/Glints2/dict_0000_0206" 9950
"/Engine/EngineMaterials/Substrate/Glints2/dict_0000_0207" 9951
"/Engine/EngineMaterials/Substrate/Glints2/dict_0000_0208" 9952
"/Engine/EngineMaterials/Substrate/Glints2/dict_0000_0209" 9953
"/Engine/EngineMaterials/Substrate/Glints2/dict_0000_0210" 9954
"/Engine/EngineMaterials/Substrate/Glints2/dict_0000_0211" 9955
"/Engine/EngineMaterials/Substrate/Glints2/dict_0000_0212" 9956
"/Engine/EngineMaterials/Substrate/Glints2/dict_0000_0213" 9957
"/Engine/EngineMaterials/Substrate/Glints2/dict_0000_0214" 9958
"/Engine/EngineMaterials/Substrate/Glints2/dict_0000_0215" 9959
"/Engine/EngineMaterials/Substrate/Glints2/dict_0000_0217" 9960
"/Engine/EngineMaterials/Substrate/Glints2/dict_0000_0203" 9961
"../../../Engine/Content/EngineMaterials/Substrate/Glints2/dict_0000_0184.uasset" 9962
"../../../Engine/Content/EngineMaterials/Substrate/Glints2/dict_0000_0182.uasset" 9963
"../../../Engine/Content/EngineMaterials/Substrate/Glints2/dict_0000_0183.uasset" 9964
"../../../Engine/Content/EngineMaterials/Substrate/Glints2/dict_0000_0180.uasset" 9965
"../../../Engine/Content/EngineMaterials/Substrate/Glints2/dict_0000_0178.uasset" 9966
"../../../Engine/Content/EngineMaterials/Substrate/Glints2/dict_0000_0179.uasset" 9967
"../../../Engine/Content/EngineMaterials/Substrate/Glints2/dict_0000_0176.uasset" 9968
"../../../Engine/Content/EngineMaterials/Substrate/Glints2/dict_0000_0172.uasset" 9969
"/Engine/EngineMaterials/Substrate/Glints2/dict_0000_0185" 9970
"../../../Engine/Content/EngineMaterials/Substrate/Glints2/dict_0000_0174.uasset" 9971
"../../../Engine/Content/EngineMaterials/Substrate/Glints2/dict_0000_0173.uasset" 9972
"../../../Engine/Content/EngineMaterials/Substrate/Glints2/dict_0000_0177.uasset" 9973
"../../../Engine/Content/EngineMaterials/Substrate/Glints2/dict_0000_0171.uasset" 9974
"../../../Engine/Content/EngineMaterials/Substrate/Glints2/dict_0000_0175.uasset" 9975
"../../../Engine/Content/EngineMaterials/Substrate/Glints2/dict_0000_0181.uasset" 9976
"/Engine/EngineMaterials/Substrate/Glints2/dict_0000_0186" 9977
"/Engine/EngineMaterials/Substrate/Glints2/dict_0000_0187" 9978
"/Engine/EngineMaterials/Substrate/Glints2/dict_0000_0188" 9979
"/Engine/EngineMaterials/Substrate/Glints2/dict_0000_0189" 9980
"/Engine/EngineMaterials/Substrate/Glints2/dict_0000_0190" 9981
"/Engine/EngineMaterials/Substrate/Glints2/dict_0000_0191" 9982
"/Engine/EngineMaterials/Substrate/Glints2/dict_0000_0192" 9983
"/Engine/EngineMaterials/Substrate/Glints2/dict_0000_0193" 9984
"/Engine/EngineMaterials/Substrate/Glints2/dict_0000_0194" 9985
"/Engine/EngineMaterials/Substrate/Glints2/dict_0000_0195" 9986
"/Engine/EngineMaterials/Substrate/Glints2/dict_0000_0196" 9987
"/Engine/EngineMaterials/Substrate/Glints2/dict_0000_0197" 9988
"/Engine/EngineMaterials/Substrate/Glints2/dict_0000_0182" 9989
"/Engine/EngineMaterials/Substrate/Glints2/dict_0000_0198" 9990
"/Engine/EngineMaterials/Substrate/Glints2/dict_0000_0183" 9991
"/Engine/EngineMaterials/Substrate/Glints2/dict_0000_0199" 9992
"/Engine/EngineMaterials/Substrate/Glints2/dict_0000_0200" 9993
"/Engine/EngineMaterials/Substrate/Glints2/dict_0000_0201" 9994
"/Engine/EngineMaterials/Substrate/Glints2/dict_0000_0202" 9995
"/Engine/EngineMaterials/Substrate/Glints2/dict_0000_0184" 9996
"../../../Engine/Content/EngineMaterials/Substrate/Glints2/dict_0000_0170.uasset" 9997
"../../../Engine/Content/EngineMaterials/Substrate/Glints2/dict_0000_0166.uasset" 9998
"../../../Engine/Content/EngineMaterials/Substrate/Glints2/dict_0000_0169.uasset" 9999
"../../../Engine/Content/EngineMaterials/Substrate/Glints2/dict_0000_0164.uasset" 10000
"../../../Engine/Content/EngineMaterials/Substrate/Glints2/dict_0000_0160.uasset" 10001
"../../../Engine/Content/EngineMaterials/Substrate/Glints2/dict_0000_0167.uasset" 10002
"/Engine/EngineMaterials/Substrate/Glints2/dict_0000_0171" 10003
"../../../Engine/Content/EngineMaterials/Substrate/Glints2/dict_0000_0163.uasset" 10004
"../../../Engine/Content/EngineMaterials/Substrate/Glints2/dict_0000_0153.uasset" 10005
"../../../Engine/Content/EngineMaterials/Substrate/Glints2/dict_0000_0155.uasset" 10006
"../../../Engine/Content/EngineMaterials/Substrate/Glints2/dict_0000_0161.uasset" 10007
"../../../Engine/Content/EngineMaterials/Substrate/Glints2/dict_0000_0157.uasset" 10008
"../../../Engine/Content/EngineMaterials/Substrate/Glints2/dict_0000_0152.uasset" 10009
"../../../Engine/Content/EngineMaterials/Substrate/Glints2/dict_0000_0162.uasset" 10010
"../../../Engine/Content/EngineMaterials/Substrate/Glints2/dict_0000_0165.uasset" 10011
"../../../Engine/Content/EngineMaterials/Substrate/Glints2/dict_0000_0158.uasset" 10012
"../../../Engine/Content/EngineMaterials/Substrate/Glints2/dict_0000_0154.uasset" 10013
"../../../Engine/Content/EngineMaterials/Substrate/Glints2/dict_0000_0150.uasset" 10014
"/Engine/EngineMaterials/Substrate/Glints2/dict_0000_0172" 10015
"../../../Engine/Content/EngineMaterials/Substrate/Glints2/dict_0000_0156.uasset" 10016
"../../../Engine/Content/EngineMaterials/Substrate/Glints2/dict_0000_0159.uasset" 10017
"../../../Engine/Content/EngineMaterials/Substrate/Glints2/dict_0000_0151.uasset" 10018
"../../../Engine/Content/EngineMaterials/Substrate/Glints2/dict_0000_0168.uasset" 10019
"/Engine/EngineMaterials/Substrate/Glints2/dict_0000_0173" 10020
"/Engine/EngineMaterials/Substrate/Glints2/dict_0000_0174" 10021
"/Engine/EngineMaterials/Substrate/Glints2/dict_0000_0175" 10022
"/Engine/EngineMaterials/Substrate/Glints2/dict_0000_0176" 10023
"/Engine/EngineMaterials/Substrate/Glints2/dict_0000_0177" 10024
"/Engine/EngineMaterials/Substrate/Glints2/dict_0000_0178" 10025
"/Engine/EngineMaterials/Substrate/Glints2/dict_0000_0179" 10026
"/Engine/EngineMaterials/Substrate/Glints2/dict_0000_0180" 10027
"/Engine/EngineMaterials/Substrate/Glints2/dict_0000_0181" 10028
"/Engine/EngineMaterials/Substrate/Glints2/dict_0000_0166" 10029
"/Engine/EngineMaterials/Substrate/Glints2/dict_0000_0169" 10030
"/Engine/EngineMaterials/Substrate/Glints2/dict_0000_0170" 10031
"../../../Engine/Content/EngineMaterials/Substrate/Glints2/dict_0000_0149.uasset" 10032
"../../../Engine/Content/EngineMaterials/Substrate/Glints2/dict_0000_0148.uasset" 10033
"../../../Engine/Content/EngineMaterials/Substrate/Glints2/dict_0000_0146.uasset" 10034
"../../../Engine/Content/EngineMaterials/Substrate/Glints2/dict_0000_0147.uasset" 10035
"../../../Engine/Content/EngineMaterials/Substrate/Glints2/dict_0000_0139.uasset" 10036
"/Engine/EngineMaterials/Substrate/Glints2/dict_0000_0150" 10037
"../../../Engine/Content/EngineMaterials/Substrate/Glints2/dict_0000_0143.uasset" 10038
"../../../Engine/Content/EngineMaterials/Substrate/Glints2/dict_0000_0138.uasset" 10039
"../../../Engine/Content/EngineMaterials/Substrate/Glints2/dict_0000_0137.uasset" 10040
"../../../Engine/Content/EngineMaterials/Substrate/Glints2/dict_0000_0142.uasset" 10041
"../../../Engine/Content/EngineMaterials/Substrate/Glints2/dict_0000_0145.uasset" 10042
"../../../Engine/Content/EngineMaterials/Substrate/Glints2/dict_0000_0144.uasset" 10043
"../../../Engine/Content/EngineMaterials/Substrate/Glints2/dict_0000_0136.uasset" 10044
"../../../Engine/Content/EngineMaterials/Substrate/Glints2/dict_0000_0141.uasset" 10045
"../../../Engine/Content/EngineMaterials/Substrate/Glints2/dict_0000_0140.uasset" 10046
"/Engine/EngineMaterials/Substrate/Glints2/dict_0000_0151" 10047
"/Engine/EngineMaterials/Substrate/Glints2/dict_0000_0152" 10048
"/Engine/EngineMaterials/Substrate/Glints2/dict_0000_0153" 10049
"/Engine/EngineMaterials/Substrate/Glints2/dict_0000_0154" 10050
"/Engine/EngineMaterials/Substrate/Glints2/dict_0000_0155" 10051
"/Engine/EngineMaterials/Substrate/Glints2/dict_0000_0156" 10052
"/Engine/EngineMaterials/Substrate/Glints2/dict_0000_0157" 10053
"/Engine/EngineMaterials/Substrate/Glints2/dict_0000_0158" 10054
"/Engine/EngineMaterials/Substrate/Glints2/dict_0000_0159" 10055
"/Engine/EngineMaterials/Substrate/Glints2/dict_0000_0160" 10056
"/Engine/EngineMaterials/Substrate/Glints2/dict_0000_0161" 10057
"/Engine/EngineMaterials/Substrate/Glints2/dict_0000_0162" 10058
"/Engine/EngineMaterials/Substrate/Glints2/dict_0000_0163" 10059
"/Engine/EngineMaterials/Substrate/Glints2/dict_0000_0164" 10060
"/Engine/EngineMaterials/Substrate/Glints2/dict_0000_0165" 10061
"/Engine/EngineMaterials/Substrate/Glints2/dict_0000_0167" 10062
"/Engine/EngineMaterials/Substrate/Glints2/dict_0000_0168" 10063
"/Engine/EngineMaterials/Substrate/Glints2/dict_0000_0148" 10064
"/Engine/EngineMaterials/Substrate/Glints2/dict_0000_0149" 10065
"../../../Engine/Content/EngineMaterials/Substrate/Glints2/dict_0000_0135.uasset" 10066
"../../../Engine/Content/EngineMaterials/Substrate/Glints2/dict_0000_0132.uasset" 10067
"../../../Engine/Content/EngineMaterials/Substrate/Glints2/dict_0000_0133.uasset" 10068
"../../../Engine/Content/EngineMaterials/Substrate/Glints2/dict_0000_0128.uasset" 10069
"../../../Engine/Content/EngineMaterials/Substrate/Glints2/dict_0000_0131.uasset" 10070
"../../../Engine/Content/EngineMaterials/Substrate/Glints2/dict_0000_0123.uasset" 10071
"../../../Engine/Content/EngineMaterials/Substrate/Glints2/dict_0000_0127.uasset" 10072
"../../../Engine/Content/EngineMaterials/Substrate/Glints2/dict_0000_0122.uasset" 10073
"/Engine/EngineMaterials/Substrate/Glints2/dict_0000_0136" 10074
"../../../Engine/Content/EngineMaterials/Substrate/Glints2/dict_0000_0117.uasset" 10075
"../../../Engine/Content/EngineMaterials/Substrate/Glints2/dict_0000_0125.uasset" 10076
"../../../Engine/Content/EngineMaterials/Substrate/Glints2/dict_0000_0130.uasset" 10077
"../../../Engine/Content/EngineMaterials/Substrate/Glints2/dict_0000_0121.uasset" 10078
"../../../Engine/Content/EngineMaterials/Substrate/Glints2/dict_0000_0120.uasset" 10079
"../../../Engine/Content/EngineMaterials/Substrate/Glints2/dict_0000_0129.uasset" 10080
"../../../Engine/Content/EngineMaterials/Substrate/Glints2/dict_0000_0118.uasset" 10081
"../../../Engine/Content/EngineMaterials/Substrate/Glints2/dict_0000_0126.uasset" 10082
"../../../Engine/Content/EngineMaterials/Substrate/Glints2/dict_0000_0119.uasset" 10083
"../../../Engine/Content/EngineMaterials/Substrate/Glints2/dict_0000_0134.uasset" 10084
"/Engine/EngineMaterials/Substrate/Glints2/dict_0000_0137" 10085
"../../../Engine/Content/EngineMaterials/Substrate/Glints2/dict_0000_0116.uasset" 10086
"../../../Engine/Content/EngineMaterials/Substrate/Glints2/dict_0000_0124.uasset" 10087
"/Engine/EngineMaterials/Substrate/Glints2/dict_0000_0138" 10088
"/Engine/EngineMaterials/Substrate/Glints2/dict_0000_0139" 10089
"/Engine/EngineMaterials/Substrate/Glints2/dict_0000_0140" 10090
"/Engine/EngineMaterials/Substrate/Glints2/dict_0000_0141" 10091
"/Engine/EngineMaterials/Substrate/Glints2/dict_0000_0142" 10092
"/Engine/EngineMaterials/Substrate/Glints2/dict_0000_0143" 10093
"/Engine/EngineMaterials/Substrate/Glints2/dict_0000_0144" 10094
"/Engine/EngineMaterials/Substrate/Glints2/dict_0000_0145" 10095
"/Engine/EngineMaterials/Substrate/Glints2/dict_0000_0146" 10096
"/Engine/EngineMaterials/Substrate/Glints2/dict_0000_0147" 10097
"/Engine/EngineMaterials/Substrate/Glints2/dict_0000_0132" 10098
"/Engine/EngineMaterials/Substrate/Glints2/dict_0000_0133" 10099
"/Engine/EngineMaterials/Substrate/Glints2/dict_0000_0135" 10100
"../../../Engine/Content/EngineMaterials/Substrate/Glints2/dict_0000_0115.uasset" 10101
"../../../Engine/Content/EngineMaterials/Substrate/Glints2/dict_0000_0114.uasset" 10102
"../../../Engine/Content/EngineMaterials/Substrate/Glints2/dict_0000_0113.uasset" 10103
"../../../Engine/Content/EngineMaterials/Substrate/Glints2/dict_0000_0105.uasset" 10104
"../../../Engine/Content/EngineMaterials/Substrate/Glints2/dict_0000_0107.uasset" 10105
"../../../Engine/Content/EngineMaterials/Substrate/Glints2/dict_0000_0111.uasset" 10106
"../../../Engine/Content/EngineMaterials/Substrate/Glints2/dict_0000_0101.uasset" 10107
"/Engine/EngineMaterials/Substrate/Glints2/dict_0000_0116" 10108
"../../../Engine/Content/EngineMaterials/Substrate/Glints2/dict_0000_0104.uasset" 10109
"../../../Engine/Content/EngineMaterials/Substrate/Glints2/dict_0000_0110.uasset" 10110
"../../../Engine/Content/EngineMaterials/Substrate/Glints2/dict_0000_0108.uasset" 10111
"../../../Engine/Content/EngineMaterials/Substrate/Glints2/dict_0000_0109.uasset" 10112
"../../../Engine/Content/EngineMaterials/Substrate/Glints2/dict_0000_0112.uasset" 10113
"../../../Engine/Content/EngineMaterials/Substrate/Glints2/dict_0000_0106.uasset" 10114
"../../../Engine/Content/EngineMaterials/Substrate/Glints2/dict_0000_0102.uasset" 10115
"../../../Engine/Content/EngineMaterials/Substrate/Glints2/dict_0000_0103.uasset" 10116
"/Engine/EngineMaterials/Substrate/Glints2/dict_0000_0117" 10117
"/Engine/EngineMaterials/Substrate/Glints2/dict_0000_0118" 10118
"/Engine/EngineMaterials/Substrate/Glints2/dict_0000_0119" 10119
"/Engine/EngineMaterials/Substrate/Glints2/dict_0000_0120" 10120
"/Engine/EngineMaterials/Substrate/Glints2/dict_0000_0121" 10121
"/Engine/EngineMaterials/Substrate/Glints2/dict_0000_0122" 10122
"/Engine/EngineMaterials/Substrate/Glints2/dict_0000_0123" 10123
"/Engine/EngineMaterials/Substrate/Glints2/dict_0000_0124" 10124
"/Engine/EngineMaterials/Substrate/Glints2/dict_0000_0125" 10125
"/Engine/EngineMaterials/Substrate/Glints2/dict_0000_0126" 10126
"/Engine/EngineMaterials/Substrate/Glints2/dict_0000_0127" 10127
"/Engine/EngineMaterials/Substrate/Glints2/dict_0000_0128" 10128
"/Engine/EngineMaterials/Substrate/Glints2/dict_0000_0129" 10129
"/Engine/EngineMaterials/Substrate/Glints2/dict_0000_0130" 10130
"/Engine/EngineMaterials/Substrate/Glints2/dict_0000_0131" 10131
"/Engine/EngineMaterials/Substrate/Glints2/dict_0000_0113" 10132
"/Engine/EngineMaterials/Substrate/Glints2/dict_0000_0114" 10133
"/Engine/EngineMaterials/Substrate/Glints2/dict_0000_0134" 10134
"/Engine/EngineMaterials/Substrate/Glints2/dict_0000_0115" 10135
"../../../Engine/Content/EngineMaterials/Substrate/Glints2/dict_0000_0099.uasset" 10136
"../../../Engine/Content/EngineMaterials/Substrate/Glints2/dict_0000_0098.uasset" 10137
"../../../Engine/Content/EngineMaterials/Substrate/Glints2/dict_0000_0100.uasset" 10138
"../../../Engine/Content/EngineMaterials/Substrate/Glints2/dict_0000_0094.uasset" 10139
"../../../Engine/Content/EngineMaterials/Substrate/Glints2/dict_0000_0090.uasset" 10140
"../../../Engine/Content/EngineMaterials/Substrate/Glints2/dict_0000_0086.uasset" 10141
"../../../Engine/Content/EngineMaterials/Substrate/Glints2/dict_0000_0088.uasset" 10142
"../../../Engine/Content/EngineMaterials/Substrate/Glints2/dict_0000_0084.uasset" 10143
"../../../Engine/Content/EngineMaterials/Substrate/Glints2/dict_0000_0093.uasset" 10144
"../../../Engine/Content/EngineMaterials/Substrate/Glints2/dict_0000_0081.uasset" 10145
"../../../Engine/Content/EngineMaterials/Substrate/Glints2/dict_0000_0083.uasset" 10146
"../../../Engine/Content/EngineMaterials/Substrate/Glints2/dict_0000_0092.uasset" 10147
"../../../Engine/Content/EngineMaterials/Substrate/Glints2/dict_0000_0097.uasset" 10148
"../../../Engine/Content/EngineMaterials/Substrate/Glints2/dict_0000_0089.uasset" 10149
"../../../Engine/Content/EngineMaterials/Substrate/Glints2/dict_0000_0087.uasset" 10150
"../../../Engine/Content/EngineMaterials/Substrate/Glints2/dict_0000_0095.uasset" 10151
"../../../Engine/Content/EngineMaterials/Substrate/Glints2/dict_0000_0085.uasset" 10152
"../../../Engine/Content/EngineMaterials/Substrate/Glints2/dict_0000_0082.uasset" 10153
"../../../Engine/Content/EngineMaterials/Substrate/Glints2/dict_0000_0096.uasset" 10154
"/Engine/EngineMaterials/Substrate/Glints2/dict_0000_0101" 10155
"../../../Engine/Content/EngineMaterials/Substrate/Glints2/dict_0000_0091.uasset" 10156
"/Engine/EngineMaterials/Substrate/Glints2/dict_0000_0102" 10157
"/Engine/EngineMaterials/Substrate/Glints2/dict_0000_0103" 10158
"/Engine/EngineMaterials/Substrate/Glints2/dict_0000_0104" 10159
"/Engine/EngineMaterials/Substrate/Glints2/dict_0000_0105" 10160
"/Engine/EngineMaterials/Substrate/Glints2/dict_0000_0106" 10161
"/Engine/EngineMaterials/Substrate/Glints2/dict_0000_0107" 10162
"/Engine/EngineMaterials/Substrate/Glints2/dict_0000_0108" 10163
"/Engine/EngineMaterials/Substrate/Glints2/dict_0000_0109" 10164
"/Engine/EngineMaterials/Substrate/Glints2/dict_0000_0110" 10165
"/Engine/EngineMaterials/Substrate/Glints2/dict_0000_0111" 10166
"/Engine/EngineMaterials/Substrate/Glints2/dict_0000_0094" 10167
"/Engine/EngineMaterials/Substrate/Glints2/dict_0000_0112" 10168
"/Engine/EngineMaterials/Substrate/Glints2/dict_0000_0098" 10169
"/Engine/EngineMaterials/Substrate/Glints2/dict_0000_0099" 10170
"/Engine/EngineMaterials/Substrate/Glints2/dict_0000_0100" 10171
"../../../Engine/Content/EngineMaterials/Substrate/Glints2/dict_0000_0080.uasset" 10172
"../../../Engine/Content/EngineMaterials/Substrate/Glints2/dict_0000_0079.uasset" 10173
"../../../Engine/Content/EngineMaterials/Substrate/Glints2/dict_0000_0078.uasset" 10174
"../../../Engine/Content/EngineMaterials/Substrate/Glints2/dict_0000_0076.uasset" 10175
"../../../Engine/Content/EngineMaterials/Substrate/Glints2/dict_0000_0071.uasset" 10176
"../../../Engine/Content/EngineMaterials/Substrate/Glints2/dict_0000_0069.uasset" 10177
"../../../Engine/Content/EngineMaterials/Substrate/Glints2/dict_0000_0077.uasset" 10178
"../../../Engine/Content/EngineMaterials/Substrate/Glints2/dict_0000_0067.uasset" 10179
"../../../Engine/Content/EngineMaterials/Substrate/Glints2/dict_0000_0065.uasset" 10180
"/Engine/EngineMaterials/Substrate/Glints2/dict_0000_0081" 10181
"../../../Engine/Content/EngineMaterials/Substrate/Glints2/dict_0000_0072.uasset" 10182
"../../../Engine/Content/EngineMaterials/Substrate/Glints2/dict_0000_0070.uasset" 10183
"../../../Engine/Content/EngineMaterials/Substrate/Glints2/dict_0000_0075.uasset" 10184
"../../../Engine/Content/EngineMaterials/Substrate/Glints2/dict_0000_0074.uasset" 10185
"../../../Engine/Content/EngineMaterials/Substrate/Glints2/dict_0000_0068.uasset" 10186
"../../../Engine/Content/EngineMaterials/Substrate/Glints2/dict_0000_0066.uasset" 10187
"../../../Engine/Content/EngineMaterials/Substrate/Glints2/dict_0000_0073.uasset" 10188
"/Engine/EngineMaterials/Substrate/Glints2/dict_0000_0082" 10189
"/Engine/EngineMaterials/Substrate/Glints2/dict_0000_0083" 10190
"/Engine/EngineMaterials/Substrate/Glints2/dict_0000_0084" 10191
"/Engine/EngineMaterials/Substrate/Glints2/dict_0000_0085" 10192
"/Engine/EngineMaterials/Substrate/Glints2/dict_0000_0086" 10193
"/Engine/EngineMaterials/Substrate/Glints2/dict_0000_0087" 10194
"/Engine/EngineMaterials/Substrate/Glints2/dict_0000_0088" 10195
"/Engine/EngineMaterials/Substrate/Glints2/dict_0000_0089" 10196
"/Engine/EngineMaterials/Substrate/Glints2/dict_0000_0090" 10197
"/Engine/EngineMaterials/Substrate/Glints2/dict_0000_0091" 10198
"/Engine/EngineMaterials/Substrate/Glints2/dict_0000_0092" 10199
"/Engine/EngineMaterials/Substrate/Glints2/dict_0000_0093" 10200
"/Engine/EngineMaterials/Substrate/Glints2/dict_0000_0095" 10201
"/Engine/EngineMaterials/Substrate/Glints2/dict_0000_0096" 10202
"/Engine/EngineMaterials/Substrate/Glints2/dict_0000_0097" 10203
"/Engine/EngineMaterials/Substrate/Glints2/dict_0000_0079" 10204
"/Engine/EngineMaterials/Substrate/Glints2/dict_0000_0080" 10205
"../../../Engine/Content/EngineMaterials/Substrate/Glints2/dict_0000_0062.uasset" 10206
"../../../Engine/Content/EngineMaterials/Substrate/Glints2/dict_0000_0064.uasset" 10207
"../../../Engine/Content/EngineMaterials/Substrate/Glints2/dict_0000_0060.uasset" 10208
"../../../Engine/Content/EngineMaterials/Substrate/Glints2/dict_0000_0061.uasset" 10209
"../../../Engine/Content/EngineMaterials/Substrate/Glints2/dict_0000_0056.uasset" 10210
"../../../Engine/Content/EngineMaterials/Substrate/Glints2/dict_0000_0059.uasset" 10211
"../../../Engine/Content/EngineMaterials/Substrate/Glints2/dict_0000_0053.uasset" 10212
"../../../Engine/Content/EngineMaterials/Substrate/Glints2/dict_0000_0052.uasset" 10213
"../../../Engine/Content/EngineMaterials/Substrate/Glints2/dict_0000_0048.uasset" 10214
"../../../Engine/Content/EngineMaterials/Substrate/Glints2/dict_0000_0057.uasset" 10215
"../../../Engine/Content/EngineMaterials/Substrate/Glints2/dict_0000_0047.uasset" 10216
"../../../Engine/Content/EngineMaterials/Substrate/Glints2/dict_0000_0063.uasset" 10217
"../../../Engine/Content/EngineMaterials/Substrate/Glints2/dict_0000_0055.uasset" 10218
"../../../Engine/Content/EngineMaterials/Substrate/Glints2/dict_0000_0058.uasset" 10219
"../../../Engine/Content/EngineMaterials/Substrate/Glints2/dict_0000_0051.uasset" 10220
"../../../Engine/Content/EngineMaterials/Substrate/Glints2/dict_0000_0050.uasset" 10221
"../../../Engine/Content/EngineMaterials/Substrate/Glints2/dict_0000_0054.uasset" 10222
"../../../Engine/Content/EngineMaterials/Substrate/Glints2/dict_0000_0049.uasset" 10223
"/Engine/EngineMaterials/Substrate/Glints2/dict_0000_0065" 10224
"/Engine/EngineMaterials/Substrate/Glints2/dict_0000_0066" 10225
"/Engine/EngineMaterials/Substrate/Glints2/dict_0000_0067" 10226
"/Engine/EngineMaterials/Substrate/Glints2/dict_0000_0068" 10227
"/Engine/EngineMaterials/Substrate/Glints2/dict_0000_0069" 10228
"/Engine/EngineMaterials/Substrate/Glints2/dict_0000_0070" 10229
"/Engine/EngineMaterials/Substrate/Glints2/dict_0000_0071" 10230
"/Engine/EngineMaterials/Substrate/Glints2/dict_0000_0072" 10231
"/Engine/EngineMaterials/Substrate/Glints2/dict_0000_0073" 10232
"/Engine/EngineMaterials/Substrate/Glints2/dict_0000_0074" 10233
"/Engine/EngineMaterials/Substrate/Glints2/dict_0000_0075" 10234
"/Engine/EngineMaterials/Substrate/Glints2/dict_0000_0076" 10235
"/Engine/EngineMaterials/Substrate/Glints2/dict_0000_0060" 10236
"/Engine/EngineMaterials/Substrate/Glints2/dict_0000_0061" 10237
"/Engine/EngineMaterials/Substrate/Glints2/dict_0000_0077" 10238
"/Engine/EngineMaterials/Substrate/Glints2/dict_0000_0062" 10239
"/Engine/EngineMaterials/Substrate/Glints2/dict_0000_0078" 10240
"/Engine/EngineMaterials/Substrate/Glints2/dict_0000_0064" 10241
"../../../Engine/Content/EngineMaterials/Substrate/Glints2/dict_0000_0044.uasset" 10242
"../../../Engine/Content/EngineMaterials/Substrate/Glints2/dict_0000_0045.uasset" 10243
"../../../Engine/Content/EngineMaterials/Substrate/Glints2/dict_0000_0046.uasset" 10244
"../../../Engine/Content/EngineMaterials/Substrate/Glints2/dict_0000_0041.uasset" 10245
"../../../Engine/Content/EngineMaterials/Substrate/Glints2/dict_0000_0035.uasset" 10246
"../../../Engine/Content/EngineMaterials/Substrate/Glints2/dict_0000_0036.uasset" 10247
"../../../Engine/Content/EngineMaterials/Substrate/Glints2/dict_0000_0038.uasset" 10248
"../../../Engine/Content/EngineMaterials/Substrate/Glints2/dict_0000_0037.uasset" 10249
"../../../Engine/Content/EngineMaterials/Substrate/Glints2/dict_0000_0030.uasset" 10250
"../../../Engine/Content/EngineMaterials/Substrate/Glints2/dict_0000_0031.uasset" 10251
"../../../Engine/Content/EngineMaterials/Substrate/Glints2/dict_0000_0043.uasset" 10252
"../../../Engine/Content/EngineMaterials/Substrate/Glints2/dict_0000_0034.uasset" 10253
"../../../Engine/Content/EngineMaterials/Substrate/Glints2/dict_0000_0033.uasset" 10254
"../../../Engine/Content/EngineMaterials/Substrate/Glints2/dict_0000_0029.uasset" 10255
"../../../Engine/Content/EngineMaterials/Substrate/Glints2/dict_0000_0032.uasset" 10256
"/Engine/EngineMaterials/Substrate/Glints2/dict_0000_0047" 10257
"../../../Engine/Content/EngineMaterials/Substrate/Glints2/dict_0000_0039.uasset" 10258
"../../../Engine/Content/EngineMaterials/Substrate/Glints2/dict_0000_0042.uasset" 10259
"../../../Engine/Content/EngineMaterials/Substrate/Glints2/dict_0000_0040.uasset" 10260
"/Engine/EngineMaterials/Substrate/Glints2/dict_0000_0048" 10261
"/Engine/EngineMaterials/Substrate/Glints2/dict_0000_0049" 10262
"/Engine/EngineMaterials/Substrate/Glints2/dict_0000_0050" 10263
"/Engine/EngineMaterials/Substrate/Glints2/dict_0000_0051" 10264
"/Engine/EngineMaterials/Substrate/Glints2/dict_0000_0052" 10265
"/Engine/EngineMaterials/Substrate/Glints2/dict_0000_0053" 10266
"/Engine/EngineMaterials/Substrate/Glints2/dict_0000_0054" 10267
"/Engine/EngineMaterials/Substrate/Glints2/dict_0000_0055" 10268
"/Engine/EngineMaterials/Substrate/Glints2/dict_0000_0056" 10269
"/Engine/EngineMaterials/Substrate/Glints2/dict_0000_0057" 10270
"/Engine/EngineMaterials/Substrate/Glints2/dict_0000_0058" 10271
"/Engine/EngineMaterials/Substrate/Glints2/dict_0000_0059" 10272
"/Engine/EngineMaterials/Substrate/Glints2/dict_0000_0044" 10273
"/Engine/EngineMaterials/Substrate/Glints2/dict_0000_0045" 10274
"/Engine/EngineMaterials/Substrate/Glints2/dict_0000_0063" 10275
"/Engine/EngineMaterials/Substrate/Glints2/dict_0000_0046" 10276
"../../../Engine/Content/EngineMaterials/Substrate/Glints2/dict_0000_0028.uasset" 10277
"../../../Engine/Content/EngineMaterials/Substrate/Glints2/dict_0000_0026.uasset" 10278
"../../../Engine/Content/EngineMaterials/Substrate/Glints2/dict_0000_0027.uasset" 10279
"../../../Engine/Content/EngineMaterials/Substrate/Glints2/dict_0000_0025.uasset" 10280
"../../../Engine/Content/EngineMaterials/Substrate/Glints2/dict_0000_0016.uasset" 10281
"../../../Engine/Content/EngineMaterials/Substrate/Glints2/dict_0000_0023.uasset" 10282
"../../../Engine/Content/EngineMaterials/Substrate/Glints2/dict_0000_0014.uasset" 10283
"../../../Engine/Content/EngineMaterials/Substrate/Glints2/dict_0000_0024.uasset" 10284
"../../../Engine/Content/EngineMaterials/Substrate/Glints2/dict_0000_0015.uasset" 10285
"../../../Engine/Content/EngineMaterials/Substrate/Glints2/dict_0000_0018.uasset" 10286
"../../../Engine/Content/EngineMaterials/Substrate/Glints2/dict_0000_0013.uasset" 10287
"../../../Engine/Content/EngineMaterials/Substrate/Glints2/dict_0000_0022.uasset" 10288
"../../../Engine/Content/EngineMaterials/Substrate/Glints2/dict_0000_0017.uasset" 10289
"../../../Engine/Content/EngineMaterials/Substrate/Glints2/dict_0000_0020.uasset" 10290
"../../../Engine/Content/EngineMaterials/Substrate/Glints2/dict_0000_0012.uasset" 10291
"../../../Engine/Content/EngineMaterials/Substrate/Glints2/dict_0000_0021.uasset" 10292
"../../../Engine/Content/EngineMaterials/Substrate/Glints2/dict_0000_0019.uasset" 10293
"/Engine/EngineMaterials/Substrate/Glints2/dict_0000_0029" 10294
"/Engine/EngineMaterials/Substrate/Glints2/dict_0000_0030" 10295
"/Engine/EngineMaterials/Substrate/Glints2/dict_0000_0031" 10296
"/Engine/EngineMaterials/Substrate/Glints2/dict_0000_0032" 10297
"/Engine/EngineMaterials/Substrate/Glints2/dict_0000_0033" 10298
"/Engine/EngineMaterials/Substrate/Glints2/dict_0000_0034" 10299
"/Engine/EngineMaterials/Substrate/Glints2/dict_0000_0035" 10300
"/Engine/EngineMaterials/Substrate/Glints2/dict_0000_0036" 10301
"/Engine/EngineMaterials/Substrate/Glints2/dict_0000_0037" 10302
"/Engine/EngineMaterials/Substrate/Glints2/dict_0000_0038" 10303
"/Engine/EngineMaterials/Substrate/Glints2/dict_0000_0039" 10304
"/Engine/EngineMaterials/Substrate/Glints2/dict_0000_0040" 10305
"/Engine/EngineMaterials/Substrate/Glints2/dict_0000_0041" 10306
"/Engine/EngineMaterials/Substrate/Glints2/dict_0000_0042" 10307
"/Engine/EngineMaterials/Substrate/Glints2/dict_0000_0043" 10308
"/Engine/EngineMaterials/Substrate/Glints2/dict_0000_0025" 10309
"/Engine/EngineMaterials/Substrate/Glints2/dict_0000_0026" 10310
"/Engine/EngineMaterials/Substrate/Glints2/dict_0000_0027" 10311
"/Engine/EngineMaterials/Substrate/Glints2/dict_0000_0028" 10312
"../../../Engine/Content/EngineMaterials/Substrate/Glints2/dict_0000_0010.uasset" 10313
"../../../Engine/Content/EngineMaterials/Substrate/Glints2/dict_0000_0009.uasset" 10314
"../../../Engine/Content/EngineMaterials/Substrate/Glints2/dict_0000_0011.uasset" 10315
"../../../Engine/Content/EngineMaterials/Substrate/Glints2/dict_0000_0007.uasset" 10316
"../../../Engine/Content/EngineMaterials/Substrate/Glints2/dict_0000_0004.uasset" 10317
"../../../Engine/Content/EngineMaterials/Substrate/Glints2/dict_0000_0003.uasset" 10318
"../../../Engine/Content/EngineMaterials/Substrate/Glints2/dict_0000_0008.uasset" 10319
"../../../Engine/Content/EngineMaterials/Substrate/Volume/SubstrateSimpleVolumeEnvLUT3D.uasset" 10320
"/Engine/EngineMaterials/Substrate/Glints2/dict_0000_0012" 10321
"../../../Engine/Content/MobileResources/HUD/VirtualJoystick_Thumb.uasset" 10322
"../../../Engine/Content/EngineMaterials/Substrate/Glints2/dict_0000_0002.uasset" 10323
"../../../Engine/Content/EngineMaterials/Substrate/Glints2/dict_0000_0005.uasset" 10324
"../../../Engine/Content/EngineMaterials/Substrate/Glints2/AGlintTex2dArray2.uasset" 10325
"../../../Engine/Content/EngineMaterials/Substrate/Volume/SubstrateSimpleVolumeEnvLUT2D.uasset" 10326
"../../../Engine/Content/EngineMaterials/Substrate/Volume/SubstrateSimpleVolumeLUT3D.uasset" 10327
"../../../Engine/Content/EngineMaterials/Substrate/Glints2/dict_0000_0001.uasset" 10328
"../../../Engine/Content/MobileResources/HUD/VirtualJoystick_Background.uasset" 10329
"../../../Engine/Content/EngineMaterials/Substrate/Glints2/dict_0000_0006.uasset" 10330
"../../../Engine/Content/EngineMaterials/Substrate/Volume/SubstrateSimpleVolumeLUT2D.uasset" 10331
"../../../Engine/Content/EngineMaterials/Substrate/Glints2/dict_0000_0000.uasset" 10332
"/Engine/EngineMaterials/Substrate/Glints2/dict_0000_0013" 10333
"/Engine/EngineMaterials/Substrate/Glints2/dict_0000_0014" 10334
"/Engine/EngineMaterials/Substrate/Glints2/dict_0000_0015" 10335
"/Engine/EngineMaterials/Substrate/Glints2/dict_0000_0016" 10336
"/Engine/EngineMaterials/Substrate/Glints2/dict_0000_0017" 10337
"/Engine/EngineMaterials/Substrate/Glints2/dict_0000_0018" 10338
"/Engine/EngineMaterials/Substrate/Glints2/dict_0000_0019" 10339
"/Engine/EngineMaterials/Substrate/Glints2/dict_0000_0020" 10340
"/Engine/EngineMaterials/Substrate/Glints2/dict_0000_0021" 10341
"/Engine/EngineMaterials/Substrate/Glints2/dict_0000_0022" 10342
"/Engine/EngineMaterials/Substrate/Glints2/dict_0000_0023" 10343
"/Engine/EngineMaterials/Substrate/Glints2/dict_0000_0024" 10344
"/Engine/EngineMaterials/Substrate/Glints2/dict_0000_0007" 10345
"/Engine/EngineMaterials/Substrate/Glints2/dict_0000_0009" 10346
"/Engine/EngineMaterials/Substrate/Glints2/dict_0000_0010" 10347
"/Engine/EngineMaterials/Substrate/Glints2/dict_0000_0011" 10348
"../../../Engine/Content/EngineMaterials/PPM_DefaultCalibrationColor.uasset" 10349
"../../../Engine/Content/EngineMaterials/DefaultCalibrationColor.uasset" 10350
"../../../Engine/Content/MobileResources/HUD/DefaultVirtualJoysticks.uasset" 10351
"../../../Engine/Content/EngineMaterials/PPM_DefaultCalibrationGrayscale.uasset" 10352
"../../../Engine/Content/Functions/Engine_MaterialFunctions03/Procedurals/HeightToNormalSmooth.uasset" 10353
"../../../Engine/Plugins/Interchange/Assets/Content/Functions/MX_Surface.uasset" 10354
"../../../Engine/Plugins/NNE/NNEDenoiser/Content/NNEDIM_ColorAlbedoNormal_Default.uasset" 10355
"../../../Engine/Plugins/NNE/NNEDenoiser/Content/NNEDIM_HighQuality_Alpha.uasset" 10356
"../../../Engine/Content/Functions/MaterialLayerFunctions/MatLayerBlend_OverrideOpacity.uasset" 10357
"../../../Engine/Plugins/NNE/NNEDenoiser/Content/NNEDIM_HighQuality_Default.uasset" 10358
"../../../Engine/Content/Functions/Engine_MaterialFunctions02/Utility/BlendAngleCorrectedNormals.uasset" 10359
"/Engine/MobileResources/HUD/VirtualJoystick_Background" 10360
"C:/Users/Antonio/Documents/Unreal Projects/MC/Plugins/glTFRuntime/Content/T_glTFRuntimeZero_sRGB.uasset" 10361
"../../../Engine/Plugins/Interchange/Assets/Content/Functions/MX_Displacement.uasset" 10362
"../../../Engine/Plugins/NNE/NNEDenoiser/Content/NNEDIM_ColorAlbedoNormal_Alpha.uasset" 10363
"C:/Users/Antonio/Documents/Unreal Projects/MC/Plugins/glTFRuntime/Content/T_glTFRuntimeZero.uasset" 10364
"../../../Engine/Content/EngineMaterials/DefaultCalibrationGrayscale.uasset" 10365
"/Engine/MobileResources/HUD/VirtualJoystick_Thumb" 10366
"/Engine/EngineMaterials/Substrate/Volume/SubstrateSimpleVolumeEnvLUT3D" 10367
"/Engine/EngineMaterials/Substrate/Volume/SubstrateSimpleVolumeLUT3D" 10368
"/Engine/EngineMaterials/Substrate/Glints2/AGlintTex2dArray2" 10369
"/Engine/EngineMaterials/PPM_DefaultCalibrationColor" 10370
"/Engine/MobileResources/HUD/DefaultVirtualJoysticks" 10371
"/NNEDenoiser/NNEDIM_HighQuality_Default" 10372
"/NNEDenoiser/NNEDIM_HighQuality_Alpha" 10373
"/NNEDenoiser/NNEDIM_ColorAlbedoNormal_Default" 10374
"/NNEDenoiser/NNEDIM_ColorAlbedoNormal_Alpha" 10375
"/glTFRuntime/T_glTFRuntimeZero_sRGB" 10376
"/glTFRuntime/T_glTFRuntimeZero" 10377
"/InterchangeAssets/Functions/MX_Displacement" 10378
"/InterchangeAssets/Functions/MX_Surface" 10379
"/Engine/EngineMaterials/PPM_DefaultCalibrationGrayscale" 10380
"../../../Engine/Plugins/NNE/NNEDenoiser/Content/NNEDOM_Output_Alpha.uasset" 10381
"../../../Engine/Plugins/NNE/NNEDenoiser/Content/NNEDOM_Output_Default.uasset" 10382
"../../../Engine/Plugins/NNE/NNEDenoiser/Content/NNEDTIM_ColorAlbedoNormal_Default.uasset" 10383
"../../../Engine/Plugins/NNE/NNEDenoiser/Content/NNEDTIM_ColorAlbedoNormal_Alpha.uasset" 10384
"../../../Engine/Plugins/NNE/NNEDenoiser/Content/NNED_Oidn2-3_Balanced_Alpha.uasset" 10385
"../../../Engine/Plugins/NNE/NNEDenoiser/Content/NNEDT_Oidn2-3_Balanced.uasset" 10386
"../../../Engine/Plugins/NNE/NNEDenoiser/Content/NNED_Oidn2-3_Fast.uasset" 10387
"../../../Engine/Plugins/NNE/NNEDenoiser/Content/NNEDTOM_Output_Default.uasset" 10388
"../../../Engine/Plugins/NNE/NNEDenoiser/Content/NNE_oidn2-3-0_rt_hdr_alb_nrm__dyn__fp16_opset11_DenoiseAlpha.uasset" 10389
"../../../Engine/Plugins/NNE/NNEDenoiser/Content/NNEDTOM_Output_Alpha.uasset" 10390
"../../../Engine/Plugins/NNE/NNEDenoiser/Content/NNE_oidn2-3-0_rt_hdr_alb_nrm_small__dyn__fp16_opset11_DenoiseAlpha.uasset" 10391
"../../../Engine/Plugins/NNE/NNEDenoiser/Content/NNE_oidn2-3-0_rt_hdr_alb_nrm_small__dyn__fp16_opset11_ForwardAlpha.uasset" 10392
"../../../Engine/Plugins/NNE/NNEDenoiser/Content/NNED_Oidn2-3_Fast_Alpha.uasset" 10393
"../../../Engine/Plugins/NNE/NNEDenoiser/Content/NNED_Oidn2-3_Balanced.uasset" 10394
"../../../Engine/Plugins/NNE/NNEDenoiser/Content/NNED_Oidn2-3_HighQuality_Alpha.uasset" 10395
"../../../Engine/Plugins/NNE/NNEDenoiser/Content/NNED_Oidn2-3_HighQuality.uasset" 10396
"../../../Engine/Plugins/NNE/NNEDenoiser/Content/NNEDT_Oidn2-3_Balanced_Alpha.uasset" 10397
"../../../Engine/Plugins/NNE/NNEDenoiser/Content/NNE_oidn2-3-0_rt_hdr_calb_cnrm_large__dyn__fp16_opset11_DenoiseAlpha.uasset" 10398
"../../../Engine/Plugins/NNE/NNEDenoiser/Content/NNE_oidn2-3-0_rt_hdr_calb_cnrm_large__dyn__fp16_opset11_ForwardAlpha.uasset" 10399
"../../../Engine/Plugins/NNE/NNEDenoiser/Content/NNE_oidn2-3-0_rt_hdr_alb_nrm__dyn__fp16_opset11_ForwardAlpha.uasset" 10400
"/NNEDenoiser/NNEDOM_Output_Default" 10401
"/NNEDenoiser/NNEDOM_Output_Alpha" 10402
"/NNEDenoiser/NNED_Oidn2-3_HighQuality" 10403
"/NNEDenoiser/NNED_Oidn2-3_Fast_Alpha" 10404
"/NNEDenoiser/NNED_Oidn2-3_Fast" 10405
"/NNEDenoiser/NNED_Oidn2-3_Balanced_Alpha" 10406
"/NNEDenoiser/NNED_Oidn2-3_Balanced" 10407
"/NNEDenoiser/NNEDT_Oidn2-3_Balanced_Alpha" 10408
"/NNEDenoiser/NNEDT_Oidn2-3_Balanced" 10409
"/NNEDenoiser/NNEDTOM_Output_Default" 10410
"/NNEDenoiser/NNEDTOM_Output_Alpha" 10411
"/NNEDenoiser/NNEDTIM_ColorAlbedoNormal_Default" 10412
"/NNEDenoiser/NNEDTIM_ColorAlbedoNormal_Alpha" 10413
"/NNEDenoiser/NNE_oidn2-3-0_rt_hdr_calb_cnrm_large__dyn__fp16_opset11_ForwardAlpha" 10414
"/NNEDenoiser/NNE_oidn2-3-0_rt_hdr_calb_cnrm_large__dyn__fp16_opset11_DenoiseAlpha" 10415
"/NNEDenoiser/NNE_oidn2-3-0_rt_hdr_alb_nrm__dyn__fp16_opset11_ForwardAlpha" 10416
"/NNEDenoiser/NNE_oidn2-3-0_rt_hdr_alb_nrm__dyn__fp16_opset11_DenoiseAlpha" 10417
"/NNEDenoiser/NNE_oidn2-3-0_rt_hdr_alb_nrm_small__dyn__fp16_opset11_ForwardAlpha" 10418
"/NNEDenoiser/NNE_oidn2-3-0_rt_hdr_alb_nrm_small__dyn__fp16_opset11_DenoiseAlpha" 10419
"/NNEDenoiser/NNED_Oidn2-3_HighQuality_Alpha" 10420
"C:/Users/Antonio/Documents/Unreal Projects/MC/Intermediate/ORTOptimizerPass_OptimizedA83401DE41E16D538AAD1AAC48ABF596.onnx" 10421
"C:/Users/Antonio/Documents/Unreal Projects/MC/Intermediate/ORTOptimizerPass_OptimizedEACDF4A34B68BD7F455AC595E4B417B8.onnx" 10422
"C:/Users/Antonio/Documents/Unreal Projects/MC/Intermediate/ORTOptimizerPass_Optimized720BF9164E758E0AE9BA6D97E5E4BAF8.onnx" 10423
"C:/Users/Antonio/Documents/Unreal Projects/MC/Intermediate/ORTOptimizerPass_Optimized10073801436414BCD9CDFF96E3810EC0.onnx" 10424
"C:/Users/Antonio/Documents/Unreal Projects/MC/Intermediate/ORTOptimizerPass_Optimized1660579348574E1ED7EAEB812CEEA828.onnx" 10425
"C:/Users/Antonio/Documents/Unreal Projects/MC/Intermediate/ORTOptimizerPass_OptimizedC33202E54069DFDA843CC9A383EC6798.onnx" 10426
"C:/Users/Antonio/Documents/Unreal Projects/MC/Intermediate/ORTOptimizerPass_OptimizedAD99DB82496BDBA1EC3FC8BD8439FC55.onnx" 10427
"C:/Users/Antonio/Documents/Unreal Projects/MC/Intermediate/ORTOptimizerPass_OptimizedF83C7A414C159DDA1447F6A9CD2755B1.onnx" 10428
"C:/Users/Antonio/Documents/Unreal Projects/MC/Intermediate/ORTOptimizerPass_Optimized0F90D23C4C5AA770120D6A94712A3D8C.onnx" 10429
"C:/Users/Antonio/Documents/Unreal Projects/MC/Intermediate/ORTOptimizerPass_Optimized6F4300B04D4474468F571ABD6E927B4B.onnx" 10430
"C:/Users/Antonio/Documents/Unreal Projects/MC/Intermediate/ORTOptimizerPass_Optimized3735F1DF470B6CED4AA357B0AB49ABD8.onnx" 10431
"C:/Users/Antonio/Documents/Unreal Projects/MC/Intermediate/ORTOptimizerPass_OptimizedBD5E1199463C1679B0C021BFB4CA2B92.onnx" 10432
"C:/Users/Antonio/Documents/Unreal Projects/MC/DerivedDataCache/VT/TEXTURE_7C16439390E24F1F9468894FB4D4BC55_VTCHUNKD2DAB16BFF152507817E734DBB935160EA97A322" 10433
"C:/Users/Antonio/Documents/Unreal Projects/MC/DerivedDataCache/VT/TEXTURE_7C16439390E24F1F9468894FB4D4BC55_VTCHUNK38740DBD4108040D6985AA56705D97D46F27920C" 10434
"C:/Users/Antonio/Documents/Unreal Projects/MC/DerivedDataCache/VT/TEXTURE_7C16439390E24F1F9468894FB4D4BC55_VTCHUNK84C05FFC339C0CEFE446DED1628C0AFB5362331E" 10435
"C:/Users/Antonio/Documents/Unreal Projects/MC/DerivedDataCache/VT/TEXTURE_7C16439390E24F1F9468894FB4D4BC55_VTCHUNKC0393DE8C5B4673D99D1BECB92AA8C1F72FEB491" 10436
"C:/Users/Antonio/Documents/Unreal Projects/MC/DerivedDataCache/VT/TEXTURE_7C16439390E24F1F9468894FB4D4BC55_VTCHUNK02D4C3BCAD7DFA48AB32B8281FB06B8B83DB6275" 10437
"../../../Engine/Content/EditorResources/BSPVertex.uasset" 10438
"../../../Engine/Content/EngineMaterials/DefaultBloomKernel.uasset" 10439
"../../../Engine/Content/EngineResources/FilmGrains/Marcie_Grain_v3_128_M2_000.uasset" 10440
"../../../Engine/Content/EngineResources/Development/ZenLogo_64.uasset" 10441
"../../../Engine/Content/EngineMaterials/SMAASearchTex.uasset" 10442
"../../../Engine/Plugins/Interchange/Runtime/Content/Pipelines/DefaultMaterialXPipeline.uasset" 10443
"../../../Engine/Content/EngineMaterials/FastBlueNoise_scalar_128x128x8.uasset" 10444
"../../../Engine/Plugins/Interchange/Runtime/Content/Pipelines/DefaultGLTFAssetsPipeline.uasset" 10445
"../../../Engine/Content/EngineMaterials/FastBlueNoise_vec2_128x128x64.uasset" 10446
"../../../Engine/Plugins/Interchange/Runtime/Content/Pipelines/DefaultTexturePipeline.uasset" 10447
"../../../Engine/Plugins/Interchange/Runtime/Content/Pipelines/DefaultSceneLevelPipeline.uasset" 10448
"../../../Engine/Plugins/Interchange/Runtime/Content/Pipelines/DefaultSceneAssetsPipeline.uasset" 10449
"../../../Engine/Plugins/Interchange/Runtime/Content/Pipelines/DefaultMaterialPipeline.uasset" 10450
"../../../Engine/Plugins/Interchange/Assets/Content/Functions/MX_SurfaceUnlit.uasset" 10451
"../../../Engine/Plugins/Interchange/Runtime/Content/Pipelines/DefaultAudioPipeline.uasset" 10452
"../../../Engine/Content/EngineSounds/Master.uasset" 10453
"../../../Engine/Plugins/Interchange/Assets/Content/Functions/MX_TranslucentBSDF.uasset" 10454
"../../../Engine/Plugins/Interchange/Assets/Content/Functions/MX_DielectricBSDF.uasset" 10455
"../../../Engine/Plugins/Interchange/Assets/Content/Functions/MX_BurleyDiffuseBSDF.uasset" 10456
"../../../Engine/Content/EngineMaterials/SMAAAreaTex.uasset" 10457
"../../../Engine/Plugins/Interchange/Assets/Content/Functions/MX_GeneralizedSchlickBSDF.uasset" 10458
"../../../Engine/Content/EngineMaterials/EnergyConservation/SheenLegacy_Energy.uasset" 10459
"../../../Engine/Plugins/Interchange/Assets/Content/Functions/MX_OrenNayarBSDF.uasset" 10460
"../../../Engine/Plugins/Interchange/Assets/Content/Substrate/MX_SimpleVolume.uasset" 10461
"../../../Engine/Content/EngineMaterials/FastBlueNoise_scalar_128x128x64.uasset" 10462
"../../../Engine/Plugins/Interchange/Runtime/Content/Pipelines/DefaultGLTFSceneAssetsPipeline.uasset" 10463
"../../../Engine/Content/EngineDebugMaterials/DebugEditorMaterial.uasset" 10464
"../../../Engine/Plugins/Interchange/Runtime/Content/Pipelines/DefaultGLTFPipeline.uasset" 10465
"../../../Engine/Plugins/Interchange/Assets/Content/Functions/MX_UsdPreviewSurface.uasset" 10466
"/Interchange/Pipelines/DefaultMaterialXPipeline" 10467
"../../../Engine/Plugins/Interchange/Assets/Content/Functions/MX_ConductorBSDF.uasset" 10468
"../../../Engine/Plugins/Interchange/Runtime/Content/Pipelines/DefaultAssetsPipeline.uasset" 10469
"../../../Engine/Plugins/Interchange/Assets/Content/Functions/MX_SubsurfaceBSDF.uasset" 10470
"/Engine/EngineMaterials/SMAASearchTex" 10471
"/Engine/EngineResources/Development/ZenLogo_64" 10472
"/Engine/EngineResources/FilmGrains/Marcie_Grain_v3_128_M2_000" 10473
"/Engine/EngineMaterials/DefaultBloomKernel" 10474
"/Engine/EditorResources/BSPVertex" 10475
"/InterchangeAssets/Functions/MX_SubsurfaceBSDF" 10476
"/Interchange/Pipelines/DefaultTexturePipeline" 10477
"/Interchange/Pipelines/DefaultMaterialPipeline" 10478
"/Interchange/Pipelines/DefaultGLTFPipeline" 10479
"/Interchange/Pipelines/DefaultGLTFAssetsPipeline" 10480
"/Interchange/Pipelines/DefaultAssetsPipeline" 10481
"/Engine/EngineSounds/Master" 10482
"/Engine/EngineMaterials/SMAAAreaTex" 10483
"/Engine/EngineMaterials/EnergyConservation/SheenLegacy_Energy" 10484
"/Engine/EngineMaterials/FastBlueNoise_vec2_128x128x64" 10485
"/InterchangeAssets/Functions/MX_GeneralizedSchlickBSDF" 10486
"/InterchangeAssets/Functions/MX_ConductorBSDF" 10487
"/InterchangeAssets/Functions/MX_DielectricBSDF" 10488
"/InterchangeAssets/Functions/MX_TranslucentBSDF" 10489
"/InterchangeAssets/Functions/MX_BurleyDiffuseBSDF" 10490
"/InterchangeAssets/Functions/MX_OrenNayarBSDF" 10491
"/InterchangeAssets/Substrate/MX_SimpleVolume" 10492
"/InterchangeAssets/Functions/MX_UsdPreviewSurface" 10493
"/InterchangeAssets/Functions/MX_SurfaceUnlit" 10494
"/Interchange/Pipelines/DefaultGLTFSceneAssetsPipeline" 10495
"/Interchange/Pipelines/DefaultSceneLevelPipeline" 10496
"/Interchange/Pipelines/DefaultSceneAssetsPipeline" 10497
"/Engine/EngineMaterials/FastBlueNoise_scalar_128x128x8" 10498
"/Engine/EngineMaterials/FastBlueNoise_scalar_128x128x64" 10499
"/Engine/EngineDebugMaterials/DebugEditorMaterial" 10500
"/Interchange/Pipelines/DefaultAudioPipeline" 10501
"../../../Engine/Plugins/Interchange/Assets/Content/Functions/MX_SheenBSDF.uasset" 10502
"../../../Engine/Plugins/Interchange/Assets/Content/Functions/MX_ChiangHairBSDF.uasset" 10503
"../../../Engine/Plugins/Interchange/Assets/Content/Functions/MX_UniformEDF.uasset" 10504
"../../../Engine/Plugins/Interchange/Assets/Content/Functions/MX_MeasuredEDF.uasset" 10505
"../../../Engine/Plugins/Interchange/Assets/Content/Functions/MX_AbsorptionVDF.uasset" 10506
"../../../Engine/Plugins/Interchange/Assets/Content/Functions/MX_ConicalEDF.uasset" 10507
"../../../Engine/Plugins/Animation/ControlRig/Content/Controls/ControlRigGizmoMaterial.uasset" 10508
"../../../Engine/Plugins/Interchange/Assets/Content/Functions/MX_AnisotropicVDF.uasset" 10509
"/ControlRig/Controls/ControlRigGizmoMaterial" 10510
"/InterchangeAssets/Functions/MX_AnisotropicVDF" 10511
"/InterchangeAssets/Functions/MX_AbsorptionVDF" 10512
"/InterchangeAssets/Functions/MX_MeasuredEDF" 10513
"/InterchangeAssets/Functions/MX_ConicalEDF" 10514
"/InterchangeAssets/Functions/MX_UniformEDF" 10515
"/InterchangeAssets/Functions/MX_ChiangHairBSDF" 10516
"/InterchangeAssets/Functions/MX_SheenBSDF" 10517
"C:/Users/Antonio/Documents/Unreal Projects/MC/Saved/Cooked/Windows/MC/Metadata/CookedSettings.txt" 10518
